team,games_played,avg_points_for,avg_points_against,avg_margin,adjusted_offense_rating,adjusted_defense_rating,adjusted_margin_rating,power_rating_v2,power_rank_v2,confidence_tier,shrinkage_multiplier
West Hartford 12U Gold,11,12.0,3.1818181818181817,8.818181818181818,5.917450491002822,2.7928959902344386,5.879647088315114,4.042257373216641,1,high,0.6875
Westfield 12U Red,11,10.727272727272727,2.3636363636363638,8.363636363636363,4.668047214744253,3.713812383516256,5.638434458480017,3.8764236902050113,2,high,0.6875
Suffield 12U,12,11.416666666666666,3.3333333333333335,8.083333333333334,5.336060824041881,2.6499420533109537,5.3063431642888546,3.7456539983215444,3,high,0.7058823529411765
RHAM 12U,10,9.3,3.2,6.1,3.215118091355952,2.7644407145426206,5.3680673780122286,3.5787115853414857,4,high,0.6666666666666666
Minnechaug 12U,12,10.5,4.166666666666667,6.333333333333333,4.4407744874715265,1.9107820804859525,3.8356112376613516,2.707490285408013,5,high,0.7058823529411765
West Springfield 12U,11,7.090909090909091,3.1818181818181817,3.909090909090909,1.031683578380617,2.8956305653344376,3.9132325533236694,2.6903473804100226,6,high,0.6875
Wolcott 12U,16,7.875,4.5625,3.3125,1.7997392398992924,1.4443187267713702,3.0445352775446586,2.3196459257483113,7,high,0.7619047619047619
Suffield 12U White,24,5.5,3.0833333333333335,2.4166666666666665,-0.16782824447972503,2.2325690705460066,2.3286852065165706,1.9271877571171618,8,high,0.8275862068965517
Minnechaug 12U White,10,5.9,3.3,2.6,0.4359529233105543,2.6619589977220954,2.724477980258162,1.8163186535054412,9,high,0.6666666666666666
West Hartford 12U Green,9,5.666666666666667,3.111111111111111,2.5555555555555554,-0.39255884586180684,2.966337636041508,2.55960516324981,1.6454604620891637,10,high,0.6428571428571429
Glastonbury 12U White,8,9.75,7.375,2.375,3.690774487471526,-1.2975512528473807,2.2539863325740317,1.3870685123532505,11,high,0.6153846153846154
Suffield Juniors 1 Blue,1,13.0,0.0,13.0,6.940774487471526,6.077448747152619,8.0,1.3333333333333333,12,very low,0.16666666666666666
Somers Juniors,1,8.0,1.0,7.0,1.9407744874715265,5.077448747152619,7.004555808656036,1.1674259681093393,13,very low,0.16666666666666666
Avon 12U B,7,4.714285714285714,2.857142857142857,1.8571428571428572,-1.344939798242759,3.220305890009762,1.8616986657988934,1.0859908883826879,14,high,0.5833333333333334
Avon 12U,5,6.8,4.2,2.6,0.7407744874715263,1.8774487471526193,2.003644646924829,1.0018223234624144,15,medium,0.5
Southington 12U Blue,12,8.75,7.25,1.5,2.690774487471526,-1.1725512528473807,1.087129840546697,0.7673857697976685,16,high,0.7058823529411765
Berkshire,1,9.0,5.0,4.0,2.9407744874715256,1.0774487471526193,4.004555808656036,0.6674259681093393,17,very low,0.16666666666666666
Wethersfield 12U B,9,5.444444444444445,4.888888888888889,0.5555555555555556,-0.28412638150679137,1.1243988863578838,0.737339703028769,0.47400409480420863,18,high,0.6428571428571429
Wethersfield 12U A,7,7.857142857142857,7.142857142857143,0.7142857142857143,1.7979173446143832,-1.0654083957045235,0.7188415229417505,0.4193242217160212,19,high,0.5833333333333334
Meriden 12U,12,4.916666666666667,4.333333333333333,0.5833333333333334,-1.1425588458618068,1.744115413819286,0.5875094912680332,0.41471258207155287,20,high,0.7058823529411765
Burlington 12U,8,8.125,8.125,0.0,2.065774487471526,-2.0475512528473807,0.5039863325740317,0.31014543543017337,21,high,0.6153846153846154
Farmington 12U Red,8,5.125,4.75,0.375,-0.9342255125284735,1.3274487471526193,0.3795558086560362,0.23357280532679153,22,high,0.6153846153846154
Suffield B,1,6.0,5.0,1.0,-0.05922551252847352,1.0774487471526193,1.0045558086560364,0.1674259681093394,23,very low,0.16666666666666666
Westfield 12U Black,9,5.777777777777778,5.777777777777778,0.0,0.3798616384037796,0.17134902556314835,0.026185353918839076,0.01683344180496798,24,high,0.6428571428571429
Connecticut Valley Youth Lacrosse,439,6.077448747152619,6.0592255125284735,0.018223234624145785,0.021466318086927106,-0.05481733428622291,-0.014100955983299213,-0.013942161433937736,25,high,0.9887387387387387
Vernon 12U,10,5.6,5.5,0.1,-0.5105383047596211,0.3514326819326218,-0.06523198657235356,-0.043487991048235704,26,high,0.6666666666666666
Berlin 12U A,11,4.909090909090909,4.545454545454546,0.36363636363636365,-1.1501346034375646,1.5319942016980739,-0.08676744667633071,-0.05965261958997736,27,high,0.6875
Ellington 12U,19,4.947368421052632,6.315789473684211,-1.368421052631579,-1.1832461473107079,0.2439942914855993,-0.10323401658785614,-0.08172692979871944,28,high,0.7916666666666666
Belchertown 12U,10,5.4,5.6,-0.2,-0.6592255125284736,0.4774487471526193,-0.1954441913439638,-0.13029612756264253,29,high,0.6666666666666666
Somers 12U White,7,7.142857142857143,7.142857142857143,0.0,1.0469796358778496,-1.2268484422902362,-0.3319831469333928,-0.1936568357111458,30,high,0.5833333333333334
Somers 12U Red,8,4.25,4.75,-0.5,-1.0652524677296886,1.1830865603644645,-0.34554147684130615,-0.2126409088254192,31,high,0.6153846153846154
South Windsor 12U,11,7.2727272727272725,8.727272727272727,-1.4545454545454546,1.213501760198799,-2.649823980120108,-0.35990888382687947,-0.24743735763097963,32,high,0.6875
Colchester 12U,7,4.857142857142857,5.428571428571429,-0.5714285714285714,-1.2020826553856165,0.6488773185811907,-0.5668727627725352,-0.33067577828397887,33,high,0.5833333333333334
Longmeadow 12U White,1,3.0,5.0,-2.0,-3.0592255125284735,1.0774487471526193,-1.9954441913439636,-0.3325740318906606,34,very low,0.16666666666666666
Simsbury,1,3.0,6.0,-3.0,-3.0592255125284735,0.07744874715261929,-2.995444191343964,-0.4992406985573273,35,very low,0.16666666666666666
West Hartford Green,1,3.0,6.0,-3.0,-3.0592255125284735,0.07744874715261929,-2.995444191343964,-0.4992406985573273,36,very low,0.16666666666666666
East Longmeadow 12U White,8,5.625,6.5,-0.875,-0.062238990129081295,-0.4947323462414581,-0.9210623101746394,-0.5668075754920858,37,high,0.6153846153846154
Longmeadow 12U Black,10,6.5,7.6,-1.1,0.4407744874715262,-1.5225512528473808,-0.996355353075171,-0.664236902050114,38,high,0.6666666666666666
Simsbury 14U Blue,1,5.0,9.0,-4.0,-1.0592255125284735,-2.9225512528473807,-3.995444191343964,-0.665907365223994,39,very low,0.16666666666666666
Agawam 12U,12,6.916666666666667,8.833333333333334,-1.9166666666666667,0.8574411541381929,-2.755884586180714,-1.4962034927866366,-1.0561436419670376,40,high,0.7058823529411765
East Longmeadow 12U A,13,6.3076923076923075,8.846153846153847,-2.5384615384615383,0.24846679516383383,-2.768705099001227,-1.6111792535482743,-1.1636294608959759,41,high,0.7222222222222222
Tolland,1,3.0,10.0,-7.0,-3.0592255125284735,-3.9225512528473807,-6.995444191343964,-1.165907365223994,42,very low,0.16666666666666666
Southington 12U White,9,3.0,5.0,-2.0,-3.0592255125284735,1.0774487471526193,-1.8843330802328526,-1.211356980149691,43,high,0.6428571428571429
Bristol 12U,15,3.533333333333333,5.866666666666666,-2.3333333333333335,-2.5258921791951403,0.21078208048595262,-1.7287775246772972,-1.2965831435079729,44,high,0.75
Glastonbury 12U Blue,11,3.090909090909091,5.2727272727272725,-2.1818181818181817,-2.697780768965279,0.7522261337751085,-2.031843204252088,-1.3968922029233104,45,high,0.6875
Granby 12U,9,3.6666666666666665,6.333333333333333,-2.6666666666666665,-2.421065952656889,-0.38144906685849045,-2.4789127336184045,-1.5935867573261173,46,high,0.6428571428571429
Simsbury 12U Blue,11,3.727272727272727,6.636363636363637,-2.909090909090909,-2.0614171326016426,-0.6114102298612552,-2.7591159315248155,-1.8968922029233106,47,high,0.6875
Newington 12U,11,2.8181818181818183,6.818181818181818,-4.0,-3.241043694346655,-0.7407330710291989,-2.813626009525782,-1.934367881548975,48,high,0.6875
West Hartford 12U White,11,2.4545454545454546,6.181818181818182,-3.727272727272727,-3.0636087526748117,-0.20936011596603876,-3.613696762614758,-2.484416524297646,49,high,0.6875
Northampton 12U,12,3.5833333333333335,7.5,-3.9166666666666665,-2.47589217919514,-1.4225512528473807,-3.5787775246772973,-2.52619589977221,50,high,0.7058823529411765
Middletown 12U,10,2.3,6.2,-3.9,-3.7592255125284737,-0.1225512528473807,-3.8954441913439637,-2.596962794229309,51,high,0.6666666666666666
Farmington 12U Black,7,5.428571428571429,11.714285714285714,-6.285714285714286,-0.6306540839570453,-5.636836967133094,-4.8525870484868205,-2.830675778283979,52,high,0.5833333333333334
South Hadley 12U,13,3.6923076923076925,12.538461538461538,-8.846153846153847,-2.3669178202207815,-6.461012791308919,-5.149640792009813,-3.7191850164515317,53,high,0.7222222222222222
Simsbury 12U A,11,4.909090909090909,11.909090909090908,-7.0,-1.173458599906268,-5.9343767370382885,-5.481504288781594,-3.768534198537346,54,high,0.6875
Tolland 12U,7,2.4285714285714284,11.285714285714286,-8.857142857142858,-3.6673060784078646,-5.369705585147379,-7.616395773031669,-4.442897534268473,55,high,0.5833333333333334
