team,games_played,average_opponent_elo,opponent_count,sos_rank
Avon 12U B,7,1524.6269977219793,1,1
Colchester 12U,7,1524.6269977219793,1,2
Farmington 12U Black,7,1524.6269977219793,1,3
Somers 12U White,7,1524.6269977219793,1,4
Tolland 12U,7,1524.6269977219793,1,5
Wethersfield 12U A,7,1524.6269977219793,1,6
Avon 12U,5,1524.626997721979,1,7
Belchertown 12U,10,1524.626997721979,1,8
Berkshire,1,1524.626997721979,1,9
Berlin 12U A,11,1524.626997721979,1,10
Bristol 12U,15,1524.626997721979,1,11
Burlington 12U,8,1524.626997721979,1,12
East Longmeadow 12U A,13,1524.626997721979,1,13
Ellington 12U,9,1524.626997721979,1,14
Farmington 12U Red,8,1524.626997721979,1,15
Glastonbury 12U Blue,11,1524.626997721979,1,16
Glastonbury 12U White,8,1524.626997721979,1,17
Granby 12U,9,1524.626997721979,1,18
Longmeadow 12U Black,10,1524.626997721979,1,19
Longmeadow 12U White,1,1524.626997721979,1,20
Meriden 12U,12,1524.626997721979,1,21
Middletown 12U,10,1524.626997721979,1,22
Minnechaug 12U,12,1524.626997721979,1,23
Newington 12U,11,1524.626997721979,1,24
RHAM 12U,10,1524.626997721979,1,25
Simsbury,1,1524.626997721979,1,26
Simsbury 12U A,11,1524.626997721979,1,27
Somers Juniors,1,1524.626997721979,1,28
South Hadley 12U,13,1524.626997721979,1,29
South Windsor 12U,11,1524.626997721979,1,30
Southington 12U Blue,12,1524.626997721979,1,31
Southington 12U White,9,1524.626997721979,1,32
Suffield 12U,12,1524.626997721979,1,33
Suffield B,1,1524.626997721979,1,34
Suffield Juniors 1 Blue,1,1524.626997721979,1,35
Tolland,1,1524.626997721979,1,36
Vernon 12U,10,1524.626997721979,1,37
West Hartford 12U Gold,11,1524.626997721979,1,38
West Hartford 12U Green,9,1524.626997721979,1,39
West Hartford 12U White,11,1524.626997721979,1,40
West Hartford Green,1,1524.626997721979,1,41
Westfield 12U Red,11,1524.626997721979,1,42
Wethersfield 12U B,9,1524.626997721979,1,43
Wolcott 12U,16,1524.626997721979,1,44
Agawam 12U,12,1524.471203873488,2,45
Northampton 12U,12,1524.471203873488,2,46
Simsbury 12U Blue,11,1524.4570407963527,2,47
West Springfield 12U,11,1524.4570407963527,2,48
East Longmeadow 12U White,8,1524.3933069492427,2,49
Somers 12U Red,8,1524.3933069492427,2,50
Suffield 12U White,12,1524.3154100249974,2,51
Minnechaug 12U White,10,1524.2530924856007,2,52
Simsbury 14U Blue,1,1522.7574715400883,1,53
Westfield 12U Black,20,1518.9952261693836,10,54
Connecticut Valley Youth Lacrosse,450,1500.4355615896231,53,55
