game_date,home_team,away_team,actual_winner,power_v3_recency_predicted_winner,power_v3_recency_win_probability,power_v3_calibrated_predicted_winner,power_v3_calibrated_win_probability,power_v3_recency_correct,power_v3_calibrated_correct
2026-04-04,Meriden 12U,Burlington 12U,Burlington 12U,Meriden 12U,0.5,Meriden 12U,0.5,False,False
2026-04-06,Farmington 12U Black,Burlington 12U,Burlington 12U,Burlington 12U,0.5544704649604273,Burlington 12U,0.5724041114770213,True,True
2026-04-09,Suffield 12U White,Westfield 12U Black,Suffield 12U White,Suffield 12U White,0.5,Suffield 12U White,0.5,True,True
2026-04-09,West Hartford 12U Gold,Ellington 12U,West Hartford 12U Gold,West Hartford 12U Gold,0.5,West Hartford 12U Gold,0.5,True,True
2026-04-09,Suffield 12U White,Connecticut Valley Youth Lacrosse,Suffield 12U White,Suffield 12U White,0.5156199157230156,Suffield 12U White,0.520821285372743,True,True
2026-04-10,East Longmeadow 12U A,Westfield 12U Red,Westfield 12U Red,East Longmeadow 12U A,0.5,East Longmeadow 12U A,0.5,False,False
2026-04-11,Minnechaug 12U White,Connecticut Valley Youth Lacrosse,Tie,Minnechaug 12U White,0.5156199157230156,Minnechaug 12U White,0.520821285372743,False,False
2026-04-11,Meriden 12U,Connecticut Valley Youth Lacrosse,Connecticut Valley Youth Lacrosse,Connecticut Valley Youth Lacrosse,0.5391135017649835,Connecticut Valley Youth Lacrosse,0.5520686522715863,True,True
2026-04-11,Minnechaug 12U White,Westfield 12U Black,Tie,Minnechaug 12U White,0.5158132229879703,Minnechaug 12U White,0.5210788303567565,False,False
2026-04-11,Minnechaug 12U,South Hadley 12U,Minnechaug 12U,Minnechaug 12U,0.5,Minnechaug 12U,0.5,True,True
2026-04-11,Meriden 12U,Newington 12U,Newington 12U,Newington 12U,0.5590028440104686,Newington 12U,0.5783868738606998,True,True
2026-04-12,East Longmeadow 12U White,Northampton 12U,East Longmeadow 12U White,East Longmeadow 12U White,0.5,East Longmeadow 12U White,0.5,True,True
2026-04-13,Minnechaug 12U,Westfield 12U Red,Westfield 12U Red,Westfield 12U Red,0.5078118642792044,Westfield 12U Red,0.5104151598873646,True,True
2026-04-14,South Hadley 12U,East Longmeadow 12U A,East Longmeadow 12U A,East Longmeadow 12U A,0.5063773011688961,East Longmeadow 12U A,0.5085027096040147,True,True
2026-04-15,Connecticut Valley Youth Lacrosse,Wolcott 12U,Wolcott 12U,Wolcott 12U,0.5021366172583793,Wolcott 12U,0.5028488095242667,True,True
2026-04-15,Granby 12U,Somers 12U White,Somers 12U White,Granby 12U,0.5,Granby 12U,0.5,False,False
2026-04-15,Somers Juniors,Granby 12U,Somers Juniors,Somers Juniors,0.5467381519846138,Somers Juniors,0.5621765008857981,True,True
2026-04-15,Northampton 12U,Connecticut Valley Youth Lacrosse,Connecticut Valley Youth Lacrosse,Connecticut Valley Youth Lacrosse,0.5002391408139754,Connecticut Valley Youth Lacrosse,0.5003188543997237,True,True
2026-04-15,Agawam 12U,Westfield 12U Red,Westfield 12U Red,Westfield 12U Red,0.609860672245444,Westfield 12U Red,0.6446571358522124,True,True
2026-04-15,Northampton 12U,Westfield 12U Black,Westfield 12U Black,Westfield 12U Black,0.5416617359978229,Westfield 12U Black,0.555449070898263,True,True
2026-04-15,Newington 12U,Wolcott 12U,Wolcott 12U,Wolcott 12U,0.5393355458453273,Wolcott 12U,0.5523632955241589,True,True
2026-04-16,Southington 12U Blue,Bristol 12U,Southington 12U Blue,Southington 12U Blue,0.5,Southington 12U Blue,0.5,True,True
2026-04-16,Northampton 12U,East Longmeadow 12U A,East Longmeadow 12U A,East Longmeadow 12U A,0.5412582078266996,East Longmeadow 12U A,0.5549139070158096,True,True
2026-04-17,Somers 12U Red,Connecticut Valley Youth Lacrosse,Connecticut Valley Youth Lacrosse,Somers 12U Red,0.5116881095219133,Somers 12U Red,0.5155819383322707,False,False
2026-04-17,Agawam 12U,Minnechaug 12U,Minnechaug 12U,Minnechaug 12U,0.5794555275062929,Minnechaug 12U,0.6052490363927874,True,True
2026-04-17,Somers 12U Red,Westfield 12U Black,Westfield 12U Black,Westfield 12U Black,0.5192671819502637,Westfield 12U Black,0.5256796877623853,True,True
2026-04-17,Minnechaug 12U White,Belchertown 12U,Minnechaug 12U White,Minnechaug 12U White,0.5011868553849437,Minnechaug 12U White,0.50158247153492,True,True
2026-04-18,Meriden 12U,Wolcott 12U,Wolcott 12U,Wolcott 12U,0.6525308769860768,Wolcott 12U,0.6985165052184666,True,True
2026-04-19,Simsbury 12U Blue,Somers 12U Red,Somers 12U Red,Simsbury 12U Blue,0.5166942270052061,Simsbury 12U Blue,0.5222525368642889,False,False
2026-04-19,Middletown 12U,Bristol 12U,Bristol 12U,Middletown 12U,0.5493182844307847,Middletown 12U,0.5655920253890571,False,False
2026-04-20,South Windsor 12U,Southington 12U Blue,South Windsor 12U,Southington 12U Blue,0.5679567180587366,Southington 12U Blue,0.5901759011952077,False,False
2026-04-20,Suffield 12U,Somers 12U White,Suffield 12U,Somers 12U White,0.5454407994573973,Somers 12U White,0.5604581121896306,False,False
2026-04-21,Suffield 12U White,East Longmeadow 12U White,Suffield 12U White,Suffield 12U White,0.5035510836867932,Suffield 12U White,0.5047347163315749,True,True
2026-04-21,Wethersfield 12U B,Simsbury 12U Blue,Wethersfield 12U B,Wethersfield 12U B,0.5112410529463468,Wethersfield 12U B,0.5149861066488785,True,True
2026-04-21,Somers 12U Red,West Springfield 12U,West Springfield 12U,West Springfield 12U,0.5095184148766732,West Springfield 12U,0.512690027470043,True,True
2026-04-21,Somers 12U White,West Springfield 12U,Somers 12U White,West Springfield 12U,0.5176861347426529,West Springfield 12U,0.5235738645752757,False,False
2026-04-22,West Hartford 12U Green,Farmington 12U Red,West Hartford 12U Green,West Hartford 12U Green,0.5,West Hartford 12U Green,0.5,True,True
2026-04-22,Glastonbury 12U Blue,West Hartford 12U White,Glastonbury 12U Blue,Glastonbury 12U Blue,0.5,Glastonbury 12U Blue,0.5,True,True
2026-04-22,South Windsor 12U,Suffield 12U,Suffield 12U,Suffield 12U,0.5526974843380754,Suffield 12U,0.5700612113830142,True,True
2026-04-22,Granby 12U,Newington 12U,Granby 12U,Newington 12U,0.5775063931186197,Newington 12U,0.602699768330301,False,False
2026-04-22,RHAM 12U,Vernon 12U,RHAM 12U,RHAM 12U,0.5,RHAM 12U,0.5,True,True
2026-04-22,Southington 12U Blue,Wolcott 12U,Southington 12U Blue,Wolcott 12U,0.5514833171833953,Wolcott 12U,0.5684559613595923,False,False
2026-04-23,West Hartford 12U Gold,Farmington 12U Black,West Hartford 12U Gold,West Hartford 12U Gold,0.6101332969885587,West Hartford 12U Gold,0.6450070719092952,True,True
2026-04-23,Suffield 12U,Ellington 12U,Suffield 12U,Suffield 12U,0.665506152696617,Suffield 12U,0.7144792391356546,True,True
2026-04-24,Connecticut Valley Youth Lacrosse,Middletown 12U,Connecticut Valley Youth Lacrosse,Connecticut Valley Youth Lacrosse,0.519836187565958,Connecticut Valley Youth Lacrosse,0.5264374598328092,True,True
2026-04-24,Simsbury 12U A,Wethersfield 12U A,Wethersfield 12U A,Simsbury 12U A,0.5,Simsbury 12U A,0.5,False,False
2026-04-24,Berlin 12U A,Wolcott 12U,Wolcott 12U,Wolcott 12U,0.5408802953133323,Wolcott 12U,0.5544126644992007,True,True
2026-04-24,Southington 12U White,Bristol 12U,Bristol 12U,Southington 12U White,0.5509856882350344,Southington 12U White,0.5677978642343342,False,False
2026-04-24,Colchester 12U,Middletown 12U,Colchester 12U,Colchester 12U,0.5306790433937019,Colchester 12U,0.5408654816260297,True,True
2026-04-25,Connecticut Valley Youth Lacrosse,Minnechaug 12U White,Minnechaug 12U White,Minnechaug 12U White,0.5285522380688957,Minnechaug 12U White,0.5380374774083125,True,True
2026-04-25,Avon 12U B,West Hartford 12U White,Avon 12U B,Avon 12U B,0.5312093733737563,Avon 12U B,0.5415704832167999,True,True
2026-04-25,Westfield 12U Black,Minnechaug 12U White,Minnechaug 12U White,Minnechaug 12U White,0.5601745911910099,Minnechaug 12U White,0.5799319889082386,True,True
2026-04-25,Ellington 12U,Vernon 12U,Ellington 12U,Vernon 12U,0.5198310014671628,Vernon 12U,0.5264305534944367,False,False
2026-04-25,Avon 12U,Southington 12U Blue,Avon 12U,Southington 12U Blue,0.58965888994578,Southington 12U Blue,0.6185521206640475,False,False
2026-04-25,Granby 12U,Suffield Juniors 1 Blue,Suffield Juniors 1 Blue,Suffield Juniors 1 Blue,0.543033185292267,Suffield Juniors 1 Blue,0.5572674804916165,True,True
2026-04-25,West Hartford 12U Gold,Newington 12U,West Hartford 12U Gold,West Hartford 12U Gold,0.676326171845013,West Hartford 12U Gold,0.7276209431380949,True,True
2026-04-25,West Hartford 12U Gold,Connecticut Valley Youth Lacrosse,West Hartford 12U Gold,West Hartford 12U Gold,0.6549468801190367,West Hartford 12U Gold,0.7015048949734112,True,True
2026-04-25,Suffield 12U White,Simsbury 12U Blue,Suffield 12U White,Suffield 12U White,0.593802962494925,Suffield 12U White,0.6239337638586844,True,True
2026-04-26,Somers 12U White,Simsbury 12U A,Somers 12U White,Somers 12U White,0.5270489364662481,Somers 12U White,0.5360378932575367,True,True
2026-04-26,Avon 12U B,West Hartford 12U Green,West Hartford 12U Green,West Hartford 12U Green,0.5324659896556018,West Hartford 12U Green,0.5432406911481049,True,True
2026-04-26,Wethersfield 12U A,Connecticut Valley Youth Lacrosse,Wethersfield 12U A,Wethersfield 12U A,0.5439730557055793,Wethersfield 12U A,0.5585132726446235,True,True
2026-04-26,Avon 12U,West Hartford 12U Gold,West Hartford 12U Gold,West Hartford 12U Gold,0.6092006917691571,West Hartford 12U Gold,0.6438097218049058,True,True
2026-04-26,Farmington 12U Red,Simsbury 12U Blue,Farmington 12U Red,Simsbury 12U Blue,0.5248679794856903,Simsbury 12U Blue,0.5331360473527329,False,False
2026-04-26,RHAM 12U,Tolland 12U,RHAM 12U,RHAM 12U,0.5700582008095167,RHAM 12U,0.5929365081142989,True,True
2026-04-26,Wethersfield 12U A,Glastonbury 12U White,Wethersfield 12U A,Wethersfield 12U A,0.5018250508024781,Wethersfield 12U A,0.502433392664593,True,True
2026-04-26,Minnechaug 12U,Suffield 12U,Suffield 12U,Suffield 12U,0.5867550961254482,Suffield 12U,0.6147735914184449,True,True
2026-04-26,Minnechaug 12U White,Suffield 12U White,Minnechaug 12U White,Minnechaug 12U White,0.5304280590649658,Minnechaug 12U White,0.540531807095094,True,True
2026-04-26,Wethersfield 12U B,Glastonbury 12U Blue,Wethersfield 12U B,Glastonbury 12U Blue,0.5205301812486505,Glastonbury 12U Blue,0.52736161227527,False,False
2026-04-27,Minnechaug 12U,Longmeadow 12U Black,Minnechaug 12U,Minnechaug 12U,0.5726687179865775,Minnechaug 12U,0.5963622490520964,True,True
2026-04-27,Connecticut Valley Youth Lacrosse,East Longmeadow 12U White,Tie,East Longmeadow 12U White,0.5257251852388678,East Longmeadow 12U White,0.5342767137892579,False,False
2026-04-27,Westfield 12U Black,East Longmeadow 12U White,Tie,East Longmeadow 12U White,0.5023924846560914,East Longmeadow 12U White,0.5031899606058416,False,False
2026-04-27,Farmington 12U Black,Simsbury 12U A,Farmington 12U Black,Simsbury 12U A,0.5142766513744832,Simsbury 12U A,0.5190315119556629,False,False
2026-04-27,Bristol 12U,Newington 12U,Bristol 12U,Bristol 12U,0.5928077435476653,Bristol 12U,0.6226425188621446,True,True
2026-04-27,Southington 12U White,West Hartford 12U White,Southington 12U White,Southington 12U White,0.506555376580442,Southington 12U White,0.5087401125981229,True,True
2026-04-28,Agawam 12U,East Longmeadow 12U A,Agawam 12U,East Longmeadow 12U A,0.5923793299868341,East Longmeadow 12U A,0.6220864421244914,False,False
2026-04-28,Southington 12U Blue,Berlin 12U A,Southington 12U Blue,Southington 12U Blue,0.5610195019230906,Southington 12U Blue,0.5810457013852962,True,True
2026-04-28,South Hadley 12U,Belchertown 12U,Belchertown 12U,Belchertown 12U,0.5654992670508683,Belchertown 12U,0.5869445461068605,True,True
2026-04-28,Colchester 12U,Glastonbury 12U Blue,Colchester 12U,Colchester 12U,0.5306003041145491,Colchester 12U,0.540760802337386,True,True
2026-04-28,Wolcott 12U,Burlington 12U,Burlington 12U,Burlington 12U,0.5772006731802541,Burlington 12U,0.6022996967517795,True,True
2026-04-28,Connecticut Valley Youth Lacrosse,Glastonbury 12U Blue,Connecticut Valley Youth Lacrosse,Connecticut Valley Youth Lacrosse,0.5136203242668493,Connecticut Valley Youth Lacrosse,0.5181569388654612,True,True
2026-04-28,Connecticut Valley Youth Lacrosse,Northampton 12U,Connecticut Valley Youth Lacrosse,Connecticut Valley Youth Lacrosse,0.5810258869720943,Connecticut Valley Youth Lacrosse,0.6073011035556141,True,True
2026-04-28,Wethersfield 12U B,RHAM 12U,RHAM 12U,RHAM 12U,0.5611495735893064,RHAM 12U,0.5812171225338303,True,True
2026-04-28,West Springfield 12U,Northampton 12U,West Springfield 12U,West Springfield 12U,0.6303539508036516,West Springfield 12U,0.6707650769601794,True,True
2026-04-29,Connecticut Valley Youth Lacrosse,Vernon 12U,Vernon 12U,Connecticut Valley Youth Lacrosse,0.5912576637720656,Connecticut Valley Youth Lacrosse,0.6206298735495631,False,False
2026-04-29,West Hartford 12U Gold,Southington 12U Blue,West Hartford 12U Gold,West Hartford 12U Gold,0.6063371455917842,West Hartford 12U Gold,0.6401284687005214,True,True
2026-04-29,Granby 12U,South Windsor 12U,South Windsor 12U,South Windsor 12U,0.53161261124854,South Windsor 12U,0.5421064845367807,True,True
2026-04-29,Suffield 12U,Westfield 12U Red,Westfield 12U Red,Suffield 12U,0.5175719709385782,Suffield 12U,0.5234217933137357,False,False
2026-04-29,Simsbury 12U Blue,West Hartford 12U White,Simsbury 12U Blue,Simsbury 12U Blue,0.5157117396400205,Simsbury 12U Blue,0.5209436237992178,True,True
2026-04-29,Somers 12U Red,Longmeadow 12U White,Somers 12U Red,Longmeadow 12U White,0.5159168704930228,Longmeadow 12U White,0.5212169188328579,False,False
2026-04-29,Belchertown 12U,Northampton 12U,Belchertown 12U,Belchertown 12U,0.6202271286162793,Belchertown 12U,0.6579150017113238,True,True
2026-04-29,Newington 12U,Vernon 12U,Vernon 12U,Vernon 12U,0.5663822880031624,Vernon 12U,0.5881060309796395,True,True
2026-04-30,Westfield 12U Black,Agawam 12U,Agawam 12U,Westfield 12U Black,0.5326574465508209,Westfield 12U Black,0.543495125611893,False,False
2026-04-30,West Hartford 12U Gold,Connecticut Valley Youth Lacrosse,West Hartford 12U Gold,West Hartford 12U Gold,0.7118895220698406,West Hartford 12U Gold,0.7696090418818181,True,True
2026-04-30,Bristol 12U,Wolcott 12U,Wolcott 12U,Wolcott 12U,0.5422011003861462,Wolcott 12U,0.5561642946357568,True,True
2026-04-30,Connecticut Valley Youth Lacrosse,Agawam 12U,Agawam 12U,Connecticut Valley Youth Lacrosse,0.5318680845714181,Connecticut Valley Youth Lacrosse,0.5424460487872793,False,False
2026-04-30,West Hartford 12U Green,Glastonbury 12U Blue,West Hartford 12U Green,West Hartford 12U Green,0.6767580555536676,West Hartford 12U Green,0.7281421518035226,True,True
2026-04-30,West Hartford 12U Gold,Glastonbury 12U White,West Hartford 12U Gold,West Hartford 12U Gold,0.6957270216381186,West Hartford 12U Gold,0.750767438584618,True,True
2026-04-30,West Springfield 12U,East Longmeadow 12U A,West Springfield 12U,West Springfield 12U,0.5877778859601623,West Springfield 12U,0.6161051801802783,True,True
2026-04-30,Ellington 12U,Somers 12U White,Somers 12U White,Somers 12U White,0.6254231671587125,Somers 12U White,0.6645213584025189,True,True
2026-04-30,Connecticut Valley Youth Lacrosse,East Longmeadow 12U A,Connecticut Valley Youth Lacrosse,Connecticut Valley Youth Lacrosse,0.5585363720158744,Connecticut Valley Youth Lacrosse,0.5777715774801717,True,True
2026-05-01,Berlin 12U A,Bristol 12U,Berlin 12U A,Bristol 12U,0.5406584849166942,Bristol 12U,0.5541184447731493,False,False
2026-05-01,Wolcott 12U,Middletown 12U,Wolcott 12U,Wolcott 12U,0.5870579701755473,Wolcott 12U,0.6151679866761317,True,True
2026-05-01,Somers 12U White,South Hadley 12U,Somers 12U White,Somers 12U White,0.670174268270528,Somers 12U White,0.7201685454322457,True,True
2026-05-01,East Longmeadow 12U A,Minnechaug 12U,Minnechaug 12U,Minnechaug 12U,0.7035176299896762,Minnechaug 12U,0.7599016234462243,True,True
2026-05-02,Westfield 12U Black,Simsbury 12U Blue,Westfield 12U Black,Westfield 12U Black,0.5233825951989872,Westfield 12U Black,0.5311591207856954,True,True
2026-05-02,Connecticut Valley Youth Lacrosse,Simsbury 12U Blue,Connecticut Valley Youth Lacrosse,Connecticut Valley Youth Lacrosse,0.6028718725274063,Connecticut Valley Youth Lacrosse,0.635664160768802,True,True
2026-05-02,Vernon 12U,RHAM 12U,RHAM 12U,RHAM 12U,0.6718645580479766,RHAM 12U,0.7222213475255407,True,True
2026-05-02,Connecticut Valley Youth Lacrosse,West Hartford 12U White,Connecticut Valley Youth Lacrosse,Connecticut Valley Youth Lacrosse,0.6484602730888855,Connecticut Valley Youth Lacrosse,0.6934653953455441,True,True
2026-05-02,Middletown 12U,Burlington 12U,Burlington 12U,Burlington 12U,0.6755485717716567,Burlington 12U,0.7266818557155592,True,True
2026-05-02,Newington 12U,West Hartford 12U White,Newington 12U,Newington 12U,0.5008503634842886,Newington 12U,0.5011338171288013,True,True
2026-05-02,Simsbury 12U A,Granby 12U,Simsbury 12U A,Granby 12U,0.5096759279400536,Granby 12U,0.5128999847099238,False,False
2026-05-02,South Windsor 12U,Tolland 12U,South Windsor 12U,South Windsor 12U,0.5660741973974807,South Windsor 12U,0.5877008310381976,True,True
2026-05-02,Avon 12U B,Farmington 12U Red,Avon 12U B,Avon 12U B,0.5150262206795908,Avon 12U B,0.5200302701946115,True,True
2026-05-02,Westfield 12U Red,Somers 12U White,Westfield 12U Red,Westfield 12U Red,0.5624996793383489,Westfield 12U Red,0.582995916332801,True,True
2026-05-03,Simsbury 12U Blue,West Hartford 12U Green,West Hartford 12U Green,West Hartford 12U Green,0.7088694661135413,West Hartford 12U Green,0.7661203999255575,True,True
2026-05-03,Minnechaug 12U White,East Longmeadow 12U White,Minnechaug 12U White,Minnechaug 12U White,0.6398120072659347,Minnechaug 12U White,0.6826689294194126,True,True
2026-05-03,RHAM 12U,Colchester 12U,RHAM 12U,RHAM 12U,0.5889892090611656,RHAM 12U,0.6176812487457398,True,True
2026-05-03,Simsbury 12U A,West Hartford 12U Gold,West Hartford 12U Gold,West Hartford 12U Gold,0.7405027810333378,West Hartford 12U Gold,0.8018839942188627,True,True
2026-05-03,Middletown 12U,Berlin 12U A,Middletown 12U,Berlin 12U A,0.5716603005385301,Berlin 12U A,0.595039393932803,False,False
2026-05-03,Farmington 12U Red,Wethersfield 12U B,Farmington 12U Red,Farmington 12U Red,0.5093834414844205,Farmington 12U Red,0.5125101129539469,True,True
2026-05-03,RHAM 12U,Connecticut Valley Youth Lacrosse,RHAM 12U,RHAM 12U,0.6484393930516573,RHAM 12U,0.6934394343777727,True,True
2026-05-03,Farmington 12U Black,Wethersfield 12U A,Wethersfield 12U A,Wethersfield 12U A,0.5862374341020246,Wethersfield 12U A,0.6140993533852155,True,True
2026-05-04,Bristol 12U,Wolcott 12U,Wolcott 12U,Wolcott 12U,0.6379557635047682,Wolcott 12U,0.6803404301456724,True,True
2026-05-04,Westfield 12U Red,Minnechaug 12U,Minnechaug 12U,Westfield 12U Red,0.5635531997315402,Westfield 12U Red,0.5843833007121568,False,False
2026-05-04,Connecticut Valley Youth Lacrosse,Belchertown 12U,Connecticut Valley Youth Lacrosse,Connecticut Valley Youth Lacrosse,0.5498380195593954,Connecticut Valley Youth Lacrosse,0.5662797158281343,True,True
2026-05-04,West Springfield 12U,Belchertown 12U,West Springfield 12U,West Springfield 12U,0.6640218608661264,West Springfield 12U,0.712664171294952,True,True
2026-05-05,West Hartford 12U Green,Colchester 12U,West Hartford 12U Green,West Hartford 12U Green,0.5846838487084859,West Hartford 12U Green,0.6120747244144648,True,True
2026-05-05,West Hartford 12U Green,Connecticut Valley Youth Lacrosse,West Hartford 12U Green,West Hartford 12U Green,0.580630100385472,West Hartford 12U Green,0.6067840629848377,True,True
2026-05-05,Northampton 12U,Belchertown 12U,Belchertown 12U,Belchertown 12U,0.5257194050951894,Belchertown 12U,0.5342690227872425,True,True
2026-05-05,East Longmeadow 12U A,Longmeadow 12U Black,East Longmeadow 12U A,Longmeadow 12U Black,0.5617741279921775,Longmeadow 12U Black,0.5820401021262894,False,False
2026-05-05,West Hartford 12U White,Wethersfield 12U B,Wethersfield 12U B,Wethersfield 12U B,0.6054926998013977,Wethersfield 12U B,0.6390415179064424,True,True
2026-05-05,Agawam 12U,South Hadley 12U,Agawam 12U,Agawam 12U,0.6246629263831893,Agawam 12U,0.6635564614052737,True,True
2026-05-06,South Windsor 12U,Somers 12U White,Somers 12U White,Somers 12U White,0.5172424150384836,Somers 12U White,0.5229827995957075,True,True
2026-05-06,Granby 12U,West Springfield 12U,West Springfield 12U,West Springfield 12U,0.7322018226662038,West Springfield 12U,0.7926702437903722,True,True
2026-05-06,Granby 12U,Connecticut Valley Youth Lacrosse,Connecticut Valley Youth Lacrosse,Connecticut Valley Youth Lacrosse,0.645250029144316,Connecticut Valley Youth Lacrosse,0.6894679007504974,True,True
2026-05-06,Simsbury 12U Blue,Southington 12U White,Southington 12U White,Southington 12U White,0.6384724506753177,Southington 12U White,0.6809889577879464,True,True
2026-05-07,Bristol 12U,Burlington 12U,Burlington 12U,Burlington 12U,0.696653865483494,Burlington 12U,0.7518591031163089,True,True
2026-05-07,Agawam 12U,Longmeadow 12U Black,Longmeadow 12U Black,Agawam 12U,0.5985538130583696,Agawam 12U,0.6300871221707239,False,False
2026-05-07,Somers 12U Red,Suffield B,Suffield B,Suffield B,0.5006034315840101,Suffield B,0.5008045751415263,True,True
2026-05-07,Suffield 12U White,Somers 12U Red,Suffield 12U White,Suffield 12U White,0.5708208082207857,Suffield 12U White,0.593937678953765,True,True
2026-05-08,Southington 12U White,Farmington 12U Red,Farmington 12U Red,Farmington 12U Red,0.5122347389441196,Farmington 12U Red,0.5163104531157698,True,True
2026-05-08,Belchertown 12U,Minnechaug 12U White,Belchertown 12U,Minnechaug 12U White,0.737958761283641,Minnechaug 12U White,0.799073656590148,False,False
2026-05-08,Southington 12U Blue,Farmington 12U Black,Southington 12U Blue,Southington 12U Blue,0.65242224630533,Southington 12U Blue,0.6983819695324494,True,True
2026-05-08,South Hadley 12U,Minnechaug 12U,Minnechaug 12U,Minnechaug 12U,0.8004782524785246,Minnechaug 12U,0.85,True,True
2026-05-09,Granby 12U,Tolland 12U,Granby 12U,Granby 12U,0.5070030675741548,Granby 12U,0.5093369485471658,True,True
2026-05-09,RHAM 12U,South Windsor 12U,RHAM 12U,RHAM 12U,0.6945276659730667,RHAM 12U,0.749352834154099,True,True
2026-05-09,Middletown 12U,Connecticut Valley Youth Lacrosse,Connecticut Valley Youth Lacrosse,Connecticut Valley Youth Lacrosse,0.6177765292650952,Connecticut Valley Youth Lacrosse,0.6547900346355118,True,True
2026-05-09,Bristol 12U,Meriden 12U,Meriden 12U,Bristol 12U,0.5145404037757585,Bristol 12U,0.5193829547145616,False,False
2026-05-09,Belchertown 12U,Berkshire,Berkshire,Berkshire,0.5813892422895053,Berkshire,0.6077756853307161,True,True
2026-05-09,Wolcott 12U,Burlington 12U,Wolcott 12U,Burlington 12U,0.5290743931665791,Burlington 12U,0.5387318870506881,False,False
2026-05-09,Middletown 12U,Newington 12U,Newington 12U,Middletown 12U,0.5026587860252164,Middletown 12U,0.5035450220450868,False,False
2026-05-10,Middletown 12U,Vernon 12U,Vernon 12U,Vernon 12U,0.5845377363790631,Vernon 12U,0.6118842243544835,True,True
2026-05-10,Avon 12U B,Simsbury 12U Blue,Avon 12U B,Avon 12U B,0.6588074726999051,Avon 12U B,0.7062650100551611,True,True
2026-05-10,Avon 12U,Simsbury 12U A,Avon 12U,Avon 12U,0.6295596244755834,Avon 12U,0.6697609531047365,True,True
2026-05-11,Berlin 12U A,Meriden 12U,Meriden 12U,Berlin 12U A,0.502841644998114,Berlin 12U A,0.503788828269616,False,False
2026-05-11,Farmington 12U Black,Glastonbury 12U White,Glastonbury 12U White,Glastonbury 12U White,0.6136339765797046,Glastonbury 12U White,0.6494944928139426,True,True
2026-05-11,Vernon 12U,South Windsor 12U,South Windsor 12U,Vernon 12U,0.50958307043871,Vernon 12U,0.5127762104232589,False,False
2026-05-11,Minnechaug 12U White,East Longmeadow 12U White,Minnechaug 12U White,Minnechaug 12U White,0.6501434878131845,Minnechaug 12U White,0.6955564831202574,True,True
2026-05-11,Minnechaug 12U,East Longmeadow 12U A,Minnechaug 12U,Minnechaug 12U,0.7541246942838763,Minnechaug 12U,0.8167244408637919,True,True
2026-05-11,Farmington 12U Black,Connecticut Valley Youth Lacrosse,Connecticut Valley Youth Lacrosse,Connecticut Valley Youth Lacrosse,0.6544246001516449,Connecticut Valley Youth Lacrosse,0.7008594904606849,True,True
2026-05-11,Tolland 12U,West Hartford 12U Green,West Hartford 12U Green,West Hartford 12U Green,0.768236595645443,West Hartford 12U Green,0.8317164113877518,True,True
2026-05-12,Glastonbury 12U White,Suffield 12U,Suffield 12U,Suffield 12U,0.5892977657255345,Suffield 12U,0.6180825453462879,True,True
2026-05-12,Somers 12U White,Agawam 12U,Somers 12U White,Somers 12U White,0.6239221933581446,Somers 12U White,0.662615761216982,True,True
2026-05-12,Longmeadow 12U Black,East Longmeadow 12U A,Longmeadow 12U Black,Longmeadow 12U Black,0.6160433487562513,Longmeadow 12U Black,0.6525764292545623,True,True
2026-05-12,Connecticut Valley Youth Lacrosse,South Hadley 12U,Connecticut Valley Youth Lacrosse,Connecticut Valley Youth Lacrosse,0.7192221114264166,Connecticut Valley Youth Lacrosse,0.7780159921169965,True,True
2026-05-12,West Springfield 12U,South Hadley 12U,West Springfield 12U,West Springfield 12U,0.7862435366428066,West Springfield 12U,0.85,True,True
2026-05-12,Wolcott 12U,Southington 12U Blue,Southington 12U Blue,Wolcott 12U,0.5806944380747409,Wolcott 12U,0.6068681183778407,False,False
2026-05-12,Connecticut Valley Youth Lacrosse,Suffield 12U,Suffield 12U,Suffield 12U,0.6062120273476399,Suffield 12U,0.6399674583786374,True,True
2026-05-13,West Hartford 12U White,Suffield 12U White,Suffield 12U White,Suffield 12U White,0.6896393561707695,Suffield 12U White,0.7435645109350624,True,True
2026-05-13,RHAM 12U,Granby 12U,RHAM 12U,RHAM 12U,0.7452489040075845,RHAM 12U,0.8070947158993896,True,True
2026-05-13,Farmington 12U Red,Glastonbury 12U Blue,Farmington 12U Red,Farmington 12U Red,0.6635652134355329,Farmington 12U Red,0.7121051772057029,True,True
2026-05-13,Avon 12U B,Southington 12U White,Avon 12U B,Avon 12U B,0.5754497321050911,Avon 12U B,0.6000072420066752,True,True
2026-05-13,Wethersfield 12U A,West Hartford 12U Gold,West Hartford 12U Gold,West Hartford 12U Gold,0.6507925644284989,West Hartford 12U Gold,0.6963619308833973,True,True
2026-05-13,Tolland 12U,Ellington 12U,Ellington 12U,Ellington 12U,0.5972248898585308,Ellington 12U,0.6283676814690906,True,True
2026-05-13,Newington 12U,Berlin 12U A,Berlin 12U A,Berlin 12U A,0.5125801051211001,Berlin 12U A,0.516770720817677,True,True
2026-05-13,Connecticut Valley Youth Lacrosse,Berlin 12U A,Berlin 12U A,Connecticut Valley Youth Lacrosse,0.5560830132216044,Connecticut Valley Youth Lacrosse,0.5745337817172147,False,False
2026-05-14,Southington 12U Blue,Burlington 12U,Southington 12U Blue,Southington 12U Blue,0.5029748830685998,Southington 12U Blue,0.503966474354813,True,True
2026-05-14,East Longmeadow 12U A,Agawam 12U,Agawam 12U,Agawam 12U,0.5572982204522805,Agawam 12U,0.576137895265597,True,True
2026-05-14,Meriden 12U,Bristol 12U,Tie,Meriden 12U,0.5857986786153752,Meriden 12U,0.6135277400183909,False,False
2026-05-14,Westfield 12U Red,Suffield 12U,Westfield 12U Red,Westfield 12U Red,0.5087457410063562,Westfield 12U Red,0.5116600630801531,True,True
2026-05-15,Berlin 12U A,Middletown 12U,Berlin 12U A,Berlin 12U A,0.6375376665160313,Berlin 12U A,0.6798154316505356,True,True
2026-05-15,Wolcott 12U,Meriden 12U,Wolcott 12U,Wolcott 12U,0.6127203723543048,Wolcott 12U,0.648324449759557,True,True
2026-05-15,Connecticut Valley Youth Lacrosse,Simsbury 12U A,Connecticut Valley Youth Lacrosse,Connecticut Valley Youth Lacrosse,0.6418587166494114,Connecticut Valley Youth Lacrosse,0.6852318422677834,True,True
2026-05-15,Suffield 12U White,Glastonbury 12U Blue,Suffield 12U White,Suffield 12U White,0.6719885001705489,Suffield 12U White,0.7223717176615551,True,True
2026-05-15,Glastonbury 12U White,Simsbury 12U A,Glastonbury 12U White,Glastonbury 12U White,0.6493711144518997,Glastonbury 12U White,0.6945973723089102,True,True
2026-05-15,East Longmeadow 12U A,South Hadley 12U,East Longmeadow 12U A,East Longmeadow 12U A,0.5966635472076677,East Longmeadow 12U A,0.627640959398659,True,True
2026-05-16,Connecticut Valley Youth Lacrosse,Agawam 12U,Connecticut Valley Youth Lacrosse,Connecticut Valley Youth Lacrosse,0.581740144856766,Connecticut Valley Youth Lacrosse,0.6082339186511392,True,True
2026-05-16,West Springfield 12U,Agawam 12U,West Springfield 12U,West Springfield 12U,0.6753554509280467,West Springfield 12U,0.7264484976280082,True,True
2026-05-16,Belchertown 12U,Northampton 12U,Belchertown 12U,Belchertown 12U,0.5569699148837058,Belchertown 12U,0.5757045893686679,True,True
2026-05-16,Longmeadow 12U Black,South Hadley 12U,Longmeadow 12U Black,Longmeadow 12U Black,0.7043262549989806,Longmeadow 12U Black,0.7608442018631134,True,True
2026-05-16,Avon 12U B,Glastonbury 12U Blue,Avon 12U B,Avon 12U B,0.6557487043193102,Avon 12U B,0.7024950842547549,True,True
2026-05-17,Simsbury 12U A,Connecticut Valley Youth Lacrosse,Connecticut Valley Youth Lacrosse,Connecticut Valley Youth Lacrosse,0.6749854431499973,Connecticut Valley Youth Lacrosse,0.7260012524169195,True,True
2026-05-17,Suffield 12U,Minnechaug 12U,Suffield 12U,Minnechaug 12U,0.5441143182819375,Minnechaug 12U,0.5587004876644921,False,False
2026-05-17,Wethersfield 12U A,Avon 12U,Avon 12U,Avon 12U,0.54951604341545,Avon 12U,0.565853704336713,True,True
2026-05-17,Suffield 12U White,Minnechaug 12U White,Tie,Minnechaug 12U White,0.5358842617761942,Minnechaug 12U White,0.5477818270713548,False,False
2026-05-17,Wethersfield 12U B,Avon 12U,Wethersfield 12U B,Avon 12U,0.5897142108251654,Avon 12U,0.6186240467856445,False,False
2026-05-17,RHAM 12U,West Hartford 12U Green,RHAM 12U,RHAM 12U,0.5624053888085944,RHAM 12U,0.5828717167925669,True,True
2026-05-17,Simsbury 12U A,Glastonbury 12U White,Glastonbury 12U White,Glastonbury 12U White,0.7007934185994117,Glastonbury 12U White,0.75671845615037,True,True
2026-05-18,Southington 12U Blue,Glastonbury 12U White,Glastonbury 12U White,Southington 12U Blue,0.5237424858304575,Southington 12U Blue,0.5316381464485624,False,False
2026-05-18,Southington 12U Blue,Connecticut Valley Youth Lacrosse,Connecticut Valley Youth Lacrosse,Southington 12U Blue,0.5096751528991484,Southington 12U Blue,0.5128989516230039,False,False
2026-05-18,Northampton 12U,East Longmeadow 12U White,Northampton 12U,East Longmeadow 12U White,0.5884542162709184,East Longmeadow 12U White,0.6169852937208085,False,False
2026-05-18,Southington 12U White,Glastonbury 12U Blue,Southington 12U White,Southington 12U White,0.5612903621654893,Southington 12U White,0.5814026578526574,True,True
2026-05-18,Ellington 12U,Granby 12U,Ellington 12U,Ellington 12U,0.5494870156178674,Ellington 12U,0.5658152951306609,True,True
2026-05-18,Bristol 12U,Berlin 12U A,Bristol 12U,Berlin 12U A,0.6285827282745342,Berlin 12U A,0.6685251313422378,False,False
2026-05-18,Minnechaug 12U,Somers 12U White,Minnechaug 12U,Minnechaug 12U,0.5205551501857655,Minnechaug 12U,0.5273948604963664,True,True
2026-05-18,Somers 12U Red,Minnechaug 12U White,Minnechaug 12U White,Minnechaug 12U White,0.6047008897422237,Minnechaug 12U White,0.6380217605512202,True,True
2026-05-18,Longmeadow 12U Black,Westfield 12U Red,Westfield 12U Red,Westfield 12U Red,0.6517340160533578,Westfield 12U Red,0.6975292826457065,True,True
2026-05-19,Newington 12U,Meriden 12U,Newington 12U,Meriden 12U,0.5771284808040299,Meriden 12U,0.6022052156112536,False,False
2026-05-19,Wolcott 12U,Bristol 12U,Wolcott 12U,Wolcott 12U,0.6839390055266751,Wolcott 12U,0.7367694389721128,True,True
2026-05-19,Suffield 12U,Agawam 12U,Suffield 12U,Suffield 12U,0.722159441063722,Suffield 12U,0.781358050114968,True,True
2026-05-19,Suffield 12U White,Wethersfield 12U B,Suffield 12U White,Suffield 12U White,0.5588586699047134,Suffield 12U White,0.5781967133657643,True,True
2026-05-19,South Hadley 12U,Longmeadow 12U Black,Longmeadow 12U Black,Longmeadow 12U Black,0.6917841898340296,Longmeadow 12U Black,0.7461087036809538,True,True
2026-05-19,Connecticut Valley Youth Lacrosse,Meriden 12U,Connecticut Valley Youth Lacrosse,Connecticut Valley Youth Lacrosse,0.591578999320922,Connecticut Valley Youth Lacrosse,0.6210472487891964,True,True
2026-05-19,Belchertown 12U,Connecticut Valley Youth Lacrosse,Connecticut Valley Youth Lacrosse,Connecticut Valley Youth Lacrosse,0.6196442670681378,Connecticut Valley Youth Lacrosse,0.6571722730670184,True,True
2026-05-19,Belchertown 12U,West Springfield 12U,West Springfield 12U,West Springfield 12U,0.690821157404288,West Springfield 12U,0.7449672165750819,True,True
2026-05-20,Westfield 12U Red,South Hadley 12U,Westfield 12U Red,Westfield 12U Red,0.8550893270863168,Westfield 12U Red,0.85,True,True
2026-05-20,Ellington 12U,Simsbury 12U A,Ellington 12U,Ellington 12U,0.637369162265922,Ellington 12U,0.6796037882955224,True,True
2026-05-20,Vernon 12U,Tolland 12U,Vernon 12U,Vernon 12U,0.7111724436465732,Vernon 12U,0.7687820654364589,True,True
2026-05-20,Belchertown 12U,East Longmeadow 12U A,Belchertown 12U,Belchertown 12U,0.521736649534707,Belchertown 12U,0.5289680016247912,True,True
2026-05-20,South Windsor 12U,West Hartford 12U Green,South Windsor 12U,West Hartford 12U Green,0.6102390785593018,West Hartford 12U Green,0.6451428332062834,False,False
2026-05-20,Simsbury 12U Blue,Glastonbury 12U Blue,Simsbury 12U Blue,Glastonbury 12U Blue,0.5147509045721099,Glastonbury 12U Blue,0.5196634351748264,False,False
2026-05-21,Suffield 12U White,Connecticut Valley Youth Lacrosse,Suffield 12U White,Suffield 12U White,0.5261950745072242,Suffield 12U White,0.5349019198316682,True,True
2026-05-21,Suffield 12U White,Westfield 12U Black,Suffield 12U White,Suffield 12U White,0.5810376314375534,Suffield 12U White,0.6073164444885056,True,True
2026-05-21,Connecticut Valley Youth Lacrosse,Tolland 12U,Connecticut Valley Youth Lacrosse,Connecticut Valley Youth Lacrosse,0.7717982309250836,Connecticut Valley Youth Lacrosse,0.8354364258811503,True,True
2026-05-21,Northampton 12U,West Springfield 12U,West Springfield 12U,West Springfield 12U,0.7281527727261656,West Springfield 12U,0.788130669233196,True,True
2026-05-21,Meriden 12U,Farmington 12U Red,Meriden 12U,Farmington 12U Red,0.5879250084008163,Farmington 12U Red,0.6162966597994726,False,False
2026-05-21,West Hartford 12U Gold,Longmeadow 12U Black,West Hartford 12U Gold,West Hartford 12U Gold,0.7035441920888187,West Hartford 12U Gold,0.7599326023436629,True,True
2026-05-21,Colchester 12U,Tolland 12U,Colchester 12U,Colchester 12U,0.7428615720166343,Colchester 12U,0.8044789671501478,True,True
2026-05-21,Northampton 12U,Connecticut Valley Youth Lacrosse,Connecticut Valley Youth Lacrosse,Connecticut Valley Youth Lacrosse,0.6823249125123277,Connecticut Valley Youth Lacrosse,0.7348367016704014,True,True
2026-05-22,Suffield 12U,Burlington 12U,Suffield 12U,Suffield 12U,0.6613378751188882,Suffield 12U,0.7093747374676104,True,True
2026-05-22,Simsbury 12U A,Westfield 12U Red,Westfield 12U Red,Westfield 12U Red,0.8449228318669675,Westfield 12U Red,0.85,True,True
2026-05-22,Southington 12U Blue,Wethersfield 12U A,Wethersfield 12U A,Wethersfield 12U A,0.530527231964149,Wethersfield 12U A,0.5406636557603178,True,True
2026-05-22,Somers 12U Red,East Longmeadow 12U White,Somers 12U Red,Somers 12U Red,0.5447180701247972,Somers 12U Red,0.5595005564566526,True,True
2026-05-22,Southington 12U White,Wethersfield 12U B,Wethersfield 12U B,Wethersfield 12U B,0.5376137253878064,Wethersfield 12U B,0.5500780979386992,True,True
2026-05-22,Farmington 12U Red,West Hartford 12U White,Tie,Farmington 12U Red,0.6414680338883163,Farmington 12U Red,0.6847429929686615,False,False
2026-05-23,Glastonbury 12U White,West Hartford 12U Gold,West Hartford 12U Gold,West Hartford 12U Gold,0.6389741764003478,West Hartford 12U Gold,0.6816184206670971,True,True
2026-05-23,Connecticut Valley Youth Lacrosse,RHAM 12U,RHAM 12U,RHAM 12U,0.6485656771132484,RHAM 12U,0.6935964403451707,True,True
2026-05-23,Connecticut Valley Youth Lacrosse,Vernon 12U,Vernon 12U,Connecticut Valley Youth Lacrosse,0.525547845227621,Connecticut Valley Youth Lacrosse,0.5340407436883208,False,False
2026-05-23,Meriden 12U,Berlin 12U A,Berlin 12U A,Berlin 12U A,0.5524031947167063,Berlin 12U A,0.5696721895420743,True,True
2026-05-23,Connecticut Valley Youth Lacrosse,West Hartford 12U Gold,West Hartford 12U Gold,West Hartford 12U Gold,0.6757588549923963,West Hartford 12U Gold,0.726935892762256,True,True
2026-05-23,Newington 12U,RHAM 12U,RHAM 12U,RHAM 12U,0.7873093084483838,RHAM 12U,0.85,True,True
2026-05-23,Colchester 12U,Vernon 12U,Vernon 12U,Vernon 12U,0.5055570288092919,Vernon 12U,0.50740913446908,True,True
2026-05-24,East Longmeadow 12U A,Northampton 12U,East Longmeadow 12U A,East Longmeadow 12U A,0.5246344780842156,East Longmeadow 12U A,0.5328253052722144,True,True
2026-05-26,Wethersfield 12U A,West Springfield 12U,West Springfield 12U,West Springfield 12U,0.5889234364872526,West Springfield 12U,0.617595698543497,True,True
2026-05-26,Suffield 12U White,Somers 12U Red,Suffield 12U White,Suffield 12U White,0.5864746027800433,Suffield 12U White,0.6144082815220433,True,True
2026-05-26,Northampton 12U,Belchertown 12U,Belchertown 12U,Belchertown 12U,0.594644189508995,Belchertown 12U,0.6250246191103458,True,True
2026-05-26,Wethersfield 12U A,Connecticut Valley Youth Lacrosse,Connecticut Valley Youth Lacrosse,Connecticut Valley Youth Lacrosse,0.5157574641565964,Connecticut Valley Youth Lacrosse,0.5210045428713194,True,True
2026-05-26,South Hadley 12U,Agawam 12U,Agawam 12U,Agawam 12U,0.6670389334100085,Agawam 12U,0.716350543531597,True,True
2026-05-26,Suffield 12U,South Windsor 12U,Suffield 12U,Suffield 12U,0.6865680660999136,Suffield 12U,0.7399093651502464,True,True
2026-05-26,Ellington 12U,RHAM 12U,RHAM 12U,RHAM 12U,0.7240473272707599,RHAM 12U,0.7834981902355583,True,True
2026-05-27,Berlin 12U A,Bristol 12U,Berlin 12U A,Berlin 12U A,0.6129718858203558,Berlin 12U A,0.6486466370497208,True,True
2026-05-27,Westfield 12U Red,Longmeadow 12U Black,Westfield 12U Red,Westfield 12U Red,0.7315032962509375,Westfield 12U Red,0.7918891889309089,True,True
2026-05-27,Connecticut Valley Youth Lacrosse,West Springfield 12U,Connecticut Valley Youth Lacrosse,West Springfield 12U,0.5895389681891956,West Springfield 12U,0.6183961951940196,False,False
2026-05-27,Vernon 12U,West Hartford 12U Green,West Hartford 12U Green,West Hartford 12U Green,0.5598172501004635,West Hartford 12U Green,0.5794608555891514,True,True
2026-05-27,Colchester 12U,South Windsor 12U,South Windsor 12U,Colchester 12U,0.515435350729693,Colchester 12U,0.5205753832767281,False,False
2026-05-27,Connecticut Valley Youth Lacrosse,South Windsor 12U,South Windsor 12U,Connecticut Valley Youth Lacrosse,0.5171327029310588,Connecticut Valley Youth Lacrosse,0.5228366511995611,False,False
2026-05-27,Minnechaug 12U White,Somers 12U Red,Minnechaug 12U White,Minnechaug 12U White,0.6057914724661451,Minnechaug 12U White,0.6394261615205661,True,True
2026-05-27,Wolcott 12U,Farmington 12U Black,Wolcott 12U,Wolcott 12U,0.7498111724157545,Wolcott 12U,0.8120634312573756,True,True
2026-05-27,Minnechaug 12U,Somers 12U White,Minnechaug 12U,Minnechaug 12U,0.5402628955493795,Minnechaug 12U,0.5535936754261988,True,True
2026-05-27,Suffield 12U White,West Hartford 12U White,Suffield 12U White,Suffield 12U White,0.6975188667422813,Suffield 12U White,0.7528767263033571,True,True
2026-05-28,Longmeadow 12U Black,Agawam 12U,Longmeadow 12U Black,Longmeadow 12U Black,0.5033460705150192,Longmeadow 12U Black,0.5044613755526016,True,True
2026-05-28,West Hartford 12U Gold,Bristol 12U,West Hartford 12U Gold,West Hartford 12U Gold,0.761865345924282,West Hartford 12U Gold,0.8249972053190279,True,True
2026-05-29,Middletown 12U,Meriden 12U,Meriden 12U,Meriden 12U,0.59609922438648,Meriden 12U,0.6269101278640126,True,True
2026-05-29,Suffield 12U,Simsbury 12U A,Suffield 12U,Suffield 12U,0.8675689878517443,Suffield 12U,0.85,True,True
2026-05-29,Glastonbury 12U Blue,Simsbury 12U Blue,Glastonbury 12U Blue,Glastonbury 12U Blue,0.5038075099040644,Glastonbury 12U Blue,0.5050766035494554,True,True
2026-05-30,Southington 12U White,Wolcott 12U,Wolcott 12U,Wolcott 12U,0.7085217961735615,Wolcott 12U,0.7657178238670715,True,True
2026-05-30,Granby 12U,Avon 12U,Granby 12U,Avon 12U,0.6647113903953971,Avon 12U,0.7135077240224752,False,False
2026-05-31,Bristol 12U,West Hartford 12U White,Bristol 12U,Bristol 12U,0.5543758779844865,Bristol 12U,0.5722791551022633,True,True
2026-06-01,Belchertown 12U,Simsbury,Belchertown 12U,Simsbury,0.5683044287839167,Simsbury,0.590632843179276,False,False
2026-06-01,East Longmeadow 12U White,Glastonbury 12U Blue,East Longmeadow 12U White,East Longmeadow 12U White,0.504200848500787,East Longmeadow 12U White,0.5056010288304197,True,True
2026-06-02,Southington 12U White,West Hartford 12U White,Southington 12U White,Southington 12U White,0.5285811423162573,Southington 12U White,0.5380759186194726,True,True
2026-06-02,Bristol 12U,Granby 12U,Bristol 12U,Bristol 12U,0.5171178982419453,Bristol 12U,0.5228169296208411,True,True
2026-06-03,Ellington 12U,Vernon 12U,Ellington 12U,Vernon 12U,0.5597152194202266,Vernon 12U,0.5793263225220433,False,False
2026-06-03,RHAM 12U,West Hartford Green,RHAM 12U,RHAM 12U,0.7138708857884698,RHAM 12U,0.7718896228364116,True,True
2026-06-03,Connecticut Valley Youth Lacrosse,Simsbury 14U Blue,Connecticut Valley Youth Lacrosse,Connecticut Valley Youth Lacrosse,0.5408359136157628,Connecticut Valley Youth Lacrosse,0.5543537958606208,True,True
2026-06-03,South Hadley 12U,Northampton 12U,South Hadley 12U,Northampton 12U,0.5962687691531001,Northampton 12U,0.6271297247886796,False,False
2026-06-03,Meriden 12U,Middletown 12U,Meriden 12U,Meriden 12U,0.6267528429107632,Meriden 12U,0.6662075659341934,True,True
2026-06-03,Avon 12U B,Wethersfield 12U B,Wethersfield 12U B,Avon 12U B,0.543771514500723,Avon 12U B,0.5582461579139875,False,False
2026-06-03,South Windsor 12U,Southington 12U Blue,Southington 12U Blue,South Windsor 12U,0.5726226895077352,South Windsor 12U,0.5963018814823267,False,False
2026-06-04,Connecticut Valley Youth Lacrosse,Tolland,Connecticut Valley Youth Lacrosse,Connecticut Valley Youth Lacrosse,0.5445210360005915,Connecticut Valley Youth Lacrosse,0.5592394691237723,True,True
2026-06-04,Wolcott 12U,Berlin 12U A,Wolcott 12U,Wolcott 12U,0.6121232059101207,Wolcott 12U,0.6475592505434422,True,True
2026-06-06,Ellington 12U,Wolcott 12U,Ellington 12U,Wolcott 12U,0.6692456008821168,Wolcott 12U,0.7190390564030213,False,False
