team,elo,games_played
West Springfield 12U,1687.4784025018207,20
West Hartford 12U Gold,1678.4969931025184,11
Suffield 12U,1654.0130677744455,12
Westfield 12U Red,1653.7978902412246,11
RHAM 12U,1647.93102175694,10
Wolcott 12U,1608.538659467595,16
Minnechaug 12U,1605.3136406305937,12
Suffield 12U White,1602.0976873007867,12
Minnechaug 12U White,1580.1079562572638,10
West Hartford 12U Green,1560.9441358672495,9
Avon 12U B,1543.8562556014,7
Belchertown 12U,1536.400743281973,10
Connecticut Valley Youth Lacrosse,1532.0468788632381,452
Glastonbury 12U White,1529.9336981016631,8
Suffield Juniors 1 Blue,1527.7625439630108,1
Southington 12U Blue,1526.658462199328,12
Avon 12U,1526.4072987665666,5
Wethersfield 12U B,1526.1666944267854,9
Ellington 12U,1525.2269748659564,9
Somers Juniors,1520.5783046630008,1
Wethersfield 12U A,1518.9099775477205,7
Meriden 12U,1515.0173670190295,12
Berkshire,1514.279913407626,1
Farmington 12U Red,1510.0268937946435,8
Suffield B,1509.34596531285,1
Berlin 12U A,1500.1120041466331,11
Burlington 12U,1499.2137111236668,8
Westfield 12U Black,1496.1839950437725,9
Longmeadow 12U White,1489.3272951948734,1
Vernon 12U,1489.0164362830349,10
Simsbury,1486.3233658368133,1
Somers 12U White,1484.2414539246029,7
West Hartford Green,1483.923869276489,1
Simsbury 14U Blue,1482.4651115362706,1
South Windsor 12U,1481.7455735965702,11
Tolland,1479.7290498540913,1
Longmeadow 12U Black,1478.89535973322,10
Colchester 12U,1477.4089504013596,7
East Longmeadow 12U White,1472.2524513895366,8
Somers 12U Red,1471.8943314394091,8
Southington 12U White,1466.0675440303532,9
Agawam 12U,1461.8630186278522,12
East Longmeadow 12U A,1449.4862196615345,13
Granby 12U,1439.3818647699536,9
Bristol 12U,1438.0103615152634,15
Newington 12U,1422.8090847744586,11
Glastonbury 12U Blue,1414.269812598927,11
Farmington 12U Black,1407.2806521298517,7
Simsbury 12U Blue,1406.799870289177,11
Middletown 12U,1384.006593892055,10
Northampton 12U,1377.457137143132,12
West Hartford 12U White,1372.4641122307494,11
Tolland 12U,1364.6071862286453,7
Simsbury 12U A,1343.617774789653,11
South Hadley 12U,1337.8083818228208,13
