game_date,game_time,season,division,raw_home_team,raw_away_team,home_team,away_team,home_score,away_score,status,source_name,source_url,game_id
2026-04-04,,2026,U12 Boys,Connecticut Valley Youth Lacrosse,Burlington 12U,Connecticut Valley Youth Lacrosse,Burlington 12U,2,9,completed,meriden_12u,https://www.cvyl.org/team/225906/games,854cb0a420e3e87e
2026-04-04,,2026,U12 Boys,Meriden 12U,Connecticut Valley Youth Lacrosse,Meriden 12U,Connecticut Valley Youth Lacrosse,2,9,completed,burlington_12u,https://www.cvyl.org/team/225898/games,b9eb8fd793ea9472
2026-04-06,,2026,U12 Boys,Connecticut Valley Youth Lacrosse,Burlington 12U,Connecticut Valley Youth Lacrosse,Burlington 12U,4,13,completed,farmington_12u_black,https://www.cvyl.org/team/225902/games,4151a96de41b9e06
2026-04-06,,2026,U12 Boys,Farmington 12U Black,Connecticut Valley Youth Lacrosse,Farmington 12U Black,Connecticut Valley Youth Lacrosse,4,13,completed,burlington_12u,https://www.cvyl.org/team/225898/games,1a4c5eeb8d2b43c1
2026-04-09,,2026,U12 Boys,Connecticut Valley Youth Lacrosse,Ellington 12U,Connecticut Valley Youth Lacrosse,Ellington 12U,15,2,completed,west_hartford_12u_gold,https://www.cvyl.org/team/225920/games,ba0b3e32aed538e5
2026-04-09,,2026,U12 Boys,Connecticut Valley Youth Lacrosse,Westfield 12U Black,Connecticut Valley Youth Lacrosse,Westfield 12U Black,4,2,completed,suffield_12u_white,https://www.cvyl.org/team/225938/games,8eff7c54188d90c9
2026-04-09,,2026,U12 Boys,Suffield 12U White,Connecticut Valley Youth Lacrosse,Suffield 12U White,Connecticut Valley Youth Lacrosse,4,2,completed,westfield_12u_black,https://www.cvyl.org/team/225922/games,f39f8d39b2a31436
2026-04-09,,2026,U12 Boys,West Hartford 12U Gold,Connecticut Valley Youth Lacrosse,West Hartford 12U Gold,Connecticut Valley Youth Lacrosse,15,2,completed,ellington_12u,https://www.cvyl.org/team/225901/games,729e4a2ff513fa40
2026-04-10,,2026,U12 Boys,Connecticut Valley Youth Lacrosse,Westfield 12U Red,Connecticut Valley Youth Lacrosse,Westfield 12U Red,0,14,completed,east_longmeadow_12u_a,https://www.cvyl.org/team/225900/games,36c329bf225a8a70
2026-04-10,,2026,U12 Boys,East Longmeadow 12U A,Connecticut Valley Youth Lacrosse,East Longmeadow 12U A,Connecticut Valley Youth Lacrosse,0,14,completed,westfield_12u_red,https://www.cvyl.org/team/225923/games,c5f90e5b1e1540af
2026-04-11,,2026,U12 Boys,Connecticut Valley Youth Lacrosse,Newington 12U,Connecticut Valley Youth Lacrosse,Newington 12U,2,4,completed,meriden_12u,https://www.cvyl.org/team/225906/games,773d1a4ca4c750bb
2026-04-11,,2026,U12 Boys,Connecticut Valley Youth Lacrosse,South Hadley 12U,Connecticut Valley Youth Lacrosse,South Hadley 12U,20,3,completed,minnechaug_12u,https://www.cvyl.org/team/225908/games,38aa5ac5697f129e
2026-04-11,,2026,U12 Boys,Meriden 12U,Newington 12U,Meriden 12U,Newington 12U,2,4,completed,newington_12u,https://www.cvyl.org/team/225909/games,df4edf5d3e859650
2026-04-11,,2026,U12 Boys,Minnechaug 12U,Connecticut Valley Youth Lacrosse,Minnechaug 12U,Connecticut Valley Youth Lacrosse,20,3,completed,south_hadley_12u,https://www.cvyl.org/team/225914/games,5f32622b84b09838
2026-04-11,,2026,U12 Boys,Minnechaug 12U White,Connecticut Valley Youth Lacrosse,Minnechaug 12U White,Connecticut Valley Youth Lacrosse,5,5,completed,westfield_12u_black,https://www.cvyl.org/team/225922/games,1602d8344539e8a3
2026-04-11,,2026,U12 Boys,Minnechaug 12U White,Westfield 12U Black,Minnechaug 12U White,Westfield 12U Black,5,5,completed,minnechaug_12u_white,https://www.cvyl.org/team/225933/games,39cd61ca8b599f04
2026-04-12,,2026,U12 Boys,Connecticut Valley Youth Lacrosse,Northampton 12U,Connecticut Valley Youth Lacrosse,Northampton 12U,10,6,completed,east_longmeadow_12u_white,https://www.cvyl.org/team/225928/games,52ef78622739b7a7
2026-04-12,,2026,U12 Boys,East Longmeadow 12U White,Connecticut Valley Youth Lacrosse,East Longmeadow 12U White,Connecticut Valley Youth Lacrosse,10,6,completed,northampton_12u,https://www.cvyl.org/team/225910/games,5ee6b94c1912f763
2026-04-13,,2026,U12 Boys,Connecticut Valley Youth Lacrosse,Westfield 12U Red,Connecticut Valley Youth Lacrosse,Westfield 12U Red,2,6,completed,minnechaug_12u,https://www.cvyl.org/team/225908/games,d0cbb5c84e669106
2026-04-13,,2026,U12 Boys,Minnechaug 12U,Connecticut Valley Youth Lacrosse,Minnechaug 12U,Connecticut Valley Youth Lacrosse,2,6,completed,westfield_12u_red,https://www.cvyl.org/team/225923/games,bda7a40de134d301
2026-04-14,,2026,U12 Boys,Connecticut Valley Youth Lacrosse,East Longmeadow 12U A,Connecticut Valley Youth Lacrosse,East Longmeadow 12U A,6,11,completed,south_hadley_12u,https://www.cvyl.org/team/225914/games,58740d76179979fc
2026-04-14,,2026,U12 Boys,South Hadley 12U,Connecticut Valley Youth Lacrosse,South Hadley 12U,Connecticut Valley Youth Lacrosse,6,11,completed,east_longmeadow_12u_a,https://www.cvyl.org/team/225900/games,7c487185eddaa50e
2026-04-15,,2026,U12 Boys,Agawam 12U,Connecticut Valley Youth Lacrosse,Agawam 12U,Connecticut Valley Youth Lacrosse,3,10,completed,westfield_12u_red,https://www.cvyl.org/team/225923/games,42e31f30a58f246f
2026-04-15,,2026,U12 Boys,Connecticut Valley Youth Lacrosse,Westfield 12U Black,Connecticut Valley Youth Lacrosse,Westfield 12U Black,5,8,completed,northampton_12u,https://www.cvyl.org/team/225910/games,c7729aa8d5238fc4
2026-04-15,,2026,U12 Boys,Connecticut Valley Youth Lacrosse,Westfield 12U Red,Connecticut Valley Youth Lacrosse,Westfield 12U Red,3,10,completed,agawam_12u,https://www.cvyl.org/team/225891/games,2ec2b47ed2187cdf
2026-04-15,,2026,U12 Boys,Granby,Connecticut Valley Youth Lacrosse,Granby 12U,Connecticut Valley Youth Lacrosse,1,7,completed,somers_12u_white,https://www.cvyl.org/team/225913/games,7d9f576570a7f3f7
2026-04-15,,2026,U12 Boys,Newington 12U,Connecticut Valley Youth Lacrosse,Newington 12U,Connecticut Valley Youth Lacrosse,4,9,completed,wolcott_12u,https://www.cvyl.org/team/225925/games,3f91756fb0e9ceef
2026-04-15,,2026,U12 Boys,Newington 12U,Wolcott 12U,Newington 12U,Wolcott 12U,4,9,completed,newington_12u,https://www.cvyl.org/team/225909/games,f7e6b3881ea21f53
2026-04-15,,2026,U12 Boys,Northampton 12U,Connecticut Valley Youth Lacrosse,Northampton 12U,Connecticut Valley Youth Lacrosse,5,8,completed,westfield_12u_black,https://www.cvyl.org/team/225922/games,6b430695a3a2d201
2026-04-15,,2026,U12 Boys,Somers Juniors,Connecticut Valley Youth Lacrosse,Somers Juniors,Connecticut Valley Youth Lacrosse,8,1,completed,granby_12u,https://www.cvyl.org/team/225904/games,f821152d4a7d3066
2026-04-16,,2026,U12 Boys,Connecticut Valley Youth Lacrosse,Bristol 12U,Connecticut Valley Youth Lacrosse,Bristol 12U,14,1,completed,southington_12u_blue,https://www.cvyl.org/team/225916/games,6e1e022892b1b5e6
2026-04-16,,2026,U12 Boys,Connecticut Valley Youth Lacrosse,East Longmeadow 12U A,Connecticut Valley Youth Lacrosse,East Longmeadow 12U A,7,10,completed,northampton_12u,https://www.cvyl.org/team/225910/games,362d6eb16fd2c3b9
2026-04-16,,2026,U12 Boys,Northampton 12U,Connecticut Valley Youth Lacrosse,Northampton 12U,Connecticut Valley Youth Lacrosse,7,10,completed,east_longmeadow_12u_a,https://www.cvyl.org/team/225900/games,608404c5544321c3
2026-04-16,,2026,U12 Boys,Southington 12U Blue,Connecticut Valley Youth Lacrosse,Southington 12U Blue,Connecticut Valley Youth Lacrosse,14,1,completed,bristol_12u,https://www.cvyl.org/team/225897/games,ec637184f11d203b
2026-04-17,,2026,U12 Boys,Agawam 12U,Connecticut Valley Youth Lacrosse,Agawam 12U,Connecticut Valley Youth Lacrosse,2,11,completed,minnechaug_12u,https://www.cvyl.org/team/225908/games,c6bb155bee0be338
2026-04-17,,2026,U12 Boys,Connecticut Valley Youth Lacrosse,Minnechaug 12U,Connecticut Valley Youth Lacrosse,Minnechaug 12U,2,11,completed,agawam_12u,https://www.cvyl.org/team/225891/games,e5a6bc6a79dfa164
2026-04-17,,2026,U12 Boys,Minnechaug 12U White,Belchertown 12U,Minnechaug 12U White,Belchertown 12U,8,3,completed,minnechaug_12u_white,https://www.cvyl.org/team/225933/games,d4c08072b854220f
2026-04-17,,2026,U12 Boys,Minnechaug 12U White,Connecticut Valley Youth Lacrosse,Minnechaug 12U White,Connecticut Valley Youth Lacrosse,8,3,completed,belchertown_12u,https://www.cvyl.org/team/225894/games,ce0e51b4c82f9d2f
2026-04-17,,2026,U12 Boys,Somers 12U Red,Connecticut Valley Youth Lacrosse,Somers 12U Red,Connecticut Valley Youth Lacrosse,3,4,completed,westfield_12u_black,https://www.cvyl.org/team/225922/games,0e50ca430ed8c0bb
2026-04-17,,2026,U12 Boys,Somers 12U Red,Westfield 12U Black,Somers 12U Red,Westfield 12U Black,3,4,completed,somers_12u_red,https://www.cvyl.org/team/225936/games,c89d9b40be5b0a5d
2026-04-18,,2026,U12 Boys,Connecticut Valley Youth Lacrosse,Wolcott 12U,Connecticut Valley Youth Lacrosse,Wolcott 12U,3,6,completed,meriden_12u,https://www.cvyl.org/team/225906/games,f00e7622dcb450c8
2026-04-18,,2026,U12 Boys,Meriden 12U,Connecticut Valley Youth Lacrosse,Meriden 12U,Connecticut Valley Youth Lacrosse,3,6,completed,wolcott_12u,https://www.cvyl.org/team/225925/games,d3f7f8200927d90c
2026-04-19,,2026,U12 Boys,Connecticut Valley Youth Lacrosse,Bristol 12U,Connecticut Valley Youth Lacrosse,Bristol 12U,0,1,completed,middletown_12u,https://www.cvyl.org/team/225907/games,51cb1b6a16077c16
2026-04-19,,2026,U12 Boys,Connecticut Valley Youth Lacrosse,Somers 12U Red,Connecticut Valley Youth Lacrosse,Somers 12U Red,4,5,completed,simsbury_12u_blue,https://www.cvyl.org/team/225935/games,954ea13285e14129
2026-04-19,,2026,U12 Boys,Middletown 12U,Connecticut Valley Youth Lacrosse,Middletown 12U,Connecticut Valley Youth Lacrosse,0,1,completed,bristol_12u,https://www.cvyl.org/team/225897/games,788c5b36a285a6f0
2026-04-19,,2026,U12 Boys,Simsbury 12U Blue,Somers 12U Red,Simsbury 12U Blue,Somers 12U Red,4,5,completed,somers_12u_red,https://www.cvyl.org/team/225936/games,966a774eec8e8383
2026-04-20,,2026,U12 Boys,Connecticut Valley Youth Lacrosse,Somers 12U White,Connecticut Valley Youth Lacrosse,Somers 12U White,13,0,completed,suffield_12u,https://www.cvyl.org/team/225917/games,cb71933c6e72bcec
2026-04-20,,2026,U12 Boys,Connecticut Valley Youth Lacrosse,Southington 12U Blue,Connecticut Valley Youth Lacrosse,Southington 12U Blue,7,6,completed,south_windsor_12u,https://www.cvyl.org/team/225915/games,5305622defff6c20
2026-04-20,,2026,U12 Boys,South Windsor 12U,Connecticut Valley Youth Lacrosse,South Windsor 12U,Connecticut Valley Youth Lacrosse,7,6,completed,southington_12u_blue,https://www.cvyl.org/team/225916/games,82a5ff26c55cfe6c
2026-04-20,,2026,U12 Boys,Suffield 12U,Connecticut Valley Youth Lacrosse,Suffield 12U,Connecticut Valley Youth Lacrosse,13,0,completed,somers_12u_white,https://www.cvyl.org/team/225913/games,1332e78837015747
2026-04-21,,2026,U12 Boys,Connecticut Valley Youth Lacrosse,East Longmeadow 12U White,Connecticut Valley Youth Lacrosse,East Longmeadow 12U White,9,3,completed,suffield_12u_white,https://www.cvyl.org/team/225938/games,47ac37a8843ccf36
2026-04-21,,2026,U12 Boys,Connecticut Valley Youth Lacrosse,Simsbury 12U Blue,Connecticut Valley Youth Lacrosse,Simsbury 12U Blue,6,4,completed,wethersfield_12u_b,https://www.cvyl.org/team/225943/games,25153c51b785cbbb
2026-04-21,,2026,U12 Boys,Connecticut Valley Youth Lacrosse,West Springfield,Connecticut Valley Youth Lacrosse,West Springfield 12U,5,3,completed,somers_12u_white,https://www.cvyl.org/team/225913/games,69e8bf9de794a958
2026-04-21,,2026,U12 Boys,Somers 12U Red,West Springfield,Somers 12U Red,West Springfield 12U,3,4,completed,somers_12u_red,https://www.cvyl.org/team/225936/games,63f0fbf7d9b56b7b
2026-04-21,,2026,U12 Boys,Suffield 12U White,Connecticut Valley Youth Lacrosse,Suffield 12U White,Connecticut Valley Youth Lacrosse,9,3,completed,east_longmeadow_12u_white,https://www.cvyl.org/team/225928/games,7736c96fcd703c4d
2026-04-21,,2026,U12 Boys,Wethersfield 12U B,Connecticut Valley Youth Lacrosse,Wethersfield 12U B,Connecticut Valley Youth Lacrosse,6,4,completed,simsbury_12u_blue,https://www.cvyl.org/team/225935/games,6524b1e0579aa42d
2026-04-22,,2026,U12 Boys,Connecticut Valley Youth Lacrosse,Farmington 12U Red,Connecticut Valley Youth Lacrosse,Farmington 12U Red,7,0,completed,west_hartford_12u_green,https://www.cvyl.org/team/225939/games,5c211eb83d0befc8
2026-04-22,,2026,U12 Boys,Connecticut Valley Youth Lacrosse,Newington 12U,Connecticut Valley Youth Lacrosse,Newington 12U,7,1,completed,granby_12u,https://www.cvyl.org/team/225904/games,df1810c987b55a87
2026-04-22,,2026,U12 Boys,Connecticut Valley Youth Lacrosse,Suffield 12U,Connecticut Valley Youth Lacrosse,Suffield 12U,1,12,completed,south_windsor_12u,https://www.cvyl.org/team/225915/games,ad6f3cf22ac05e18
2026-04-22,,2026,U12 Boys,Connecticut Valley Youth Lacrosse,Vernon 12U,Connecticut Valley Youth Lacrosse,Vernon 12U,10,2,completed,rham_12u,https://www.cvyl.org/team/225911/games,474c49190e5856bd
2026-04-22,,2026,U12 Boys,Connecticut Valley Youth Lacrosse,West Hartford 12U White,Connecticut Valley Youth Lacrosse,West Hartford 12U White,6,2,completed,glastonbury_12u_blue,https://www.cvyl.org/team/225930/games,e7bf1f825cc3bfdc
2026-04-22,,2026,U12 Boys,Connecticut Valley Youth Lacrosse,Wolcott 12U,Connecticut Valley Youth Lacrosse,Wolcott 12U,9,3,completed,southington_12u_blue,https://www.cvyl.org/team/225916/games,d047cf94f598c393
2026-04-22,,2026,U12 Boys,Glastonbury 12U Blue,Connecticut Valley Youth Lacrosse,Glastonbury 12U Blue,Connecticut Valley Youth Lacrosse,6,2,completed,west_hartford_12u_white,https://www.cvyl.org/team/225940/games,f1a3f1d86f407361
2026-04-22,,2026,U12 Boys,RHAM 12U,Connecticut Valley Youth Lacrosse,RHAM 12U,Connecticut Valley Youth Lacrosse,10,2,completed,vernon_12u,https://www.cvyl.org/team/225919/games,6ba833ad530b3d8d
2026-04-22,,2026,U12 Boys,South Windsor 12U,Connecticut Valley Youth Lacrosse,South Windsor 12U,Connecticut Valley Youth Lacrosse,1,12,completed,suffield_12u,https://www.cvyl.org/team/225917/games,f855a6a4a17b66cf
2026-04-22,,2026,U12 Boys,Southington 12U Blue,Connecticut Valley Youth Lacrosse,Southington 12U Blue,Connecticut Valley Youth Lacrosse,9,3,completed,wolcott_12u,https://www.cvyl.org/team/225925/games,51db3be9e2e6b22f
2026-04-22,,2026,U12 Boys,West Hartford 12U Green,Connecticut Valley Youth Lacrosse,West Hartford 12U Green,Connecticut Valley Youth Lacrosse,7,0,completed,farmington_12u_red,https://www.cvyl.org/team/225929/games,68fbcf66d7b120ad
2026-04-23,,2026,U12 Boys,Connecticut Valley Youth Lacrosse,Ellington 12U,Connecticut Valley Youth Lacrosse,Ellington 12U,14,0,completed,suffield_12u,https://www.cvyl.org/team/225917/games,d1cb6d2833d694cf
2026-04-23,,2026,U12 Boys,Connecticut Valley Youth Lacrosse,Farmington 12U Black,Connecticut Valley Youth Lacrosse,Farmington 12U Black,16,0,completed,west_hartford_12u_gold,https://www.cvyl.org/team/225920/games,f5cad7308dbba4a2
2026-04-23,,2026,U12 Boys,Suffield 12U,Connecticut Valley Youth Lacrosse,Suffield 12U,Connecticut Valley Youth Lacrosse,14,0,completed,ellington_12u,https://www.cvyl.org/team/225901/games,16fd11ae9cfb3461
2026-04-23,,2026,U12 Boys,West Hartford 12U Gold,Connecticut Valley Youth Lacrosse,West Hartford 12U Gold,Connecticut Valley Youth Lacrosse,16,0,completed,farmington_12u_black,https://www.cvyl.org/team/225902/games,0da91d456ea3f936
2026-04-24,,2026,U12 Boys,Berlin 12U A,Connecticut Valley Youth Lacrosse,Berlin 12U A,Connecticut Valley Youth Lacrosse,2,4,completed,wolcott_12u,https://www.cvyl.org/team/225925/games,381752ac51671dc0
2026-04-24,,2026,U12 Boys,Colchester 12U,Connecticut Valley Youth Lacrosse,Colchester 12U,Connecticut Valley Youth Lacrosse,4,2,completed,middletown_12u,https://www.cvyl.org/team/225907/games,2397240b2a85900b
2026-04-24,,2026,U12 Boys,Connecticut Valley Youth Lacrosse,Bristol 12U,Connecticut Valley Youth Lacrosse,Bristol 12U,2,7,completed,southington_12u_white,https://www.cvyl.org/team/225937/games,1ab4c600a6ec71ac
2026-04-24,,2026,U12 Boys,Connecticut Valley Youth Lacrosse,Middletown 12U,Connecticut Valley Youth Lacrosse,Middletown 12U,4,2,completed,colchester_12u,https://www.cvyl.org/team/225899/games,7475f9d1d0db638b
2026-04-24,,2026,U12 Boys,Connecticut Valley Youth Lacrosse,Wethersfield 12U A,Connecticut Valley Youth Lacrosse,Wethersfield 12U A,9,11,completed,simsbury_12u_a,https://www.cvyl.org/team/225912/games,133573704b969964
2026-04-24,,2026,U12 Boys,Connecticut Valley Youth Lacrosse,Wolcott 12U,Connecticut Valley Youth Lacrosse,Wolcott 12U,2,4,completed,berlin_12u_a,https://www.cvyl.org/team/225896/games,393c69edbece1ade
2026-04-24,,2026,U12 Boys,Simsbury 12U A,Connecticut Valley Youth Lacrosse,Simsbury 12U A,Connecticut Valley Youth Lacrosse,9,11,completed,wethersfield_12u_a,https://www.cvyl.org/team/225924/games,6ceb06b7607eee26
2026-04-24,,2026,U12 Boys,Southington 12U White,Connecticut Valley Youth Lacrosse,Southington 12U White,Connecticut Valley Youth Lacrosse,2,7,completed,bristol_12u,https://www.cvyl.org/team/225897/games,1f7c914ea1d90df6
2026-04-25,,2026,U12 Boys,Avon 12U,Connecticut Valley Youth Lacrosse,Avon 12U,Connecticut Valley Youth Lacrosse,8,3,completed,southington_12u_blue,https://www.cvyl.org/team/225916/games,f954d75740877c34
2026-04-25,,2026,U12 Boys,Avon 12U B,Connecticut Valley Youth Lacrosse,Avon 12U B,Connecticut Valley Youth Lacrosse,4,1,completed,west_hartford_12u_white,https://www.cvyl.org/team/225940/games,83d9947254e82c62
2026-04-25,,2026,U12 Boys,Connecticut Valley Youth Lacrosse,Ellington 12U,Connecticut Valley Youth Lacrosse,Ellington 12U,5,7,completed,vernon_12u,https://www.cvyl.org/team/225919/games,f078c9d87ef0a804
2026-04-25,,2026,U12 Boys,Connecticut Valley Youth Lacrosse,Minnechaug 12U White,Connecticut Valley Youth Lacrosse,Minnechaug 12U White,2,9,completed,westfield_12u_black,https://www.cvyl.org/team/225922/games,1e5f270c6d498aef
2026-04-25,,2026,U12 Boys,Connecticut Valley Youth Lacrosse,Newington 12U,Connecticut Valley Youth Lacrosse,Newington 12U,17,1,completed,west_hartford_12u_gold,https://www.cvyl.org/team/225920/games,838de0821326515d
2026-04-25,,2026,U12 Boys,Connecticut Valley Youth Lacrosse,Simsbury 12U Blue,Connecticut Valley Youth Lacrosse,Simsbury 12U Blue,6,3,completed,suffield_12u_white,https://www.cvyl.org/team/225938/games,9541dfa02af1b28d
2026-04-25,,2026,U12 Boys,Connecticut Valley Youth Lacrosse,Southington 12U Blue,Connecticut Valley Youth Lacrosse,Southington 12U Blue,8,3,completed,avon_12u,https://www.cvyl.org/team/225893/games,f70dc207bd2e269d
2026-04-25,,2026,U12 Boys,Connecticut Valley Youth Lacrosse,Suffield Juniors 1 Blue,Connecticut Valley Youth Lacrosse,Suffield Juniors 1 Blue,0,13,completed,granby_12u,https://www.cvyl.org/team/225904/games,825beccb6712c484
2026-04-25,,2026,U12 Boys,Connecticut Valley Youth Lacrosse,Vernon,Connecticut Valley Youth Lacrosse,Vernon 12U,7,5,completed,ellington_12u,https://www.cvyl.org/team/225901/games,6648fb04f0447740
2026-04-25,,2026,U12 Boys,Connecticut Valley Youth Lacrosse,West Hartford 12U White,Connecticut Valley Youth Lacrosse,West Hartford 12U White,4,1,completed,avon_12u_b,https://www.cvyl.org/team/225869/games,b457480f351df8db
2026-04-25,,2026,U12 Boys,Suffield 12U White,Connecticut Valley Youth Lacrosse,Suffield 12U White,Connecticut Valley Youth Lacrosse,6,3,completed,simsbury_12u_blue,https://www.cvyl.org/team/225935/games,de94ff18146e8f6d
2026-04-25,,2026,U12 Boys,West Hartford 12U Gold,Newington 12U,West Hartford 12U Gold,Newington 12U,17,1,completed,newington_12u,https://www.cvyl.org/team/225909/games,91bb3d8d88b59b33
2026-04-25,,2026,U12 Boys,Westfield 12U Black,Minnechaug 12U White,Westfield 12U Black,Minnechaug 12U White,2,9,completed,minnechaug_12u_white,https://www.cvyl.org/team/225933/games,3bf2d41b33a33585
2026-04-26,,2026,U12 Boys,Avon 12U,Connecticut Valley Youth Lacrosse,Avon 12U,Connecticut Valley Youth Lacrosse,5,8,completed,west_hartford_12u_gold,https://www.cvyl.org/team/225920/games,7848a45f0e7eec10
2026-04-26,,2026,U12 Boys,Avon 12U B,Connecticut Valley Youth Lacrosse,Avon 12U B,Connecticut Valley Youth Lacrosse,4,5,completed,west_hartford_12u_green,https://www.cvyl.org/team/225939/games,5cda15f6cc026608
2026-04-26,,2026,U12 Boys,Connecticut Valley Youth Lacrosse,Glastonbury 12U Blue,Connecticut Valley Youth Lacrosse,Glastonbury 12U Blue,6,1,completed,wethersfield_12u_b,https://www.cvyl.org/team/225943/games,2fdcce3efd6ffac1
2026-04-26,,2026,U12 Boys,Connecticut Valley Youth Lacrosse,Glastonbury 12U White,Connecticut Valley Youth Lacrosse,Glastonbury 12U White,9,8,completed,wethersfield_12u_a,https://www.cvyl.org/team/225924/games,7645fad7b987c7c4
2026-04-26,,2026,U12 Boys,Connecticut Valley Youth Lacrosse,Simsbury 12U A,Connecticut Valley Youth Lacrosse,Simsbury 12U A,20,5,completed,somers_12u_white,https://www.cvyl.org/team/225913/games,69fc1506845a49ab
2026-04-26,,2026,U12 Boys,Connecticut Valley Youth Lacrosse,Simsbury 12U Blue,Connecticut Valley Youth Lacrosse,Simsbury 12U Blue,8,1,completed,farmington_12u_red,https://www.cvyl.org/team/225929/games,1e8bb174812111c1
2026-04-26,,2026,U12 Boys,Connecticut Valley Youth Lacrosse,Suffield 12U,Connecticut Valley Youth Lacrosse,Suffield 12U,6,7,completed,minnechaug_12u,https://www.cvyl.org/team/225908/games,1c27a605f29bb726
2026-04-26,,2026,U12 Boys,Connecticut Valley Youth Lacrosse,Tolland 12U,Connecticut Valley Youth Lacrosse,Tolland 12U,11,1,completed,rham_12u,https://www.cvyl.org/team/225911/games,a4b915b854404f6c
2026-04-26,,2026,U12 Boys,Connecticut Valley Youth Lacrosse,West Hartford 12U Gold,Connecticut Valley Youth Lacrosse,West Hartford 12U Gold,5,8,completed,avon_12u,https://www.cvyl.org/team/225893/games,cd68bd0d0d18ffcf
2026-04-26,,2026,U12 Boys,Connecticut Valley Youth Lacrosse,West Hartford 12U Green,Connecticut Valley Youth Lacrosse,West Hartford 12U Green,4,5,completed,avon_12u_b,https://www.cvyl.org/team/225869/games,5d13bbde8362ab40
2026-04-26,,2026,U12 Boys,Farmington 12U Red,Connecticut Valley Youth Lacrosse,Farmington 12U Red,Connecticut Valley Youth Lacrosse,8,1,completed,simsbury_12u_blue,https://www.cvyl.org/team/225935/games,d43de549f257cb30
2026-04-26,,2026,U12 Boys,Minnechaug 12U,Connecticut Valley Youth Lacrosse,Minnechaug 12U,Connecticut Valley Youth Lacrosse,6,7,completed,suffield_12u,https://www.cvyl.org/team/225917/games,e8fa8636180259c4
2026-04-26,,2026,U12 Boys,Minnechaug 12U White,Connecticut Valley Youth Lacrosse,Minnechaug 12U White,Connecticut Valley Youth Lacrosse,4,2,completed,suffield_12u_white,https://www.cvyl.org/team/225938/games,800374f3f650fabe
2026-04-26,,2026,U12 Boys,Minnechaug 12U White,Suffield 12U White,Minnechaug 12U White,Suffield 12U White,4,2,completed,minnechaug_12u_white,https://www.cvyl.org/team/225933/games,b3740402c9666a1a
2026-04-26,,2026,U12 Boys,RHAM 12U,Connecticut Valley Youth Lacrosse,RHAM 12U,Connecticut Valley Youth Lacrosse,11,1,completed,tolland_12u,https://www.cvyl.org/team/225918/games,fd741bebc2f3f7a3
2026-04-26,,2026,U12 Boys,Somers 12U White,Connecticut Valley Youth Lacrosse,Somers 12U White,Connecticut Valley Youth Lacrosse,20,5,completed,simsbury_12u_a,https://www.cvyl.org/team/225912/games,0c59e53e5d0bf7d9
2026-04-26,,2026,U12 Boys,Wethersfield 12U A,Connecticut Valley Youth Lacrosse,Wethersfield 12U A,Connecticut Valley Youth Lacrosse,9,8,completed,glastonbury_12u_white,https://www.cvyl.org/team/225903/games,28e90486c992c021
2026-04-26,,2026,U12 Boys,Wethersfield 12U B,Connecticut Valley Youth Lacrosse,Wethersfield 12U B,Connecticut Valley Youth Lacrosse,6,1,completed,glastonbury_12u_blue,https://www.cvyl.org/team/225930/games,263cd8599520fc99
2026-04-27,,2026,U12 Boys,Connecticut Valley Youth Lacrosse,East Longmeadow 12U White,Connecticut Valley Youth Lacrosse,East Longmeadow 12U White,8,8,completed,westfield_12u_black,https://www.cvyl.org/team/225922/games,537718b8a0fedf98
2026-04-27,,2026,U12 Boys,Connecticut Valley Youth Lacrosse,Longmeadow 12U Black,Connecticut Valley Youth Lacrosse,Longmeadow 12U Black,11,2,completed,minnechaug_12u,https://www.cvyl.org/team/225908/games,9ff0ef5bd9fc1fea
2026-04-27,,2026,U12 Boys,Connecticut Valley Youth Lacrosse,Newington,Connecticut Valley Youth Lacrosse,Newington 12U,1,0,completed,bristol_12u,https://www.cvyl.org/team/225897/games,e8c5d5cd477ab377
2026-04-27,,2026,U12 Boys,Connecticut Valley Youth Lacrosse,Simsbury 12U A,Connecticut Valley Youth Lacrosse,Simsbury 12U A,13,9,completed,farmington_12u_black,https://www.cvyl.org/team/225902/games,036f35fbaa29ecec
2026-04-27,,2026,U12 Boys,Connecticut Valley Youth Lacrosse,West Hartford 12U White,Connecticut Valley Youth Lacrosse,West Hartford 12U White,7,1,completed,southington_12u_white,https://www.cvyl.org/team/225937/games,6ec0ea11cd570bba
2026-04-27,,2026,U12 Boys,Farmington 12U Black,Connecticut Valley Youth Lacrosse,Farmington 12U Black,Connecticut Valley Youth Lacrosse,13,9,completed,simsbury_12u_a,https://www.cvyl.org/team/225912/games,b75e53cb9628aee7
2026-04-27,,2026,U12 Boys,Minnechaug 12U,Connecticut Valley Youth Lacrosse,Minnechaug 12U,Connecticut Valley Youth Lacrosse,11,2,completed,longmeadow_12u_black,https://www.cvyl.org/team/225905/games,7bd40d5a40b8df2f
2026-04-27,,2026,U12 Boys,Southington 12U White,Connecticut Valley Youth Lacrosse,Southington 12U White,Connecticut Valley Youth Lacrosse,7,1,completed,west_hartford_12u_white,https://www.cvyl.org/team/225940/games,45c64dbfd143eef6
2026-04-27,,2026,U12 Boys,Westfield 12U Black,Connecticut Valley Youth Lacrosse,Westfield 12U Black,Connecticut Valley Youth Lacrosse,8,8,completed,east_longmeadow_12u_white,https://www.cvyl.org/team/225928/games,9d435bbcafc4e2f0
2026-04-28,,2026,U12 Boys,Agawam 12U,Connecticut Valley Youth Lacrosse,Agawam 12U,Connecticut Valley Youth Lacrosse,13,9,completed,east_longmeadow_12u_a,https://www.cvyl.org/team/225900/games,e12ca4e3c486e61d
2026-04-28,,2026,U12 Boys,Colchester 12U,Connecticut Valley Youth Lacrosse,Colchester 12U,Connecticut Valley Youth Lacrosse,8,1,completed,glastonbury_12u_blue,https://www.cvyl.org/team/225930/games,63df081d4a30d36c
2026-04-28,,2026,U12 Boys,Connecticut Valley Youth Lacrosse,Belchertown 12U,Connecticut Valley Youth Lacrosse,Belchertown 12U,7,8,completed,south_hadley_12u,https://www.cvyl.org/team/225914/games,c716182c80ec3869
2026-04-28,,2026,U12 Boys,Connecticut Valley Youth Lacrosse,Berlin 12U A,Connecticut Valley Youth Lacrosse,Berlin 12U A,11,4,completed,southington_12u_blue,https://www.cvyl.org/team/225916/games,b9a59e20e3805648
2026-04-28,,2026,U12 Boys,Connecticut Valley Youth Lacrosse,Burlington 12U,Connecticut Valley Youth Lacrosse,Burlington 12U,7,8,completed,wolcott_12u,https://www.cvyl.org/team/225925/games,f5ad2812d9c2f135
2026-04-28,,2026,U12 Boys,Connecticut Valley Youth Lacrosse,East Longmeadow 12U A,Connecticut Valley Youth Lacrosse,East Longmeadow 12U A,13,9,completed,agawam_12u,https://www.cvyl.org/team/225891/games,6edb9e78e5dd81ab
2026-04-28,,2026,U12 Boys,Connecticut Valley Youth Lacrosse,Glastonbury 12U Blue,Connecticut Valley Youth Lacrosse,Glastonbury 12U Blue,8,1,completed,colchester_12u,https://www.cvyl.org/team/225899/games,a28565cefdc7459a
2026-04-28,,2026,U12 Boys,Connecticut Valley Youth Lacrosse,Northampton 12U,Connecticut Valley Youth Lacrosse,Northampton 12U,7,0,completed,west_springfield_12u,https://www.cvyl.org/team/225921/games,a35a2f3421a52731
2026-04-28,,2026,U12 Boys,Connecticut Valley Youth Lacrosse,RHAM 12U,Connecticut Valley Youth Lacrosse,RHAM 12U,4,13,completed,wethersfield_12u_b,https://www.cvyl.org/team/225943/games,7542f36633203a7b
2026-04-28,,2026,U12 Boys,South Hadley 12U,Connecticut Valley Youth Lacrosse,South Hadley 12U,Connecticut Valley Youth Lacrosse,7,8,completed,belchertown_12u,https://www.cvyl.org/team/225894/games,313e263c57ab53b1
2026-04-28,,2026,U12 Boys,Southington 12U Blue,Connecticut Valley Youth Lacrosse,Southington 12U Blue,Connecticut Valley Youth Lacrosse,11,4,completed,berlin_12u_a,https://www.cvyl.org/team/225896/games,549f17ff616b0fa6
2026-04-28,,2026,U12 Boys,West Springfield 12U,Connecticut Valley Youth Lacrosse,West Springfield 12U,Connecticut Valley Youth Lacrosse,7,0,completed,northampton_12u,https://www.cvyl.org/team/225910/games,944ab34742bee2d7
2026-04-28,,2026,U12 Boys,Wethersfield 12U B,Connecticut Valley Youth Lacrosse,Wethersfield 12U B,Connecticut Valley Youth Lacrosse,4,13,completed,rham_12u,https://www.cvyl.org/team/225911/games,877a7fc7ea2b8156
2026-04-28,,2026,U12 Boys,Wolcott 12U,Connecticut Valley Youth Lacrosse,Wolcott 12U,Connecticut Valley Youth Lacrosse,7,8,completed,burlington_12u,https://www.cvyl.org/team/225898/games,4c79e2741c292010
2026-04-29,,2026,U12 Boys,Belchertown 12U,Connecticut Valley Youth Lacrosse,Belchertown 12U,Connecticut Valley Youth Lacrosse,4,3,completed,northampton_12u,https://www.cvyl.org/team/225910/games,1a8f13f1a13730fc
2026-04-29,,2026,U12 Boys,Connecticut Valley Youth Lacrosse,Northampton 12U,Connecticut Valley Youth Lacrosse,Northampton 12U,4,3,completed,belchertown_12u,https://www.cvyl.org/team/225894/games,495f9a9e6d9246d5
2026-04-29,,2026,U12 Boys,Connecticut Valley Youth Lacrosse,South Windsor 12U,Connecticut Valley Youth Lacrosse,South Windsor 12U,3,9,completed,granby_12u,https://www.cvyl.org/team/225904/games,3b570a86942a7b0c
2026-04-29,,2026,U12 Boys,Connecticut Valley Youth Lacrosse,Southington 12U Blue,Connecticut Valley Youth Lacrosse,Southington 12U Blue,12,0,completed,west_hartford_12u_gold,https://www.cvyl.org/team/225920/games,4b441f7bf96de16e
2026-04-29,,2026,U12 Boys,Connecticut Valley Youth Lacrosse,West Hartford 12U White,Connecticut Valley Youth Lacrosse,West Hartford 12U White,10,6,completed,simsbury_12u_blue,https://www.cvyl.org/team/225935/games,26bc4565b5f0bef3
2026-04-29,,2026,U12 Boys,Connecticut Valley Youth Lacrosse,Westfield 12U Red,Connecticut Valley Youth Lacrosse,Westfield 12U Red,5,9,completed,suffield_12u,https://www.cvyl.org/team/225917/games,a7b30073015c8698
2026-04-29,,2026,U12 Boys,Granby 12U,Connecticut Valley Youth Lacrosse,Granby 12U,Connecticut Valley Youth Lacrosse,3,9,completed,south_windsor_12u,https://www.cvyl.org/team/225915/games,0c58b4b296027435
2026-04-29,,2026,U12 Boys,Newington 12U,Connecticut Valley Youth Lacrosse,Newington 12U,Connecticut Valley Youth Lacrosse,4,8,completed,vernon_12u,https://www.cvyl.org/team/225919/games,afcb1c6ee2c8816d
2026-04-29,,2026,U12 Boys,Newington 12U,Vernon 12U,Newington 12U,Vernon 12U,4,8,completed,newington_12u,https://www.cvyl.org/team/225909/games,cbc0a9e2e481ce52
2026-04-29,,2026,U12 Boys,Simsbury 12U Blue,Connecticut Valley Youth Lacrosse,Simsbury 12U Blue,Connecticut Valley Youth Lacrosse,10,6,completed,west_hartford_12u_white,https://www.cvyl.org/team/225940/games,9572d46969ad2d4d
2026-04-29,,2026,U12 Boys,Somers 12U Red,Connecticut Valley Youth Lacrosse,Somers 12U Red,Connecticut Valley Youth Lacrosse,5,3,completed,longmeadow_12u_white,https://www.cvyl.org/team/225932/games,b1c804c2c840c1c9
2026-04-29,,2026,U12 Boys,Somers 12U Red,Longmeadow 12U White,Somers 12U Red,Longmeadow 12U White,5,3,completed,somers_12u_red,https://www.cvyl.org/team/225936/games,b8cfe4cdda448e90
2026-04-29,,2026,U12 Boys,Suffield 12U,Connecticut Valley Youth Lacrosse,Suffield 12U,Connecticut Valley Youth Lacrosse,5,9,completed,westfield_12u_red,https://www.cvyl.org/team/225923/games,c1ba9f37014eca06
2026-04-29,,2026,U12 Boys,West Hartford 12U Gold,Connecticut Valley Youth Lacrosse,West Hartford 12U Gold,Connecticut Valley Youth Lacrosse,12,0,completed,southington_12u_blue,https://www.cvyl.org/team/225916/games,fbc3d5038068e998
2026-04-30,,2026,U12 Boys,Bristol 12U,Connecticut Valley Youth Lacrosse,Bristol 12U,Connecticut Valley Youth Lacrosse,7,11,completed,wolcott_12u,https://www.cvyl.org/team/225925/games,6db6bb2dc4eabfb0
2026-04-30,,2026,U12 Boys,Connecticut Valley Youth Lacrosse,Agawam 12U,Connecticut Valley Youth Lacrosse,Agawam 12U,6,8,completed,westfield_12u_black,https://www.cvyl.org/team/225922/games,4e1edf58bb867ed2
2026-04-30,,2026,U12 Boys,Connecticut Valley Youth Lacrosse,East Longmeadow 12U A,Connecticut Valley Youth Lacrosse,East Longmeadow 12U A,9,3,completed,west_springfield_12u,https://www.cvyl.org/team/225921/games,f9ae59cb19732c3a
2026-04-30,,2026,U12 Boys,Connecticut Valley Youth Lacrosse,Glastonbury 12U Blue,Connecticut Valley Youth Lacrosse,Glastonbury 12U Blue,5,1,completed,west_hartford_12u_green,https://www.cvyl.org/team/225939/games,1e6963c808d72b17
2026-04-30,,2026,U12 Boys,Connecticut Valley Youth Lacrosse,Glastonbury 12U White,Connecticut Valley Youth Lacrosse,Glastonbury 12U White,8,7,completed,west_hartford_12u_gold,https://www.cvyl.org/team/225920/games,b60f0080d81b8328
2026-04-30,,2026,U12 Boys,Connecticut Valley Youth Lacrosse,Somers 12U White,Connecticut Valley Youth Lacrosse,Somers 12U White,1,7,completed,ellington_12u,https://www.cvyl.org/team/225901/games,e31ea8cebb32e0b3
2026-04-30,,2026,U12 Boys,Connecticut Valley Youth Lacrosse,Wolcott 12U,Connecticut Valley Youth Lacrosse,Wolcott 12U,7,11,completed,bristol_12u,https://www.cvyl.org/team/225897/games,66cb9dd0b8dc64f8
2026-04-30,,2026,U12 Boys,Ellington 12U,Connecticut Valley Youth Lacrosse,Ellington 12U,Connecticut Valley Youth Lacrosse,1,7,completed,somers_12u_white,https://www.cvyl.org/team/225913/games,7b4d489d36c6a96c
2026-04-30,,2026,U12 Boys,West Hartford 12U Gold,Connecticut Valley Youth Lacrosse,West Hartford 12U Gold,Connecticut Valley Youth Lacrosse,8,7,completed,glastonbury_12u_white,https://www.cvyl.org/team/225903/games,3d58f675f07948ab
2026-04-30,,2026,U12 Boys,West Hartford 12U Green,Connecticut Valley Youth Lacrosse,West Hartford 12U Green,Connecticut Valley Youth Lacrosse,5,1,completed,glastonbury_12u_blue,https://www.cvyl.org/team/225930/games,3aefce2908e4e2ad
2026-04-30,,2026,U12 Boys,West Springfield 12U,Connecticut Valley Youth Lacrosse,West Springfield 12U,Connecticut Valley Youth Lacrosse,9,3,completed,east_longmeadow_12u_a,https://www.cvyl.org/team/225900/games,0ab4ac239ffe8cb6
2026-04-30,,2026,U12 Boys,Westfield 12U Black,Connecticut Valley Youth Lacrosse,Westfield 12U Black,Connecticut Valley Youth Lacrosse,6,8,completed,agawam_12u,https://www.cvyl.org/team/225891/games,e6748bc848d559aa
2026-05-01,,2026,U12 Boys,Berlin 12U A,Connecticut Valley Youth Lacrosse,Berlin 12U A,Connecticut Valley Youth Lacrosse,6,2,completed,bristol_12u,https://www.cvyl.org/team/225897/games,f787270913539af2
2026-05-01,,2026,U12 Boys,Connecticut Valley Youth Lacrosse,Bristol 12U,Connecticut Valley Youth Lacrosse,Bristol 12U,6,2,completed,berlin_12u_a,https://www.cvyl.org/team/225896/games,473a38c9dd6858c4
2026-05-01,,2026,U12 Boys,Connecticut Valley Youth Lacrosse,Middletown 12U,Connecticut Valley Youth Lacrosse,Middletown 12U,11,4,completed,wolcott_12u,https://www.cvyl.org/team/225925/games,61e51dace94ecd03
2026-05-01,,2026,U12 Boys,Connecticut Valley Youth Lacrosse,Minnechaug 12U,Connecticut Valley Youth Lacrosse,Minnechaug 12U,4,16,completed,east_longmeadow_12u_a,https://www.cvyl.org/team/225900/games,4c07defdeb322638
2026-05-01,,2026,U12 Boys,Connecticut Valley Youth Lacrosse,South Hadley,Connecticut Valley Youth Lacrosse,South Hadley 12U,14,2,completed,somers_12u_white,https://www.cvyl.org/team/225913/games,e4574e8429ad81ee
2026-05-01,,2026,U12 Boys,East Longmeadow 12U A,Connecticut Valley Youth Lacrosse,East Longmeadow 12U A,Connecticut Valley Youth Lacrosse,4,16,completed,minnechaug_12u,https://www.cvyl.org/team/225908/games,bbab3fd2b361dbc0
2026-05-01,,2026,U12 Boys,Wolcott 12U,Connecticut Valley Youth Lacrosse,Wolcott 12U,Connecticut Valley Youth Lacrosse,11,4,completed,middletown_12u,https://www.cvyl.org/team/225907/games,5c94ff995d83e0b4
2026-05-02,,2026,U12 Boys,Avon 12U B,Connecticut Valley Youth Lacrosse,Avon 12U B,Connecticut Valley Youth Lacrosse,6,5,completed,farmington_12u_red,https://www.cvyl.org/team/225929/games,ac32ccd19b3e065f
2026-05-02,,2026,U12 Boys,Connecticut Valley Youth Lacrosse,Burlington 12U,Connecticut Valley Youth Lacrosse,Burlington 12U,4,10,completed,middletown_12u,https://www.cvyl.org/team/225907/games,a8a3ff8a52245281
2026-05-02,,2026,U12 Boys,Connecticut Valley Youth Lacrosse,Farmington 12U Red,Connecticut Valley Youth Lacrosse,Farmington 12U Red,6,5,completed,avon_12u_b,https://www.cvyl.org/team/225869/games,408ed01f213ae1b4
2026-05-02,,2026,U12 Boys,Connecticut Valley Youth Lacrosse,Granby 12U,Connecticut Valley Youth Lacrosse,Granby 12U,9,4,completed,simsbury_12u_a,https://www.cvyl.org/team/225912/games,ca26eaad00630a2b
2026-05-02,,2026,U12 Boys,Connecticut Valley Youth Lacrosse,RHAM 12U,Connecticut Valley Youth Lacrosse,RHAM 12U,6,8,completed,vernon_12u,https://www.cvyl.org/team/225919/games,522b10246f228daa
2026-05-02,,2026,U12 Boys,Connecticut Valley Youth Lacrosse,Simsbury 12U Blue,Connecticut Valley Youth Lacrosse,Simsbury 12U Blue,13,4,completed,westfield_12u_black,https://www.cvyl.org/team/225922/games,2a85284437d85939
2026-05-02,,2026,U12 Boys,Connecticut Valley Youth Lacrosse,Somers 12U White,Connecticut Valley Youth Lacrosse,Somers 12U White,10,0,completed,westfield_12u_red,https://www.cvyl.org/team/225923/games,b5ca68e398a959b3
2026-05-02,,2026,U12 Boys,Connecticut Valley Youth Lacrosse,Tolland 12U,Connecticut Valley Youth Lacrosse,Tolland 12U,16,4,completed,south_windsor_12u,https://www.cvyl.org/team/225915/games,0db5125781d02716
2026-05-02,,2026,U12 Boys,Middletown 12U,Connecticut Valley Youth Lacrosse,Middletown 12U,Connecticut Valley Youth Lacrosse,4,10,completed,burlington_12u,https://www.cvyl.org/team/225898/games,a59b429662d87487
2026-05-02,,2026,U12 Boys,Newington 12U,Connecticut Valley Youth Lacrosse,Newington 12U,Connecticut Valley Youth Lacrosse,4,2,completed,west_hartford_12u_white,https://www.cvyl.org/team/225940/games,f538be5cf1d02e5e
2026-05-02,,2026,U12 Boys,Newington 12U,West Hartford 12U White,Newington 12U,West Hartford 12U White,4,2,completed,newington_12u,https://www.cvyl.org/team/225909/games,75792c0d182b5f74
2026-05-02,,2026,U12 Boys,Simsbury 12U A,Connecticut Valley Youth Lacrosse,Simsbury 12U A,Connecticut Valley Youth Lacrosse,9,4,completed,granby_12u,https://www.cvyl.org/team/225904/games,fa6105ec17e12e13
2026-05-02,,2026,U12 Boys,South Windsor 12U,Connecticut Valley Youth Lacrosse,South Windsor 12U,Connecticut Valley Youth Lacrosse,16,4,completed,tolland_12u,https://www.cvyl.org/team/225918/games,7d22f6632856090f
2026-05-02,,2026,U12 Boys,Vernon 12U,Connecticut Valley Youth Lacrosse,Vernon 12U,Connecticut Valley Youth Lacrosse,6,8,completed,rham_12u,https://www.cvyl.org/team/225911/games,a397d489bf6d1938
2026-05-02,,2026,U12 Boys,Westfield 12U Black,Connecticut Valley Youth Lacrosse,Westfield 12U Black,Connecticut Valley Youth Lacrosse,13,4,completed,simsbury_12u_blue,https://www.cvyl.org/team/225935/games,bc1ee9a78cb23a9c
2026-05-02,,2026,U12 Boys,Westfield 12U Red,Connecticut Valley Youth Lacrosse,Westfield 12U Red,Connecticut Valley Youth Lacrosse,10,0,completed,somers_12u_white,https://www.cvyl.org/team/225913/games,4d1a498bc8c843f8
2026-05-03,,2026,U12 Boys,Connecticut Valley Youth Lacrosse,Berlin 12U A,Connecticut Valley Youth Lacrosse,Berlin 12U A,4,3,completed,middletown_12u,https://www.cvyl.org/team/225907/games,13f45402c06825d8
2026-05-03,,2026,U12 Boys,Connecticut Valley Youth Lacrosse,Colchester 12U,Connecticut Valley Youth Lacrosse,Colchester 12U,6,0,completed,rham_12u,https://www.cvyl.org/team/225911/games,c3bf62fae1a1b382
2026-05-03,,2026,U12 Boys,Connecticut Valley Youth Lacrosse,West Hartford 12U Gold,Connecticut Valley Youth Lacrosse,West Hartford 12U Gold,3,12,completed,simsbury_12u_a,https://www.cvyl.org/team/225912/games,95f6dc6ca2b5c23b
2026-05-03,,2026,U12 Boys,Connecticut Valley Youth Lacrosse,West Hartford 12U Green,Connecticut Valley Youth Lacrosse,West Hartford 12U Green,0,5,completed,simsbury_12u_blue,https://www.cvyl.org/team/225935/games,ff826a30fe6d85bb
2026-05-03,,2026,U12 Boys,Connecticut Valley Youth Lacrosse,Wethersfield 12U A,Connecticut Valley Youth Lacrosse,Wethersfield 12U A,3,10,completed,farmington_12u_black,https://www.cvyl.org/team/225902/games,c59865dc4ad8ab43
2026-05-03,,2026,U12 Boys,Connecticut Valley Youth Lacrosse,Wethersfield 12U B,Connecticut Valley Youth Lacrosse,Wethersfield 12U B,7,5,completed,farmington_12u_red,https://www.cvyl.org/team/225929/games,532aef3a17cd8281
2026-05-03,,2026,U12 Boys,Farmington 12U Black,Connecticut Valley Youth Lacrosse,Farmington 12U Black,Connecticut Valley Youth Lacrosse,3,10,completed,wethersfield_12u_a,https://www.cvyl.org/team/225924/games,704c990ac653a906
2026-05-03,,2026,U12 Boys,Farmington 12U Red,Connecticut Valley Youth Lacrosse,Farmington 12U Red,Connecticut Valley Youth Lacrosse,7,5,completed,wethersfield_12u_b,https://www.cvyl.org/team/225943/games,4cd3fd0cf1933a24
2026-05-03,,2026,U12 Boys,Middletown 12U,Connecticut Valley Youth Lacrosse,Middletown 12U,Connecticut Valley Youth Lacrosse,4,3,completed,berlin_12u_a,https://www.cvyl.org/team/225896/games,8e7b7c96a4a1e56c
2026-05-03,,2026,U12 Boys,Minnechaug 12U White,Connecticut Valley Youth Lacrosse,Minnechaug 12U White,Connecticut Valley Youth Lacrosse,7,1,completed,east_longmeadow_12u_white,https://www.cvyl.org/team/225928/games,ee7567630c7fa41b
2026-05-03,,2026,U12 Boys,Minnechaug 12U White,East Longmeadow 12U White,Minnechaug 12U White,East Longmeadow 12U White,7,1,completed,minnechaug_12u_white,https://www.cvyl.org/team/225933/games,1f5790410d92377e
2026-05-03,,2026,U12 Boys,RHAM 12U,Connecticut Valley Youth Lacrosse,RHAM 12U,Connecticut Valley Youth Lacrosse,6,0,completed,colchester_12u,https://www.cvyl.org/team/225899/games,c5f2cc1c575b5219
2026-05-03,,2026,U12 Boys,Simsbury 12U A,Connecticut Valley Youth Lacrosse,Simsbury 12U A,Connecticut Valley Youth Lacrosse,3,12,completed,west_hartford_12u_gold,https://www.cvyl.org/team/225920/games,7301662ff7d090c5
2026-05-03,,2026,U12 Boys,Simsbury 12U Blue,Connecticut Valley Youth Lacrosse,Simsbury 12U Blue,Connecticut Valley Youth Lacrosse,0,5,completed,west_hartford_12u_green,https://www.cvyl.org/team/225939/games,5b30194d28f0fe25
2026-05-04,,2026,U12 Boys,Bristol 12U,Connecticut Valley Youth Lacrosse,Bristol 12U,Connecticut Valley Youth Lacrosse,2,7,completed,wolcott_12u,https://www.cvyl.org/team/225925/games,22487031fe9c86f4
2026-05-04,,2026,U12 Boys,Connecticut Valley Youth Lacrosse,Belchertown 12U,Connecticut Valley Youth Lacrosse,Belchertown 12U,9,1,completed,west_springfield_12u,https://www.cvyl.org/team/225921/games,e02c878dc391beb3
2026-05-04,,2026,U12 Boys,Connecticut Valley Youth Lacrosse,Minnechaug 12U,Connecticut Valley Youth Lacrosse,Minnechaug 12U,3,6,completed,westfield_12u_red,https://www.cvyl.org/team/225923/games,7ffc5868304b1d01
2026-05-04,,2026,U12 Boys,Connecticut Valley Youth Lacrosse,Wolcott 12U,Connecticut Valley Youth Lacrosse,Wolcott 12U,2,7,completed,bristol_12u,https://www.cvyl.org/team/225897/games,024167e79d39c86f
2026-05-04,,2026,U12 Boys,West Springfield 12U,Connecticut Valley Youth Lacrosse,West Springfield 12U,Connecticut Valley Youth Lacrosse,9,1,completed,belchertown_12u,https://www.cvyl.org/team/225894/games,24c487ffc2fde805
2026-05-04,,2026,U12 Boys,Westfield 12U Red,Connecticut Valley Youth Lacrosse,Westfield 12U Red,Connecticut Valley Youth Lacrosse,3,6,completed,minnechaug_12u,https://www.cvyl.org/team/225908/games,d1212dc9e9f379ee
2026-05-05,,2026,U12 Boys,Agawam 12U,Connecticut Valley Youth Lacrosse,Agawam 12U,Connecticut Valley Youth Lacrosse,17,6,completed,south_hadley_12u,https://www.cvyl.org/team/225914/games,3a94be61074b049d
2026-05-05,,2026,U12 Boys,Connecticut Valley Youth Lacrosse,Belchertown 12U,Connecticut Valley Youth Lacrosse,Belchertown 12U,6,7,completed,northampton_12u,https://www.cvyl.org/team/225910/games,fd8f21224f81c3a3
2026-05-05,,2026,U12 Boys,Connecticut Valley Youth Lacrosse,Colchester 12U,Connecticut Valley Youth Lacrosse,Colchester 12U,8,5,completed,west_hartford_12u_green,https://www.cvyl.org/team/225939/games,0006f5e35533cb33
2026-05-05,,2026,U12 Boys,Connecticut Valley Youth Lacrosse,Longmeadow 12U Black,Connecticut Valley Youth Lacrosse,Longmeadow 12U Black,6,4,completed,east_longmeadow_12u_a,https://www.cvyl.org/team/225900/games,c7bec69d163c429d
2026-05-05,,2026,U12 Boys,Connecticut Valley Youth Lacrosse,South Hadley 12U,Connecticut Valley Youth Lacrosse,South Hadley 12U,17,6,completed,agawam_12u,https://www.cvyl.org/team/225891/games,ff1f393366be21fc
2026-05-05,,2026,U12 Boys,Connecticut Valley Youth Lacrosse,Wethersfield 12U B,Connecticut Valley Youth Lacrosse,Wethersfield 12U B,4,7,completed,west_hartford_12u_white,https://www.cvyl.org/team/225940/games,612b7ecc98373247
2026-05-05,,2026,U12 Boys,East Longmeadow 12U A,Connecticut Valley Youth Lacrosse,East Longmeadow 12U A,Connecticut Valley Youth Lacrosse,6,4,completed,longmeadow_12u_black,https://www.cvyl.org/team/225905/games,16fc32670f614fa3
2026-05-05,,2026,U12 Boys,Northampton 12U,Connecticut Valley Youth Lacrosse,Northampton 12U,Connecticut Valley Youth Lacrosse,6,7,completed,belchertown_12u,https://www.cvyl.org/team/225894/games,0ec2e4882b6aca80
2026-05-05,,2026,U12 Boys,West Hartford 12U Green,Connecticut Valley Youth Lacrosse,West Hartford 12U Green,Connecticut Valley Youth Lacrosse,8,5,completed,colchester_12u,https://www.cvyl.org/team/225899/games,b0b9973adcd50042
2026-05-05,,2026,U12 Boys,West Hartford 12U White,Connecticut Valley Youth Lacrosse,West Hartford 12U White,Connecticut Valley Youth Lacrosse,4,7,completed,wethersfield_12u_b,https://www.cvyl.org/team/225943/games,a9109c93fcacc4ec
2026-05-06,,2026,U12 Boys,Connecticut Valley Youth Lacrosse,Somers 12U White,Connecticut Valley Youth Lacrosse,Somers 12U White,4,14,completed,south_windsor_12u,https://www.cvyl.org/team/225915/games,72260acb0a4aa1ba
2026-05-06,,2026,U12 Boys,Connecticut Valley Youth Lacrosse,Southington 12U White,Connecticut Valley Youth Lacrosse,Southington 12U White,5,6,completed,simsbury_12u_blue,https://www.cvyl.org/team/225935/games,2ff0bd3651b12a54
2026-05-06,,2026,U12 Boys,Connecticut Valley Youth Lacrosse,West Springfield 12U,Connecticut Valley Youth Lacrosse,West Springfield 12U,3,5,completed,granby_12u,https://www.cvyl.org/team/225904/games,0fc19d68253fada5
2026-05-06,,2026,U12 Boys,Granby 12U,Connecticut Valley Youth Lacrosse,Granby 12U,Connecticut Valley Youth Lacrosse,3,5,completed,west_springfield_12u,https://www.cvyl.org/team/225921/games,506d74b51044b0cc
2026-05-06,,2026,U12 Boys,Simsbury 12U Blue,Connecticut Valley Youth Lacrosse,Simsbury 12U Blue,Connecticut Valley Youth Lacrosse,5,6,completed,southington_12u_white,https://www.cvyl.org/team/225937/games,9255505b8803bbaf
2026-05-06,,2026,U12 Boys,South Windsor 12U,Connecticut Valley Youth Lacrosse,South Windsor 12U,Connecticut Valley Youth Lacrosse,4,14,completed,somers_12u_white,https://www.cvyl.org/team/225913/games,99a707ed33062246
2026-05-07,,2026,U12 Boys,Agawam 12U,Connecticut Valley Youth Lacrosse,Agawam 12U,Connecticut Valley Youth Lacrosse,1,11,completed,longmeadow_12u_black,https://www.cvyl.org/team/225905/games,2ba5d3b847476383
2026-05-07,,2026,U12 Boys,Bristol 12U,Connecticut Valley Youth Lacrosse,Bristol 12U,Connecticut Valley Youth Lacrosse,3,5,completed,burlington_12u,https://www.cvyl.org/team/225898/games,f6415e0f58800f20
2026-05-07,,2026,U12 Boys,Connecticut Valley Youth Lacrosse,Burlington 12U,Connecticut Valley Youth Lacrosse,Burlington 12U,3,5,completed,bristol_12u,https://www.cvyl.org/team/225897/games,c90477349aa84b09
2026-05-07,,2026,U12 Boys,Connecticut Valley Youth Lacrosse,Longmeadow 12U Black,Connecticut Valley Youth Lacrosse,Longmeadow 12U Black,1,11,completed,agawam_12u,https://www.cvyl.org/team/225891/games,54c0529b31b9e11e
2026-05-07,,2026,U12 Boys,Connecticut Valley Youth Lacrosse,Somers 12U Red,Connecticut Valley Youth Lacrosse,Somers 12U Red,6,5,completed,suffield_12u_white,https://www.cvyl.org/team/225938/games,584f350eba514bf4
2026-05-07,,2026,U12 Boys,Somers 12U Red,Suffield B,Somers 12U Red,Suffield B,5,6,completed,somers_12u_red,https://www.cvyl.org/team/225936/games,d96b7202084f33d1
2026-05-07,,2026,U12 Boys,Suffield 12U White,Somers 12U Red,Suffield 12U White,Somers 12U Red,6,5,completed,somers_12u_red,https://www.cvyl.org/team/225936/games,fc4520e84414c277
2026-05-08,,2026,U12 Boys,Belchertown 12U,Minnechaug 12U White,Belchertown 12U,Minnechaug 12U White,8,4,completed,minnechaug_12u_white,https://www.cvyl.org/team/225933/games,66b11ff9f3979316
2026-05-08,,2026,U12 Boys,Connecticut Valley Youth Lacrosse,Farmington 12U Black,Connecticut Valley Youth Lacrosse,Farmington 12U Black,10,9,completed,southington_12u_blue,https://www.cvyl.org/team/225916/games,3d6296eaabf0bf1e
2026-05-08,,2026,U12 Boys,Connecticut Valley Youth Lacrosse,Farmington 12U Red,Connecticut Valley Youth Lacrosse,Farmington 12U Red,1,7,completed,southington_12u_white,https://www.cvyl.org/team/225937/games,fa4512404839b5fa
2026-05-08,,2026,U12 Boys,Connecticut Valley Youth Lacrosse,Minnechaug 12U,Connecticut Valley Youth Lacrosse,Minnechaug 12U,0,20,completed,south_hadley_12u,https://www.cvyl.org/team/225914/games,26f78a132997d6b9
2026-05-08,,2026,U12 Boys,Connecticut Valley Youth Lacrosse,Minnechaug 12U White,Connecticut Valley Youth Lacrosse,Minnechaug 12U White,8,4,completed,belchertown_12u,https://www.cvyl.org/team/225894/games,e771d8ec60414667
2026-05-08,,2026,U12 Boys,South Hadley 12U,Connecticut Valley Youth Lacrosse,South Hadley 12U,Connecticut Valley Youth Lacrosse,0,20,completed,minnechaug_12u,https://www.cvyl.org/team/225908/games,190a036a45382e8b
2026-05-08,,2026,U12 Boys,Southington 12U Blue,Connecticut Valley Youth Lacrosse,Southington 12U Blue,Connecticut Valley Youth Lacrosse,10,9,completed,farmington_12u_black,https://www.cvyl.org/team/225902/games,8193753586fdfe3a
2026-05-08,,2026,U12 Boys,Southington 12U White,Connecticut Valley Youth Lacrosse,Southington 12U White,Connecticut Valley Youth Lacrosse,1,7,completed,farmington_12u_red,https://www.cvyl.org/team/225929/games,7498865d1c2b8c01
2026-05-09,,2026,U12 Boys,Bristol 12U,Connecticut Valley Youth Lacrosse,Bristol 12U,Connecticut Valley Youth Lacrosse,3,8,completed,meriden_12u,https://www.cvyl.org/team/225906/games,f9703274a2cdacc1
2026-05-09,,2026,U12 Boys,Connecticut Valley Youth Lacrosse,Berkshire,Connecticut Valley Youth Lacrosse,Berkshire,5,9,completed,belchertown_12u,https://www.cvyl.org/team/225894/games,f1a9d5ae8743c841
2026-05-09,,2026,U12 Boys,Connecticut Valley Youth Lacrosse,Burlington 12U,Connecticut Valley Youth Lacrosse,Burlington 12U,12,2,completed,wolcott_12u,https://www.cvyl.org/team/225925/games,afb73ff5c9b1e4f7
2026-05-09,,2026,U12 Boys,Connecticut Valley Youth Lacrosse,Meriden 12U,Connecticut Valley Youth Lacrosse,Meriden 12U,3,8,completed,bristol_12u,https://www.cvyl.org/team/225897/games,bbe4a6a7d3448516
2026-05-09,,2026,U12 Boys,Connecticut Valley Youth Lacrosse,Newington 12U,Connecticut Valley Youth Lacrosse,Newington 12U,3,5,completed,middletown_12u,https://www.cvyl.org/team/225907/games,ca1b44ed1bd46b66
2026-05-09,,2026,U12 Boys,Connecticut Valley Youth Lacrosse,South Windsor 12U,Connecticut Valley Youth Lacrosse,South Windsor 12U,9,8,completed,rham_12u,https://www.cvyl.org/team/225911/games,58e0d2e43fba5e6b
2026-05-09,,2026,U12 Boys,Connecticut Valley Youth Lacrosse,Tolland 12U,Connecticut Valley Youth Lacrosse,Tolland 12U,12,2,completed,granby_12u,https://www.cvyl.org/team/225904/games,2174754254e69aec
2026-05-09,,2026,U12 Boys,Granby 12U,Connecticut Valley Youth Lacrosse,Granby 12U,Connecticut Valley Youth Lacrosse,12,2,completed,tolland_12u,https://www.cvyl.org/team/225918/games,2ec1dd19df6d1b8a
2026-05-09,,2026,U12 Boys,Middletown 12U,Newington 12U,Middletown 12U,Newington 12U,3,5,completed,newington_12u,https://www.cvyl.org/team/225909/games,f4251bbac3d2907f
2026-05-09,,2026,U12 Boys,RHAM 12U,Connecticut Valley Youth Lacrosse,RHAM 12U,Connecticut Valley Youth Lacrosse,9,8,completed,south_windsor_12u,https://www.cvyl.org/team/225915/games,d381646c882baee7
2026-05-09,,2026,U12 Boys,Wolcott 12U,Connecticut Valley Youth Lacrosse,Wolcott 12U,Connecticut Valley Youth Lacrosse,12,2,completed,burlington_12u,https://www.cvyl.org/team/225898/games,d41f1c36786c3aa0
2026-05-10,,2026,U12 Boys,Avon 12U,Connecticut Valley Youth Lacrosse,Avon 12U,Connecticut Valley Youth Lacrosse,11,0,completed,simsbury_12u_a,https://www.cvyl.org/team/225912/games,f6ac12c96b2821fe
2026-05-10,,2026,U12 Boys,Avon 12U B,Connecticut Valley Youth Lacrosse,Avon 12U B,Connecticut Valley Youth Lacrosse,5,3,completed,simsbury_12u_blue,https://www.cvyl.org/team/225935/games,7695be9620ef0b2a
2026-05-10,,2026,U12 Boys,Connecticut Valley Youth Lacrosse,Simsbury 12U A,Connecticut Valley Youth Lacrosse,Simsbury 12U A,11,0,completed,avon_12u,https://www.cvyl.org/team/225893/games,72a7ca2077876720
2026-05-10,,2026,U12 Boys,Connecticut Valley Youth Lacrosse,Simsbury 12U Blue,Connecticut Valley Youth Lacrosse,Simsbury 12U Blue,5,3,completed,avon_12u_b,https://www.cvyl.org/team/225869/games,1ac82c82b905102b
2026-05-10,,2026,U12 Boys,Connecticut Valley Youth Lacrosse,Vernon 12U,Connecticut Valley Youth Lacrosse,Vernon 12U,1,5,completed,middletown_12u,https://www.cvyl.org/team/225907/games,9a6bb2fb99565533
2026-05-10,,2026,U12 Boys,Middletown 12U,Connecticut Valley Youth Lacrosse,Middletown 12U,Connecticut Valley Youth Lacrosse,1,5,completed,vernon_12u,https://www.cvyl.org/team/225919/games,09c9d8039be43bee
2026-05-11,,2026,U12 Boys,Berlin 12U A,Connecticut Valley Youth Lacrosse,Berlin 12U A,Connecticut Valley Youth Lacrosse,1,6,completed,meriden_12u,https://www.cvyl.org/team/225906/games,1fc4fdc61a680741
2026-05-11,,2026,U12 Boys,Connecticut Valley Youth Lacrosse,East Longmeadow 12U A,Connecticut Valley Youth Lacrosse,East Longmeadow 12U A,14,0,completed,minnechaug_12u,https://www.cvyl.org/team/225908/games,4fb6dfb602ab7df2
2026-05-11,,2026,U12 Boys,Connecticut Valley Youth Lacrosse,Glastonbury 12U White,Connecticut Valley Youth Lacrosse,Glastonbury 12U White,4,10,completed,farmington_12u_black,https://www.cvyl.org/team/225902/games,2afc045d4a3535ee
2026-05-11,,2026,U12 Boys,Connecticut Valley Youth Lacrosse,Meriden 12U,Connecticut Valley Youth Lacrosse,Meriden 12U,1,6,completed,berlin_12u_a,https://www.cvyl.org/team/225896/games,813831cda086bd09
2026-05-11,,2026,U12 Boys,Connecticut Valley Youth Lacrosse,South Windsor 12U,Connecticut Valley Youth Lacrosse,South Windsor 12U,9,12,completed,vernon_12u,https://www.cvyl.org/team/225919/games,a3d6da0b6d0fb16f
2026-05-11,,2026,U12 Boys,Connecticut Valley Youth Lacrosse,West Hartford 12U Green,Connecticut Valley Youth Lacrosse,West Hartford 12U Green,0,8,completed,tolland_12u,https://www.cvyl.org/team/225918/games,9cc69fa591b2b586
2026-05-11,,2026,U12 Boys,Farmington 12U Black,Connecticut Valley Youth Lacrosse,Farmington 12U Black,Connecticut Valley Youth Lacrosse,4,10,completed,glastonbury_12u_white,https://www.cvyl.org/team/225903/games,f52198e211c351b3
2026-05-11,,2026,U12 Boys,Minnechaug 12U,Connecticut Valley Youth Lacrosse,Minnechaug 12U,Connecticut Valley Youth Lacrosse,14,0,completed,east_longmeadow_12u_a,https://www.cvyl.org/team/225900/games,e6a5005a2c94ef2e
2026-05-11,,2026,U12 Boys,Minnechaug 12U White,Connecticut Valley Youth Lacrosse,Minnechaug 12U White,Connecticut Valley Youth Lacrosse,6,4,completed,east_longmeadow_12u_white,https://www.cvyl.org/team/225928/games,c6684e23d616cd14
2026-05-11,,2026,U12 Boys,Minnechaug 12U White,East Longmeadow 12U White,Minnechaug 12U White,East Longmeadow 12U White,6,4,completed,minnechaug_12u_white,https://www.cvyl.org/team/225933/games,ceb132d6d7f70515
2026-05-11,,2026,U12 Boys,Tolland 12U,Connecticut Valley Youth Lacrosse,Tolland 12U,Connecticut Valley Youth Lacrosse,0,8,completed,west_hartford_12u_green,https://www.cvyl.org/team/225939/games,adda96ae3cc488b3
2026-05-11,,2026,U12 Boys,Vernon 12U,Connecticut Valley Youth Lacrosse,Vernon 12U,Connecticut Valley Youth Lacrosse,9,12,completed,south_windsor_12u,https://www.cvyl.org/team/225915/games,272f40087b49802e
2026-05-12,,2026,U12 Boys,Connecticut Valley Youth Lacrosse,Agawam,Connecticut Valley Youth Lacrosse,Agawam 12U,13,3,completed,somers_12u_white,https://www.cvyl.org/team/225913/games,6486aba2fab779de
2026-05-12,,2026,U12 Boys,Connecticut Valley Youth Lacrosse,East Longmeadow 12U A,Connecticut Valley Youth Lacrosse,East Longmeadow 12U A,8,6,completed,longmeadow_12u_black,https://www.cvyl.org/team/225905/games,6e6fd83d1c1a41fd
2026-05-12,,2026,U12 Boys,Connecticut Valley Youth Lacrosse,South Hadley 12U,Connecticut Valley Youth Lacrosse,South Hadley 12U,9,3,completed,west_springfield_12u,https://www.cvyl.org/team/225921/games,46e54526f678753d
2026-05-12,,2026,U12 Boys,Connecticut Valley Youth Lacrosse,Southington 12U Blue,Connecticut Valley Youth Lacrosse,Southington 12U Blue,5,9,completed,wolcott_12u,https://www.cvyl.org/team/225925/games,27e4c320a5eb1205
2026-05-12,,2026,U12 Boys,Connecticut Valley Youth Lacrosse,Suffield 12U,Connecticut Valley Youth Lacrosse,Suffield 12U,5,10,completed,glastonbury_12u_white,https://www.cvyl.org/team/225903/games,f37c26f231639f9e
2026-05-12,,2026,U12 Boys,Glastonbury 12U White,Connecticut Valley Youth Lacrosse,Glastonbury 12U White,Connecticut Valley Youth Lacrosse,5,10,completed,suffield_12u,https://www.cvyl.org/team/225917/games,11b0a4c9e1c860db
2026-05-12,,2026,U12 Boys,Longmeadow 12U Black,Connecticut Valley Youth Lacrosse,Longmeadow 12U Black,Connecticut Valley Youth Lacrosse,8,6,completed,east_longmeadow_12u_a,https://www.cvyl.org/team/225900/games,d7f6271d21f0597b
2026-05-12,,2026,U12 Boys,West Springfield 12U,Connecticut Valley Youth Lacrosse,West Springfield 12U,Connecticut Valley Youth Lacrosse,9,3,completed,south_hadley_12u,https://www.cvyl.org/team/225914/games,15bc6f00a632d6ff
2026-05-12,,2026,U12 Boys,Wolcott 12U,Connecticut Valley Youth Lacrosse,Wolcott 12U,Connecticut Valley Youth Lacrosse,5,9,completed,southington_12u_blue,https://www.cvyl.org/team/225916/games,456945c3036b34a1
2026-05-13,,2026,U12 Boys,Avon 12U B,Connecticut Valley Youth Lacrosse,Avon 12U B,Connecticut Valley Youth Lacrosse,5,1,completed,southington_12u_white,https://www.cvyl.org/team/225937/games,c0d1eb365d31ab00
2026-05-13,,2026,U12 Boys,Connecticut Valley Youth Lacrosse,Ellington 12U,Connecticut Valley Youth Lacrosse,Ellington 12U,3,10,completed,tolland_12u,https://www.cvyl.org/team/225918/games,af4de83e651d4ba7
2026-05-13,,2026,U12 Boys,Connecticut Valley Youth Lacrosse,Glastonbury 12U Blue,Connecticut Valley Youth Lacrosse,Glastonbury 12U Blue,6,5,completed,farmington_12u_red,https://www.cvyl.org/team/225929/games,564504bb38250958
2026-05-13,,2026,U12 Boys,Connecticut Valley Youth Lacrosse,Granby 12U,Connecticut Valley Youth Lacrosse,Granby 12U,14,2,completed,rham_12u,https://www.cvyl.org/team/225911/games,b1093535cf6c52fc
2026-05-13,,2026,U12 Boys,Connecticut Valley Youth Lacrosse,Southington 12U White,Connecticut Valley Youth Lacrosse,Southington 12U White,5,1,completed,avon_12u_b,https://www.cvyl.org/team/225869/games,28dd40ab747345c1
2026-05-13,,2026,U12 Boys,Connecticut Valley Youth Lacrosse,Suffield 12U White,Connecticut Valley Youth Lacrosse,Suffield 12U White,2,5,completed,west_hartford_12u_white,https://www.cvyl.org/team/225940/games,170d4d37b4a6c863
2026-05-13,,2026,U12 Boys,Connecticut Valley Youth Lacrosse,West Hartford 12U Gold,Connecticut Valley Youth Lacrosse,West Hartford 12U Gold,6,10,completed,wethersfield_12u_a,https://www.cvyl.org/team/225924/games,4d2d19f1e9b9b0da
2026-05-13,,2026,U12 Boys,Farmington 12U Red,Connecticut Valley Youth Lacrosse,Farmington 12U Red,Connecticut Valley Youth Lacrosse,6,5,completed,glastonbury_12u_blue,https://www.cvyl.org/team/225930/games,f8118e8de0de8875
2026-05-13,,2026,U12 Boys,Newington 12U,Berlin 12U A,Newington 12U,Berlin 12U A,2,15,completed,newington_12u,https://www.cvyl.org/team/225909/games,a0e7cb7ff9349848
2026-05-13,,2026,U12 Boys,Newington 12U,Connecticut Valley Youth Lacrosse,Newington 12U,Connecticut Valley Youth Lacrosse,2,15,completed,berlin_12u_a,https://www.cvyl.org/team/225896/games,9fc7aa44e48ee150
2026-05-13,,2026,U12 Boys,RHAM 12U,Connecticut Valley Youth Lacrosse,RHAM 12U,Connecticut Valley Youth Lacrosse,14,2,completed,granby_12u,https://www.cvyl.org/team/225904/games,43faaa10a0102563
2026-05-13,,2026,U12 Boys,Tolland 12U,Connecticut Valley Youth Lacrosse,Tolland 12U,Connecticut Valley Youth Lacrosse,3,10,completed,ellington_12u,https://www.cvyl.org/team/225901/games,acc624d31c754564
2026-05-13,,2026,U12 Boys,West Hartford 12U White,Connecticut Valley Youth Lacrosse,West Hartford 12U White,Connecticut Valley Youth Lacrosse,2,5,completed,suffield_12u_white,https://www.cvyl.org/team/225938/games,6bf4419f77d1bab7
2026-05-13,,2026,U12 Boys,Wethersfield 12U A,Connecticut Valley Youth Lacrosse,Wethersfield 12U A,Connecticut Valley Youth Lacrosse,6,10,completed,west_hartford_12u_gold,https://www.cvyl.org/team/225920/games,30b3f5ec858b897b
2026-05-14,,2026,U12 Boys,Connecticut Valley Youth Lacrosse,Agawam 12U,Connecticut Valley Youth Lacrosse,Agawam 12U,9,10,completed,east_longmeadow_12u_a,https://www.cvyl.org/team/225900/games,c0cf6dd18e62202d
2026-05-14,,2026,U12 Boys,Connecticut Valley Youth Lacrosse,Bristol 12U,Connecticut Valley Youth Lacrosse,Bristol 12U,5,5,completed,meriden_12u,https://www.cvyl.org/team/225906/games,bb0268684da5dda8
2026-05-14,,2026,U12 Boys,Connecticut Valley Youth Lacrosse,Burlington 12U,Connecticut Valley Youth Lacrosse,Burlington 12U,17,13,completed,southington_12u_blue,https://www.cvyl.org/team/225916/games,39a83346ccc35338
2026-05-14,,2026,U12 Boys,Connecticut Valley Youth Lacrosse,Suffield 12U,Connecticut Valley Youth Lacrosse,Suffield 12U,7,5,completed,westfield_12u_red,https://www.cvyl.org/team/225923/games,652d32017d5860dd
2026-05-14,,2026,U12 Boys,East Longmeadow 12U A,Connecticut Valley Youth Lacrosse,East Longmeadow 12U A,Connecticut Valley Youth Lacrosse,9,10,completed,agawam_12u,https://www.cvyl.org/team/225891/games,2d21b09f554b9a05
2026-05-14,,2026,U12 Boys,Meriden 12U,Connecticut Valley Youth Lacrosse,Meriden 12U,Connecticut Valley Youth Lacrosse,5,5,completed,bristol_12u,https://www.cvyl.org/team/225897/games,555a2ad0ea726b57
2026-05-14,,2026,U12 Boys,Southington 12U Blue,Connecticut Valley Youth Lacrosse,Southington 12U Blue,Connecticut Valley Youth Lacrosse,17,13,completed,burlington_12u,https://www.cvyl.org/team/225898/games,732ca2f59a41f308
2026-05-14,,2026,U12 Boys,Westfield 12U Red,Connecticut Valley Youth Lacrosse,Westfield 12U Red,Connecticut Valley Youth Lacrosse,7,5,completed,suffield_12u,https://www.cvyl.org/team/225917/games,d8ac0d8a25390786
2026-05-15,,2026,U12 Boys,Berlin 12U A,Connecticut Valley Youth Lacrosse,Berlin 12U A,Connecticut Valley Youth Lacrosse,7,2,completed,middletown_12u,https://www.cvyl.org/team/225907/games,cb821be96077bd7b
2026-05-15,,2026,U12 Boys,Connecticut Valley Youth Lacrosse,Glastonbury 12U Blue,Connecticut Valley Youth Lacrosse,Glastonbury 12U Blue,5,3,completed,suffield_12u_white,https://www.cvyl.org/team/225938/games,f86b09131dcd2f3d
2026-05-15,,2026,U12 Boys,Connecticut Valley Youth Lacrosse,Meriden 12U,Connecticut Valley Youth Lacrosse,Meriden 12U,9,3,completed,wolcott_12u,https://www.cvyl.org/team/225925/games,2036e8c331becc9b
2026-05-15,,2026,U12 Boys,Connecticut Valley Youth Lacrosse,Middletown 12U,Connecticut Valley Youth Lacrosse,Middletown 12U,7,2,completed,berlin_12u_a,https://www.cvyl.org/team/225896/games,e43827eb4fcf7308
2026-05-15,,2026,U12 Boys,Connecticut Valley Youth Lacrosse,Simsbury 12U A,Connecticut Valley Youth Lacrosse,Simsbury 12U A,12,7,completed,glastonbury_12u_white,https://www.cvyl.org/team/225903/games,58af4fe106b643b5
2026-05-15,,2026,U12 Boys,Connecticut Valley Youth Lacrosse,South Hadley 12U,Connecticut Valley Youth Lacrosse,South Hadley 12U,6,4,completed,east_longmeadow_12u_a,https://www.cvyl.org/team/225900/games,b3d626043974dce8
2026-05-15,,2026,U12 Boys,East Longmeadow 12U A,Connecticut Valley Youth Lacrosse,East Longmeadow 12U A,Connecticut Valley Youth Lacrosse,6,4,completed,south_hadley_12u,https://www.cvyl.org/team/225914/games,156f921832eed7fa
2026-05-15,,2026,U12 Boys,Glastonbury 12U White,Connecticut Valley Youth Lacrosse,Glastonbury 12U White,Connecticut Valley Youth Lacrosse,12,7,completed,simsbury_12u_a,https://www.cvyl.org/team/225912/games,bd3089be5913c2c5
2026-05-15,,2026,U12 Boys,Suffield 12U White,Connecticut Valley Youth Lacrosse,Suffield 12U White,Connecticut Valley Youth Lacrosse,5,3,completed,glastonbury_12u_blue,https://www.cvyl.org/team/225930/games,541430845fe66ecd
2026-05-15,,2026,U12 Boys,Wolcott 12U,Connecticut Valley Youth Lacrosse,Wolcott 12U,Connecticut Valley Youth Lacrosse,9,3,completed,meriden_12u,https://www.cvyl.org/team/225906/games,55e0a00bfc3d49e9
2026-05-16,,2026,U12 Boys,Avon 12U B,Connecticut Valley Youth Lacrosse,Avon 12U B,Connecticut Valley Youth Lacrosse,7,2,completed,glastonbury_12u_blue,https://www.cvyl.org/team/225930/games,c630dd9491eb9eb2
2026-05-16,,2026,U12 Boys,Belchertown 12U,Connecticut Valley Youth Lacrosse,Belchertown 12U,Connecticut Valley Youth Lacrosse,4,2,completed,northampton_12u,https://www.cvyl.org/team/225910/games,90de04f2363d0dc5
2026-05-16,,2026,U12 Boys,Connecticut Valley Youth Lacrosse,Agawam 12U,Connecticut Valley Youth Lacrosse,Agawam 12U,7,6,completed,west_springfield_12u,https://www.cvyl.org/team/225921/games,0dbca735e5a040d9
2026-05-16,,2026,U12 Boys,Connecticut Valley Youth Lacrosse,Glastonbury 12U Blue,Connecticut Valley Youth Lacrosse,Glastonbury 12U Blue,7,2,completed,avon_12u_b,https://www.cvyl.org/team/225869/games,684ff20e38f8f30c
2026-05-16,,2026,U12 Boys,Connecticut Valley Youth Lacrosse,Northampton 12U,Connecticut Valley Youth Lacrosse,Northampton 12U,4,2,completed,belchertown_12u,https://www.cvyl.org/team/225894/games,bcc002b2c0fa78f8
2026-05-16,,2026,U12 Boys,Connecticut Valley Youth Lacrosse,South Hadley 12U,Connecticut Valley Youth Lacrosse,South Hadley 12U,8,3,completed,longmeadow_12u_black,https://www.cvyl.org/team/225905/games,d902865dd4693980
2026-05-16,,2026,U12 Boys,Longmeadow 12U Black,Connecticut Valley Youth Lacrosse,Longmeadow 12U Black,Connecticut Valley Youth Lacrosse,8,3,completed,south_hadley_12u,https://www.cvyl.org/team/225914/games,442c6df897eddcde
2026-05-16,,2026,U12 Boys,West Springfield 12U,Connecticut Valley Youth Lacrosse,West Springfield 12U,Connecticut Valley Youth Lacrosse,7,6,completed,agawam_12u,https://www.cvyl.org/team/225891/games,0990c9383cd60aac
2026-05-17,,2026,U12 Boys,Connecticut Valley Youth Lacrosse,Avon 12U,Connecticut Valley Youth Lacrosse,Avon 12U,7,8,completed,wethersfield_12u_a,https://www.cvyl.org/team/225924/games,4f40ecb4f487990e
2026-05-17,,2026,U12 Boys,Connecticut Valley Youth Lacrosse,Glastonbury 12U White,Connecticut Valley Youth Lacrosse,Glastonbury 12U White,6,13,completed,simsbury_12u_a,https://www.cvyl.org/team/225912/games,da2ce2903fecc407
2026-05-17,,2026,U12 Boys,Connecticut Valley Youth Lacrosse,Minnechaug 12U,Connecticut Valley Youth Lacrosse,Minnechaug 12U,14,3,completed,suffield_12u,https://www.cvyl.org/team/225917/games,418aaf527706c2c4
2026-05-17,,2026,U12 Boys,Connecticut Valley Youth Lacrosse,Minnechaug 12U White,Connecticut Valley Youth Lacrosse,Minnechaug 12U White,3,3,completed,suffield_12u_white,https://www.cvyl.org/team/225938/games,90ab783959d0eec6
2026-05-17,,2026,U12 Boys,Connecticut Valley Youth Lacrosse,West Hartford 12U Green,Connecticut Valley Youth Lacrosse,West Hartford 12U Green,7,4,completed,rham_12u,https://www.cvyl.org/team/225911/games,5afd5d86ff589c64
2026-05-17,,2026,U12 Boys,RHAM 12U,Connecticut Valley Youth Lacrosse,RHAM 12U,Connecticut Valley Youth Lacrosse,7,4,completed,west_hartford_12u_green,https://www.cvyl.org/team/225939/games,405cee854971a915
2026-05-17,,2026,U12 Boys,Simsbury 12U A,Connecticut Valley Youth Lacrosse,Simsbury 12U A,Connecticut Valley Youth Lacrosse,6,13,completed,glastonbury_12u_white,https://www.cvyl.org/team/225903/games,3536728436486368
2026-05-17,,2026,U12 Boys,Suffield 12U,Connecticut Valley Youth Lacrosse,Suffield 12U,Connecticut Valley Youth Lacrosse,14,3,completed,minnechaug_12u,https://www.cvyl.org/team/225908/games,72cab2b3e7e56414
2026-05-17,,2026,U12 Boys,Suffield 12U White,Minnechaug 12U White,Suffield 12U White,Minnechaug 12U White,3,3,completed,minnechaug_12u_white,https://www.cvyl.org/team/225933/games,d70b5d653ddfffe2
2026-05-17,,2026,U12 Boys,Wethersfield 12U A,Connecticut Valley Youth Lacrosse,Wethersfield 12U A,Connecticut Valley Youth Lacrosse,7,8,completed,avon_12u,https://www.cvyl.org/team/225893/games,4d4b797ce2999e41
2026-05-17,,2026,U12 Boys,Wethersfield 12U B,Connecticut Valley Youth Lacrosse,Wethersfield 12U B,Connecticut Valley Youth Lacrosse,5,4,completed,avon_12u,https://www.cvyl.org/team/225893/games,d8eec5a9f44ca20e
2026-05-18,,2026,U12 Boys,Bristol 12U,Connecticut Valley Youth Lacrosse,Bristol 12U,Connecticut Valley Youth Lacrosse,4,3,completed,berlin_12u_a,https://www.cvyl.org/team/225896/games,7e366a957f024055
2026-05-18,,2026,U12 Boys,Connecticut Valley Youth Lacrosse,Berlin 12U A,Connecticut Valley Youth Lacrosse,Berlin 12U A,4,3,completed,bristol_12u,https://www.cvyl.org/team/225897/games,e2328386eb298294
2026-05-18,,2026,U12 Boys,Connecticut Valley Youth Lacrosse,East Longmeadow 12U White,Connecticut Valley Youth Lacrosse,East Longmeadow 12U White,7,5,completed,northampton_12u,https://www.cvyl.org/team/225910/games,1f5d3a8d66588c5f
2026-05-18,,2026,U12 Boys,Connecticut Valley Youth Lacrosse,Glastonbury 12U Blue,Connecticut Valley Youth Lacrosse,Glastonbury 12U Blue,2,1,completed,southington_12u_white,https://www.cvyl.org/team/225937/games,9f6deea4da5a8027
2026-05-18,,2026,U12 Boys,Connecticut Valley Youth Lacrosse,Glastonbury 12U White,Connecticut Valley Youth Lacrosse,Glastonbury 12U White,5,14,completed,southington_12u_blue,https://www.cvyl.org/team/225916/games,88e4a7dc3a1c5ef7
2026-05-18,,2026,U12 Boys,Connecticut Valley Youth Lacrosse,Granby 12U,Connecticut Valley Youth Lacrosse,Granby 12U,5,4,completed,ellington_12u,https://www.cvyl.org/team/225901/games,6cb6cb4990704d07
2026-05-18,,2026,U12 Boys,Connecticut Valley Youth Lacrosse,Somers 12U White,Connecticut Valley Youth Lacrosse,Somers 12U White,6,4,completed,minnechaug_12u,https://www.cvyl.org/team/225908/games,76e9a2c4395f39bb
2026-05-18,,2026,U12 Boys,Connecticut Valley Youth Lacrosse,Westfield 12U Red,Connecticut Valley Youth Lacrosse,Westfield 12U Red,2,14,completed,longmeadow_12u_black,https://www.cvyl.org/team/225905/games,f4e51fe765850269
2026-05-18,,2026,U12 Boys,Ellington 12U,Connecticut Valley Youth Lacrosse,Ellington 12U,Connecticut Valley Youth Lacrosse,5,4,completed,granby_12u,https://www.cvyl.org/team/225904/games,34f922ec400e049d
2026-05-18,,2026,U12 Boys,Longmeadow 12U Black,Connecticut Valley Youth Lacrosse,Longmeadow 12U Black,Connecticut Valley Youth Lacrosse,2,14,completed,westfield_12u_red,https://www.cvyl.org/team/225923/games,c92859b95d226abc
2026-05-18,,2026,U12 Boys,Minnechaug 12U,Connecticut Valley Youth Lacrosse,Minnechaug 12U,Connecticut Valley Youth Lacrosse,6,4,completed,somers_12u_white,https://www.cvyl.org/team/225913/games,9631d0463eecfbfe
2026-05-18,,2026,U12 Boys,Northampton 12U,Connecticut Valley Youth Lacrosse,Northampton 12U,Connecticut Valley Youth Lacrosse,7,5,completed,east_longmeadow_12u_white,https://www.cvyl.org/team/225928/games,648c01d42fdacfa9
2026-05-18,,2026,U12 Boys,Somers 12U Red,Minnechaug 12U White,Somers 12U Red,Minnechaug 12U White,4,7,completed,minnechaug_12u_white,https://www.cvyl.org/team/225933/games,ce6171fad65f5185
2026-05-18,,2026,U12 Boys,Southington 12U Blue,Connecticut Valley Youth Lacrosse,Southington 12U Blue,Connecticut Valley Youth Lacrosse,5,14,completed,glastonbury_12u_white,https://www.cvyl.org/team/225903/games,63b627d3a50cd88e
2026-05-18,,2026,U12 Boys,Southington 12U White,Connecticut Valley Youth Lacrosse,Southington 12U White,Connecticut Valley Youth Lacrosse,2,1,completed,glastonbury_12u_blue,https://www.cvyl.org/team/225930/games,66e03ef783cacf30
2026-05-19,,2026,U12 Boys,Belchertown 12U,Connecticut Valley Youth Lacrosse,Belchertown 12U,Connecticut Valley Youth Lacrosse,5,9,completed,west_springfield_12u,https://www.cvyl.org/team/225921/games,535802fcb79cbb3d
2026-05-19,,2026,U12 Boys,Connecticut Valley Youth Lacrosse,Agawam 12U,Connecticut Valley Youth Lacrosse,Agawam 12U,13,1,completed,suffield_12u,https://www.cvyl.org/team/225917/games,6535d767d5e38b6c
2026-05-19,,2026,U12 Boys,Connecticut Valley Youth Lacrosse,Bristol 12U,Connecticut Valley Youth Lacrosse,Bristol 12U,6,4,completed,wolcott_12u,https://www.cvyl.org/team/225925/games,747f723142db35aa
2026-05-19,,2026,U12 Boys,Connecticut Valley Youth Lacrosse,Longmeadow 12U Black,Connecticut Valley Youth Lacrosse,Longmeadow 12U Black,2,19,completed,south_hadley_12u,https://www.cvyl.org/team/225914/games,493935e9a36af0ee
2026-05-19,,2026,U12 Boys,Connecticut Valley Youth Lacrosse,West Springfield 12U,Connecticut Valley Youth Lacrosse,West Springfield 12U,5,9,completed,belchertown_12u,https://www.cvyl.org/team/225894/games,448f930c1178012c
2026-05-19,,2026,U12 Boys,Connecticut Valley Youth Lacrosse,Wethersfield 12U B,Connecticut Valley Youth Lacrosse,Wethersfield 12U B,9,5,completed,suffield_12u_white,https://www.cvyl.org/team/225938/games,07150c51642aba2f
2026-05-19,,2026,U12 Boys,Newington 12U,Connecticut Valley Youth Lacrosse,Newington 12U,Connecticut Valley Youth Lacrosse,5,4,completed,meriden_12u,https://www.cvyl.org/team/225906/games,e18c24625e259de9
2026-05-19,,2026,U12 Boys,Newington 12U,Meriden 12U,Newington 12U,Meriden 12U,5,4,completed,newington_12u,https://www.cvyl.org/team/225909/games,07f5cd9636eaebcd
2026-05-19,,2026,U12 Boys,South Hadley 12U,Connecticut Valley Youth Lacrosse,South Hadley 12U,Connecticut Valley Youth Lacrosse,2,19,completed,longmeadow_12u_black,https://www.cvyl.org/team/225905/games,9c04663cb9ec08f9
2026-05-19,,2026,U12 Boys,Suffield 12U,Connecticut Valley Youth Lacrosse,Suffield 12U,Connecticut Valley Youth Lacrosse,13,1,completed,agawam_12u,https://www.cvyl.org/team/225891/games,bd3495e4c5948ca1
2026-05-19,,2026,U12 Boys,Suffield 12U White,Connecticut Valley Youth Lacrosse,Suffield 12U White,Connecticut Valley Youth Lacrosse,9,5,completed,wethersfield_12u_b,https://www.cvyl.org/team/225943/games,1429e6ffd85d217e
2026-05-19,,2026,U12 Boys,Wolcott 12U,Connecticut Valley Youth Lacrosse,Wolcott 12U,Connecticut Valley Youth Lacrosse,6,4,completed,bristol_12u,https://www.cvyl.org/team/225897/games,5287fc69e87ef760
2026-05-20,,2026,U12 Boys,Belchertown 12U,Connecticut Valley Youth Lacrosse,Belchertown 12U,Connecticut Valley Youth Lacrosse,9,5,completed,east_longmeadow_12u_a,https://www.cvyl.org/team/225900/games,2780749fb2b8854e
2026-05-20,,2026,U12 Boys,Connecticut Valley Youth Lacrosse,East Longmeadow 12U A,Connecticut Valley Youth Lacrosse,East Longmeadow 12U A,9,5,completed,belchertown_12u,https://www.cvyl.org/team/225894/games,40b9cf59fbf0bcae
2026-05-20,,2026,U12 Boys,Connecticut Valley Youth Lacrosse,Glastonbury 12U Blue,Connecticut Valley Youth Lacrosse,Glastonbury 12U Blue,5,4,completed,simsbury_12u_blue,https://www.cvyl.org/team/225935/games,5068c85caa75afc4
2026-05-20,,2026,U12 Boys,Connecticut Valley Youth Lacrosse,Simsbury 12U A,Connecticut Valley Youth Lacrosse,Simsbury 12U A,9,2,completed,ellington_12u,https://www.cvyl.org/team/225901/games,73bc1b85b4b41eb8
2026-05-20,,2026,U12 Boys,Connecticut Valley Youth Lacrosse,South Hadley 12U,Connecticut Valley Youth Lacrosse,South Hadley 12U,19,1,completed,westfield_12u_red,https://www.cvyl.org/team/225923/games,90ab51b146a47d36
2026-05-20,,2026,U12 Boys,Connecticut Valley Youth Lacrosse,Tolland 12U,Connecticut Valley Youth Lacrosse,Tolland 12U,11,2,completed,vernon_12u,https://www.cvyl.org/team/225919/games,c41b0ebf69adc987
2026-05-20,,2026,U12 Boys,Connecticut Valley Youth Lacrosse,West Hartford 12U Green,Connecticut Valley Youth Lacrosse,West Hartford 12U Green,8,5,completed,south_windsor_12u,https://www.cvyl.org/team/225915/games,98cea9d158a7a704
2026-05-20,,2026,U12 Boys,Ellington 12U,Connecticut Valley Youth Lacrosse,Ellington 12U,Connecticut Valley Youth Lacrosse,9,2,completed,simsbury_12u_a,https://www.cvyl.org/team/225912/games,b9e026f1b5a932cc
2026-05-20,,2026,U12 Boys,Simsbury 12U Blue,Connecticut Valley Youth Lacrosse,Simsbury 12U Blue,Connecticut Valley Youth Lacrosse,5,4,completed,glastonbury_12u_blue,https://www.cvyl.org/team/225930/games,3837951e9167db8e
2026-05-20,,2026,U12 Boys,South Windsor 12U,Connecticut Valley Youth Lacrosse,South Windsor 12U,Connecticut Valley Youth Lacrosse,8,5,completed,west_hartford_12u_green,https://www.cvyl.org/team/225939/games,e2394b98a4d0aa3e
2026-05-20,,2026,U12 Boys,Vernon 12U,Connecticut Valley Youth Lacrosse,Vernon 12U,Connecticut Valley Youth Lacrosse,11,2,completed,tolland_12u,https://www.cvyl.org/team/225918/games,68ae45447cba6b4a
2026-05-20,,2026,U12 Boys,Westfield 12U Red,Connecticut Valley Youth Lacrosse,Westfield 12U Red,Connecticut Valley Youth Lacrosse,19,1,completed,south_hadley_12u,https://www.cvyl.org/team/225914/games,900b81fa7ff1b7ff
2026-05-21,,2026,U12 Boys,Colchester 12U,Connecticut Valley Youth Lacrosse,Colchester 12U,Connecticut Valley Youth Lacrosse,11,5,completed,tolland_12u,https://www.cvyl.org/team/225918/games,40818739d53340c3
2026-05-21,,2026,U12 Boys,Connecticut Valley Youth Lacrosse,Farmington 12U Red,Connecticut Valley Youth Lacrosse,Farmington 12U Red,8,3,completed,meriden_12u,https://www.cvyl.org/team/225906/games,9551a3fb524c81c9
2026-05-21,,2026,U12 Boys,Connecticut Valley Youth Lacrosse,Longmeadow 12U Black,Connecticut Valley Youth Lacrosse,Longmeadow 12U Black,12,2,completed,west_hartford_12u_gold,https://www.cvyl.org/team/225920/games,e42a618379fe1c9f
2026-05-21,,2026,U12 Boys,Connecticut Valley Youth Lacrosse,Tolland 12U,Connecticut Valley Youth Lacrosse,Tolland 12U,11,5,completed,colchester_12u,https://www.cvyl.org/team/225899/games,557a99a2ca197843
2026-05-21,,2026,U12 Boys,Connecticut Valley Youth Lacrosse,West Springfield 12U,Connecticut Valley Youth Lacrosse,West Springfield 12U,3,9,completed,northampton_12u,https://www.cvyl.org/team/225910/games,67f4c056f078b580
2026-05-21,,2026,U12 Boys,Connecticut Valley Youth Lacrosse,Westfield 12U Black,Connecticut Valley Youth Lacrosse,Westfield 12U Black,6,4,completed,suffield_12u_white,https://www.cvyl.org/team/225938/games,ad225480a03921f5
2026-05-21,,2026,U12 Boys,Meriden 12U,Connecticut Valley Youth Lacrosse,Meriden 12U,Connecticut Valley Youth Lacrosse,8,3,completed,farmington_12u_red,https://www.cvyl.org/team/225929/games,3ce905e25a97d8dc
2026-05-21,,2026,U12 Boys,Northampton 12U,Connecticut Valley Youth Lacrosse,Northampton 12U,Connecticut Valley Youth Lacrosse,3,9,completed,west_springfield_12u,https://www.cvyl.org/team/225921/games,f7c021c15b3502ca
2026-05-21,,2026,U12 Boys,Suffield 12U White,Connecticut Valley Youth Lacrosse,Suffield 12U White,Connecticut Valley Youth Lacrosse,6,4,completed,westfield_12u_black,https://www.cvyl.org/team/225922/games,269f01831e34b147
2026-05-21,,2026,U12 Boys,West Hartford 12U Gold,Connecticut Valley Youth Lacrosse,West Hartford 12U Gold,Connecticut Valley Youth Lacrosse,12,2,completed,longmeadow_12u_black,https://www.cvyl.org/team/225905/games,bd28a7d7e67ac445
2026-05-22,,2026,U12 Boys,Connecticut Valley Youth Lacrosse,Burlington 12U,Connecticut Valley Youth Lacrosse,Burlington 12U,16,5,completed,suffield_12u,https://www.cvyl.org/team/225917/games,44f26fb7072b9e0f
2026-05-22,,2026,U12 Boys,Connecticut Valley Youth Lacrosse,West Hartford 12U White,Connecticut Valley Youth Lacrosse,West Hartford 12U White,5,5,completed,farmington_12u_red,https://www.cvyl.org/team/225929/games,e521fed12a829ec0
2026-05-22,,2026,U12 Boys,Connecticut Valley Youth Lacrosse,Westfield 12U Red,Connecticut Valley Youth Lacrosse,Westfield 12U Red,1,12,completed,simsbury_12u_a,https://www.cvyl.org/team/225912/games,51a3400a218b5e85
2026-05-22,,2026,U12 Boys,Connecticut Valley Youth Lacrosse,Wethersfield 12U A,Connecticut Valley Youth Lacrosse,Wethersfield 12U A,5,8,completed,southington_12u_blue,https://www.cvyl.org/team/225916/games,58d0fb9c0e88dac3
2026-05-22,,2026,U12 Boys,Connecticut Valley Youth Lacrosse,Wethersfield 12U B,Connecticut Valley Youth Lacrosse,Wethersfield 12U B,0,8,completed,southington_12u_white,https://www.cvyl.org/team/225937/games,04a41f5d6b4d1901
2026-05-22,,2026,U12 Boys,Farmington 12U Red,Connecticut Valley Youth Lacrosse,Farmington 12U Red,Connecticut Valley Youth Lacrosse,5,5,completed,west_hartford_12u_white,https://www.cvyl.org/team/225940/games,da656ced39399655
2026-05-22,,2026,U12 Boys,Simsbury 12U A,Connecticut Valley Youth Lacrosse,Simsbury 12U A,Connecticut Valley Youth Lacrosse,1,12,completed,westfield_12u_red,https://www.cvyl.org/team/225923/games,1d3e30beaf706660
2026-05-22,,2026,U12 Boys,Somers 12U Red,Connecticut Valley Youth Lacrosse,Somers 12U Red,Connecticut Valley Youth Lacrosse,8,4,completed,east_longmeadow_12u_white,https://www.cvyl.org/team/225928/games,9498f2663cea703d
2026-05-22,,2026,U12 Boys,Somers 12U Red,East Longmeadow 12U White,Somers 12U Red,East Longmeadow 12U White,8,4,completed,somers_12u_red,https://www.cvyl.org/team/225936/games,a76bd6b07db441ef
2026-05-22,,2026,U12 Boys,Southington 12U Blue,Connecticut Valley Youth Lacrosse,Southington 12U Blue,Connecticut Valley Youth Lacrosse,5,8,completed,wethersfield_12u_a,https://www.cvyl.org/team/225924/games,b7fb1ab9def5fab9
2026-05-22,,2026,U12 Boys,Southington 12U White,Connecticut Valley Youth Lacrosse,Southington 12U White,Connecticut Valley Youth Lacrosse,0,8,completed,wethersfield_12u_b,https://www.cvyl.org/team/225943/games,dbb70c9a51405c23
2026-05-22,,2026,U12 Boys,Suffield 12U,Connecticut Valley Youth Lacrosse,Suffield 12U,Connecticut Valley Youth Lacrosse,16,5,completed,burlington_12u,https://www.cvyl.org/team/225898/games,4f63b168767322d8
2026-05-23,,2026,U12 Boys,Colchester 12U,Connecticut Valley Youth Lacrosse,Colchester 12U,Connecticut Valley Youth Lacrosse,2,4,completed,vernon_12u,https://www.cvyl.org/team/225919/games,db9d582c66d1f68d
2026-05-23,,2026,U12 Boys,Connecticut Valley Youth Lacrosse,Berlin 12U A,Connecticut Valley Youth Lacrosse,Berlin 12U A,2,4,completed,meriden_12u,https://www.cvyl.org/team/225906/games,6bd8c07489a752a6
2026-05-23,,2026,U12 Boys,Connecticut Valley Youth Lacrosse,Vernon 12U,Connecticut Valley Youth Lacrosse,Vernon 12U,2,4,completed,colchester_12u,https://www.cvyl.org/team/225899/games,512b619ece16b9a5
2026-05-23,,2026,U12 Boys,Connecticut Valley Youth Lacrosse,West Hartford 12U Gold,Connecticut Valley Youth Lacrosse,West Hartford 12U Gold,9,10,completed,glastonbury_12u_white,https://www.cvyl.org/team/225903/games,76ae69838f64b9a2
2026-05-23,,2026,U12 Boys,Glastonbury 12U White,Connecticut Valley Youth Lacrosse,Glastonbury 12U White,Connecticut Valley Youth Lacrosse,9,10,completed,west_hartford_12u_gold,https://www.cvyl.org/team/225920/games,b04013c039f13af6
2026-05-23,,2026,U12 Boys,Meriden 12U,Connecticut Valley Youth Lacrosse,Meriden 12U,Connecticut Valley Youth Lacrosse,2,4,completed,berlin_12u_a,https://www.cvyl.org/team/225896/games,72170503e7269833
2026-05-23,,2026,U12 Boys,Newington 12U,Connecticut Valley Youth Lacrosse,Newington 12U,Connecticut Valley Youth Lacrosse,1,7,completed,rham_12u,https://www.cvyl.org/team/225911/games,811ad39cf4bd2435
2026-05-23,,2026,U12 Boys,Newington 12U,RHAM 12U,Newington 12U,RHAM 12U,1,7,completed,newington_12u,https://www.cvyl.org/team/225909/games,addc70bd6ce14e16
2026-05-24,,2026,U12 Boys,Connecticut Valley Youth Lacrosse,Northampton 12U,Connecticut Valley Youth Lacrosse,Northampton 12U,13,1,completed,east_longmeadow_12u_a,https://www.cvyl.org/team/225900/games,ba58baddbd8f3978
2026-05-24,,2026,U12 Boys,East Longmeadow 12U A,Connecticut Valley Youth Lacrosse,East Longmeadow 12U A,Connecticut Valley Youth Lacrosse,13,1,completed,northampton_12u,https://www.cvyl.org/team/225910/games,70a0bb071aad553c
2026-05-26,,2026,U12 Boys,Connecticut Valley Youth Lacrosse,Agawam 12U,Connecticut Valley Youth Lacrosse,Agawam 12U,3,12,completed,south_hadley_12u,https://www.cvyl.org/team/225914/games,a45fdd035023ec5c
2026-05-26,,2026,U12 Boys,Connecticut Valley Youth Lacrosse,Belchertown 12U,Connecticut Valley Youth Lacrosse,Belchertown 12U,3,5,completed,northampton_12u,https://www.cvyl.org/team/225910/games,d92c4829e34fb5b6
2026-05-26,,2026,U12 Boys,Connecticut Valley Youth Lacrosse,RHAM,Connecticut Valley Youth Lacrosse,RHAM 12U,4,8,completed,ellington_12u,https://www.cvyl.org/team/225901/games,c19c7337dd724f23
2026-05-26,,2026,U12 Boys,Connecticut Valley Youth Lacrosse,Somers 12U Red,Connecticut Valley Youth Lacrosse,Somers 12U Red,4,3,completed,suffield_12u_white,https://www.cvyl.org/team/225938/games,88510bbb18ef2122
2026-05-26,,2026,U12 Boys,Connecticut Valley Youth Lacrosse,South Windsor 12U,Connecticut Valley Youth Lacrosse,South Windsor 12U,14,0,completed,suffield_12u,https://www.cvyl.org/team/225917/games,a388cc8087b3060d
2026-05-26,,2026,U12 Boys,Connecticut Valley Youth Lacrosse,West Springfield 12U,Connecticut Valley Youth Lacrosse,West Springfield 12U,4,7,completed,wethersfield_12u_a,https://www.cvyl.org/team/225924/games,158c3d3b470b7109
2026-05-26,,2026,U12 Boys,Northampton 12U,Connecticut Valley Youth Lacrosse,Northampton 12U,Connecticut Valley Youth Lacrosse,3,5,completed,belchertown_12u,https://www.cvyl.org/team/225894/games,eb6f2dee0eba9df0
2026-05-26,,2026,U12 Boys,South Hadley 12U,Connecticut Valley Youth Lacrosse,South Hadley 12U,Connecticut Valley Youth Lacrosse,3,12,completed,agawam_12u,https://www.cvyl.org/team/225891/games,f023abf0071962d7
2026-05-26,,2026,U12 Boys,Suffield 12U,Connecticut Valley Youth Lacrosse,Suffield 12U,Connecticut Valley Youth Lacrosse,14,0,completed,south_windsor_12u,https://www.cvyl.org/team/225915/games,4787f30d719d6850
2026-05-26,,2026,U12 Boys,Suffield 12U White,Somers 12U Red,Suffield 12U White,Somers 12U Red,4,3,completed,somers_12u_red,https://www.cvyl.org/team/225936/games,569cc83219b2a62d
2026-05-26,,2026,U12 Boys,Wethersfield 12U A,Connecticut Valley Youth Lacrosse,Wethersfield 12U A,Connecticut Valley Youth Lacrosse,4,7,completed,west_springfield_12u,https://www.cvyl.org/team/225921/games,96946028be6fb5fd
2026-05-27,,2026,U12 Boys,Berlin 12U A,Connecticut Valley Youth Lacrosse,Berlin 12U A,Connecticut Valley Youth Lacrosse,5,4,completed,bristol_12u,https://www.cvyl.org/team/225897/games,8dd4018085328c94
2026-05-27,,2026,U12 Boys,Colchester 12U,Connecticut Valley Youth Lacrosse,Colchester 12U,Connecticut Valley Youth Lacrosse,4,12,completed,south_windsor_12u,https://www.cvyl.org/team/225915/games,2ce4b71f78ea2af0
2026-05-27,,2026,U12 Boys,Connecticut Valley Youth Lacrosse,Bristol 12U,Connecticut Valley Youth Lacrosse,Bristol 12U,5,4,completed,berlin_12u_a,https://www.cvyl.org/team/225896/games,f42e3c50c3686c61
2026-05-27,,2026,U12 Boys,Connecticut Valley Youth Lacrosse,Farmington 12U Black,Connecticut Valley Youth Lacrosse,Farmington 12U Black,14,5,completed,wolcott_12u,https://www.cvyl.org/team/225925/games,742622ef21dfbac1
2026-05-27,,2026,U12 Boys,Connecticut Valley Youth Lacrosse,Longmeadow 12U Black,Connecticut Valley Youth Lacrosse,Longmeadow 12U Black,14,1,completed,westfield_12u_red,https://www.cvyl.org/team/225923/games,dfdfd9959373e6f4
2026-05-27,,2026,U12 Boys,Connecticut Valley Youth Lacrosse,Somers 12U White,Connecticut Valley Youth Lacrosse,Somers 12U White,11,5,completed,minnechaug_12u,https://www.cvyl.org/team/225908/games,6430c25698fe98a8
2026-05-27,,2026,U12 Boys,Connecticut Valley Youth Lacrosse,South Windsor 12U,Connecticut Valley Youth Lacrosse,South Windsor 12U,4,12,completed,colchester_12u,https://www.cvyl.org/team/225899/games,ab594124b8ea069a
2026-05-27,,2026,U12 Boys,Connecticut Valley Youth Lacrosse,West Hartford 12U Green,Connecticut Valley Youth Lacrosse,West Hartford 12U Green,3,4,completed,vernon_12u,https://www.cvyl.org/team/225919/games,ec1a58ae0cb9b5f2
2026-05-27,,2026,U12 Boys,Connecticut Valley Youth Lacrosse,West Hartford 12U White,Connecticut Valley Youth Lacrosse,West Hartford 12U White,7,0,completed,suffield_12u_white,https://www.cvyl.org/team/225938/games,99c79d7ed7b6f3b6
2026-05-27,,2026,U12 Boys,Connecticut Valley Youth Lacrosse,West Springfield,Connecticut Valley Youth Lacrosse,West Springfield 12U,4,3,completed,westfield_12u_black,https://www.cvyl.org/team/225922/games,4ecd19b17de47def
2026-05-27,,2026,U12 Boys,Minnechaug 12U,Connecticut Valley Youth Lacrosse,Minnechaug 12U,Connecticut Valley Youth Lacrosse,11,5,completed,somers_12u_white,https://www.cvyl.org/team/225913/games,2b15c28ed761a22b
2026-05-27,,2026,U12 Boys,Minnechaug 12U White,Somers 12U Red,Minnechaug 12U White,Somers 12U Red,6,1,completed,minnechaug_12u_white,https://www.cvyl.org/team/225933/games,bf683cbd611b689c
2026-05-27,,2026,U12 Boys,Suffield 12U White,Connecticut Valley Youth Lacrosse,Suffield 12U White,Connecticut Valley Youth Lacrosse,7,0,completed,west_hartford_12u_white,https://www.cvyl.org/team/225940/games,681b1242eeb8db9b
2026-05-27,,2026,U12 Boys,Vernon 12U,Connecticut Valley Youth Lacrosse,Vernon 12U,Connecticut Valley Youth Lacrosse,3,4,completed,west_hartford_12u_green,https://www.cvyl.org/team/225939/games,d47250cfca6e7ba8
2026-05-27,,2026,U12 Boys,Westfield 12U Red,Connecticut Valley Youth Lacrosse,Westfield 12U Red,Connecticut Valley Youth Lacrosse,14,1,completed,longmeadow_12u_black,https://www.cvyl.org/team/225905/games,596b2455b04f45a0
2026-05-27,,2026,U12 Boys,Wolcott 12U,Connecticut Valley Youth Lacrosse,Wolcott 12U,Connecticut Valley Youth Lacrosse,14,5,completed,farmington_12u_black,https://www.cvyl.org/team/225902/games,d728348c8fc7eb03
2026-05-28,,2026,U12 Boys,Connecticut Valley Youth Lacrosse,Agawam 12U,Connecticut Valley Youth Lacrosse,Agawam 12U,8,7,completed,longmeadow_12u_black,https://www.cvyl.org/team/225905/games,dc51067f761670d6
2026-05-28,,2026,U12 Boys,Connecticut Valley Youth Lacrosse,Bristol 12U,Connecticut Valley Youth Lacrosse,Bristol 12U,12,0,completed,west_hartford_12u_gold,https://www.cvyl.org/team/225920/games,6e90620433302c4e
2026-05-28,,2026,U12 Boys,Longmeadow 12U Black,Connecticut Valley Youth Lacrosse,Longmeadow 12U Black,Connecticut Valley Youth Lacrosse,8,7,completed,agawam_12u,https://www.cvyl.org/team/225891/games,836eb17cd1e3d779
2026-05-28,,2026,U12 Boys,West Hartford 12U Gold,Connecticut Valley Youth Lacrosse,West Hartford 12U Gold,Connecticut Valley Youth Lacrosse,12,0,completed,bristol_12u,https://www.cvyl.org/team/225897/games,f18ea8676a87072a
2026-05-29,,2026,U12 Boys,Connecticut Valley Youth Lacrosse,Meriden 12U,Connecticut Valley Youth Lacrosse,Meriden 12U,2,7,completed,middletown_12u,https://www.cvyl.org/team/225907/games,91466487f4f43c71
2026-05-29,,2026,U12 Boys,Connecticut Valley Youth Lacrosse,Simsbury 12U A,Connecticut Valley Youth Lacrosse,Simsbury 12U A,14,3,completed,suffield_12u,https://www.cvyl.org/team/225917/games,c8f609f8e854878c
2026-05-29,,2026,U12 Boys,Connecticut Valley Youth Lacrosse,Simsbury 12U Blue,Connecticut Valley Youth Lacrosse,Simsbury 12U Blue,9,2,completed,glastonbury_12u_blue,https://www.cvyl.org/team/225930/games,b95f9560d9276ade
2026-05-29,,2026,U12 Boys,Glastonbury 12U Blue,Connecticut Valley Youth Lacrosse,Glastonbury 12U Blue,Connecticut Valley Youth Lacrosse,9,2,completed,simsbury_12u_blue,https://www.cvyl.org/team/225935/games,7edd002b3bb04f0c
2026-05-29,,2026,U12 Boys,Middletown 12U,Connecticut Valley Youth Lacrosse,Middletown 12U,Connecticut Valley Youth Lacrosse,2,7,completed,meriden_12u,https://www.cvyl.org/team/225906/games,ac7bcdf5c5e2bd7a
2026-05-29,,2026,U12 Boys,Suffield 12U,Connecticut Valley Youth Lacrosse,Suffield 12U,Connecticut Valley Youth Lacrosse,14,3,completed,simsbury_12u_a,https://www.cvyl.org/team/225912/games,452960cf89b5091a
2026-05-30,,2026,U12 Boys,Connecticut Valley Youth Lacrosse,Avon 12U,Connecticut Valley Youth Lacrosse,Avon 12U,3,2,completed,granby_12u,https://www.cvyl.org/team/225904/games,ae15fd5d3f235489
2026-05-30,,2026,U12 Boys,Connecticut Valley Youth Lacrosse,Wolcott 12U,Connecticut Valley Youth Lacrosse,Wolcott 12U,1,10,completed,southington_12u_white,https://www.cvyl.org/team/225937/games,45aa932251d9a5d6
2026-05-30,,2026,U12 Boys,Granby 12U,Connecticut Valley Youth Lacrosse,Granby 12U,Connecticut Valley Youth Lacrosse,3,2,completed,avon_12u,https://www.cvyl.org/team/225893/games,b2b48602fbe00bea
2026-05-30,,2026,U12 Boys,Southington 12U White,Connecticut Valley Youth Lacrosse,Southington 12U White,Connecticut Valley Youth Lacrosse,1,10,completed,wolcott_12u,https://www.cvyl.org/team/225925/games,a7f97b20e0bb94a6
2026-05-31,,2026,U12 Boys,Bristol 12U,Connecticut Valley Youth Lacrosse,Bristol 12U,Connecticut Valley Youth Lacrosse,6,3,completed,west_hartford_12u_white,https://www.cvyl.org/team/225940/games,2648e4e3ac95f616
2026-05-31,,2026,U12 Boys,Connecticut Valley Youth Lacrosse,West Hartford 12U White,Connecticut Valley Youth Lacrosse,West Hartford 12U White,6,3,completed,bristol_12u,https://www.cvyl.org/team/225897/games,9bfd2783bf881df8
2026-06-01,,2026,U12 Boys,Connecticut Valley Youth Lacrosse,Glastonbury 12U Blue,Connecticut Valley Youth Lacrosse,Glastonbury 12U Blue,10,1,completed,east_longmeadow_12u_white,https://www.cvyl.org/team/225928/games,6278ef844168a52e
2026-06-01,,2026,U12 Boys,Connecticut Valley Youth Lacrosse,Simsbury,Connecticut Valley Youth Lacrosse,Simsbury,6,3,completed,belchertown_12u,https://www.cvyl.org/team/225894/games,0b4e68bf5683cf1a
2026-06-01,,2026,U12 Boys,East Longmeadow 12U White,Connecticut Valley Youth Lacrosse,East Longmeadow 12U White,Connecticut Valley Youth Lacrosse,10,1,completed,glastonbury_12u_blue,https://www.cvyl.org/team/225930/games,fd1f2cde389d1955
2026-06-02,,2026,U12 Boys,Bristol 12U,Connecticut Valley Youth Lacrosse,Bristol 12U,Connecticut Valley Youth Lacrosse,4,1,completed,granby_12u,https://www.cvyl.org/team/225904/games,da55b86bc21ec738
2026-06-02,,2026,U12 Boys,Connecticut Valley Youth Lacrosse,Granby 12U,Connecticut Valley Youth Lacrosse,Granby 12U,4,1,completed,bristol_12u,https://www.cvyl.org/team/225897/games,0b565f798e5ae5ec
2026-06-02,,2026,U12 Boys,Connecticut Valley Youth Lacrosse,West Hartford 12U White,Connecticut Valley Youth Lacrosse,West Hartford 12U White,7,1,completed,southington_12u_white,https://www.cvyl.org/team/225937/games,053e6b33b4d2ec2c
2026-06-02,,2026,U12 Boys,Southington 12U White,Connecticut Valley Youth Lacrosse,Southington 12U White,Connecticut Valley Youth Lacrosse,7,1,completed,west_hartford_12u_white,https://www.cvyl.org/team/225940/games,58fdc6b13b748052
2026-06-03,,2026,U12 Boys,Avon 12U B,Connecticut Valley Youth Lacrosse,Avon 12U B,Connecticut Valley Youth Lacrosse,2,3,completed,wethersfield_12u_b,https://www.cvyl.org/team/225943/games,fe07997ac93e3741
2026-06-03,,2026,U12 Boys,Connecticut Valley Youth Lacrosse,Middletown 12U,Connecticut Valley Youth Lacrosse,Middletown 12U,9,1,completed,meriden_12u,https://www.cvyl.org/team/225906/games,e90cec658ee3ca5f
2026-06-03,,2026,U12 Boys,Connecticut Valley Youth Lacrosse,Northampton 12U,Connecticut Valley Youth Lacrosse,Northampton 12U,8,0,completed,south_hadley_12u,https://www.cvyl.org/team/225914/games,e7162a052c6da1b9
2026-06-03,,2026,U12 Boys,Connecticut Valley Youth Lacrosse,Simsbury 14U Blue,Connecticut Valley Youth Lacrosse,Simsbury 14U Blue,9,5,completed,westfield_12u_black,https://www.cvyl.org/team/225922/games,440cedd09d6fc824
2026-06-03,,2026,U12 Boys,Connecticut Valley Youth Lacrosse,Southington 12U Blue,Connecticut Valley Youth Lacrosse,Southington 12U Blue,3,16,completed,south_windsor_12u,https://www.cvyl.org/team/225915/games,54ce4c1969e7f7ff
2026-06-03,,2026,U12 Boys,Connecticut Valley Youth Lacrosse,Vernon 12U,Connecticut Valley Youth Lacrosse,Vernon 12U,5,3,completed,ellington_12u,https://www.cvyl.org/team/225901/games,be5f46e80b98aafd
2026-06-03,,2026,U12 Boys,Connecticut Valley Youth Lacrosse,West Hartford Green,Connecticut Valley Youth Lacrosse,West Hartford Green,6,3,completed,rham_12u,https://www.cvyl.org/team/225911/games,82ef6448640b3b46
2026-06-03,,2026,U12 Boys,Connecticut Valley Youth Lacrosse,Wethersfield 12U B,Connecticut Valley Youth Lacrosse,Wethersfield 12U B,2,3,completed,avon_12u_b,https://www.cvyl.org/team/225869/games,50ecc1239acbfaea
2026-06-03,,2026,U12 Boys,Ellington 12U,Connecticut Valley Youth Lacrosse,Ellington 12U,Connecticut Valley Youth Lacrosse,5,3,completed,vernon_12u,https://www.cvyl.org/team/225919/games,5692e221e01aa7e8
2026-06-03,,2026,U12 Boys,Meriden 12U,Connecticut Valley Youth Lacrosse,Meriden 12U,Connecticut Valley Youth Lacrosse,9,1,completed,middletown_12u,https://www.cvyl.org/team/225907/games,42cc10f7ace2c1e5
2026-06-03,,2026,U12 Boys,South Hadley 12U,Connecticut Valley Youth Lacrosse,South Hadley 12U,Connecticut Valley Youth Lacrosse,8,0,completed,northampton_12u,https://www.cvyl.org/team/225910/games,f2ce1e11101cba24
2026-06-03,,2026,U12 Boys,South Windsor 12U,Connecticut Valley Youth Lacrosse,South Windsor 12U,Connecticut Valley Youth Lacrosse,3,16,completed,southington_12u_blue,https://www.cvyl.org/team/225916/games,d58cebcc36a968c4
2026-06-04,,2026,U12 Boys,Connecticut Valley Youth Lacrosse,Berlin 12U A,Connecticut Valley Youth Lacrosse,Berlin 12U A,9,4,completed,wolcott_12u,https://www.cvyl.org/team/225925/games,f249adf23da252ee
2026-06-04,,2026,U12 Boys,Connecticut Valley Youth Lacrosse,Tolland,Connecticut Valley Youth Lacrosse,Tolland,10,3,completed,colchester_12u,https://www.cvyl.org/team/225899/games,1d9aa11657f53c92
2026-06-04,,2026,U12 Boys,Wolcott 12U,Connecticut Valley Youth Lacrosse,Wolcott 12U,Connecticut Valley Youth Lacrosse,9,4,completed,berlin_12u_a,https://www.cvyl.org/team/225896/games,f2a77740f5ad45c8
2026-06-06,,2026,U12 Boys,Connecticut Valley Youth Lacrosse,Wolcott 12U,Connecticut Valley Youth Lacrosse,Wolcott 12U,6,3,completed,ellington_12u,https://www.cvyl.org/team/225901/games,5e81041ad0a7a00b
2026-06-06,,2026,U12 Boys,Ellington 12U,Connecticut Valley Youth Lacrosse,Ellington 12U,Connecticut Valley Youth Lacrosse,6,3,completed,wolcott_12u,https://www.cvyl.org/team/225925/games,9ebd0076052e0a41
