team,games_played,avg_points_for,avg_points_against,avg_margin,adjusted_offense_rating,adjusted_defense_rating,adjusted_margin_rating,power_rating_v3_recency,power_rank_v3_recency,confidence_tier,shrinkage_multiplier,average_recency_weight
Suffield 12U,24,11.520518855164207,3.348942271276308,8.171576583887898,5.067197967731691,3.673633183965588,5.486992461857861,4.54095927877892,1,high,0.8275862068965517,1.0034201954397393
Westfield 12U Red,11,10.894617725085807,2.3494656694494824,8.545152055636327,5.282694275012536,4.503372317423692,6.001171244251086,4.125805230422622,2,high,0.6875,0.9878442404501034
RHAM 12U,20,9.113894733408362,3.157565526577613,5.956329206830749,2.9005304774456477,2.0431390891639594,5.004262689878175,4.00341015190254,3,high,0.8,0.9985504885993484
West Hartford 12U Gold,11,11.901073515423292,3.2486146970451903,8.6524588183781,5.785085678891698,2.5645276374279264,5.786150894419399,3.977978739913337,4,high,0.6875,0.9806188925081433
Minnechaug 12U,12,10.441966037101384,4.22798856694502,6.213977470156363,4.795940179245245,2.554508951407172,4.0669459148998355,2.8707853516940016,5,high,0.7058823529411765,0.9686753528773074
West Springfield 12U,11,7.10013841334596,3.2466671523275292,3.8534712610184316,0.9841505768143675,2.566475182145587,3.777759885503812,2.597209921283871,6,high,0.6875,1.0162126147468167
Wolcott 12U,16,7.944852941176471,4.527796961325967,3.4170559798505042,1.8288651046448778,1.28534537314715,3.0752981304977314,2.3430842899030333,7,high,0.7619047619047619,1.0022801302931594
Suffield 12U White,12,5.515990492139809,3.074293663227271,2.441696828912539,-0.5999973443917842,2.738848671245847,2.36598545339792,1.67010737886912,8,high,0.7058823529411765,1.0049402823018456
Minnechaug 12U White,10,5.860479440652573,3.286515731646412,2.5739637090061596,-0.25550839587902086,2.5266266028267044,2.498252333491541,1.6655015556610273,9,high,0.6666666666666666,0.9783387622149837
West Hartford 12U Green,9,5.622742995816506,3.2218338555155115,2.400909140300995,-0.144933569964941,2.9799241470576114,2.509429499498913,1.6132046782493012,10,high,0.6428571428571429,0.9992218602967787
Glastonbury 12U White,8,9.83296790910903,7.357843332668925,2.4751245764401033,4.062405752768663,-0.8322174592464707,2.533593515477419,1.5591344710630273,11,high,0.6153846153846154,1.0213762214983713
Suffield Juniors 1 Blue,1,13.0,0.0,13.0,6.884012163468407,5.813142334473117,7.924288624485381,1.3207147707475635,12,very low,0.16666666666666666,0.9030944625407166
Somers Juniors,1,8.0,1.0,7.0,1.884012163468407,4.813142334473117,6.924288624485381,1.1540481040808968,13,very low,0.16666666666666666,0.8692182410423452
Avon 12U B,7,4.687936353304108,2.833298541043305,1.8546378122608034,-1.4280514832274853,2.9798437934298123,1.7789264367461843,1.037707088101941,14,high,0.5833333333333334,1.0030944625407163
Avon 12U,5,6.704600719774342,4.147813118049476,2.5567876017248645,0.5886128832427479,1.6653292164236402,1.8769521137698217,0.9384760568849109,15,medium,0.5,1.004657980456026
Southington 12U Blue,12,8.857939142461964,7.355117565698478,1.5028215767634852,2.7419513059303706,-1.541975231225362,0.9942635893480727,0.7018331218927573,16,high,0.7058823529411765,0.9812703583061889
Berkshire,1,9.0,5.0,4.0,2.884012163468407,0.8131423344731168,3.924288624485381,0.6540481040808968,17,very low,0.16666666666666666,1.0070032573289902
Meriden 12U,12,5.063040115224583,4.205110423557026,0.8579296916675558,-1.0529477213070122,1.6080319109160917,0.7822183161529369,0.5521541055197202,18,high,0.7058823529411765,1.0176981541802386
Wethersfield 12U B,9,5.422565136755677,4.805228946468121,0.6173361902875562,-0.38781618894159026,1.348882769006698,0.8065692900997351,0.5185088293498298,19,high,0.6428571428571429,1.0050126673905175
Ellington 12U,9,5.1794950020637796,5.8296215207365005,-0.6501265186727202,-0.6638254045229651,0.545931388815395,0.5519355401765146,0.35481570439918797,20,high,0.6428571428571429,1.0083785740137532
Wethersfield 12U A,7,7.717560065421204,7.106355532008016,0.6112045334131901,1.6015722288896135,-1.2932131975348995,0.5354931578985712,0.31237100877416657,21,high,0.5833333333333334,1.0100279199627735
Vernon 12U,10,5.5918144786220605,5.351236488436989,0.24057799018507206,0.01376473989106175,1.06209076920269,0.3430208744187693,0.22868058294584617,22,high,0.6666666666666666,1.0155374592833875
Burlington 12U,8,7.991126380574995,8.492433184385803,-0.5013068038108085,2.26630654434201,-1.872458071810604,0.30596167987504463,0.18828411069233517,23,high,0.6153846153846154,0.9658794788273615
Farmington 12U Red,8,5.140375644488093,4.788894344872739,0.3514812996153532,-0.9756121920435008,1.0242479896003776,0.2757699241007343,0.16970456867737496,24,high,0.6153846153846154,0.9950325732899021
Suffield B,1,6.000000000000001,5.0,1.0,-0.11598783653159295,0.8131423344731168,0.924288624485381,0.1540481040808968,25,very low,0.16666666666666666,0.9942996742671009
South Windsor 12U,11,7.239608766210032,8.8337548794573,-1.59414611324727,1.8859788425652788,-1.7003215551018993,0.0482868073261097,0.03319718003670042,26,high,0.6875,1.012718389102754
Berlin 12U A,11,4.945617808832234,4.533600889286693,0.4120169195455399,-1.1703700276993594,1.279541445186423,-0.12183590452470992,-0.08376218436073807,27,high,0.6875,1.025599644655019
Somers 12U White,7,7.058324847853371,7.159061308579413,-0.10073646072604135,1.2971536476583565,-0.6140654170828697,-0.18599485845823535,-0.10849700076730397,28,high,0.5833333333333334,0.982526756630991
Belchertown 12U,10,5.441699444137438,5.543477554204726,-0.10177811006728865,-0.6742883923941551,0.26966478026839036,-0.17008275071823237,-0.11338850047882157,29,high,0.6666666666666666,1.0020521172638435
Westfield 12U Black,9,5.823734009314389,5.815559354673898,0.008174654640492022,-0.29225382721720283,-0.002417020200781382,-0.18404520011325526,-0.11831477150137838,30,high,0.6428571428571429,0.9209011943539631
Connecticut Valley Youth Lacrosse,439,5.813142334473117,6.115987836531593,-0.3028455020584759,-0.1896039410823837,-0.17040676675682698,-0.21575744572857794,-0.21332774476316602,31,high,0.9887387387387387,0.9998126479339333
West Hartford Green,1,3.0,6.0,-3.0,-0.15756552657761347,3.1138947334083618,-1.510917698292313,-0.25181961638205214,32,very low,0.16666666666666666,1.1395765472312702
Colchester 12U,7,4.878303470800653,5.59325620442993,-0.7149527336292755,-0.8330166683899016,0.6713794372278586,-0.5647073747535826,-0.3294126352729232,33,high,0.5833333333333334,1.0115635179153093
Longmeadow 12U White,1,3.0,4.999999999999999,-2.0,-3.115987836531593,0.8131423344731168,-2.075711375514619,-0.34595189591910314,34,very low,0.16666666666666666,0.9441368078175896
Somers 12U Red,8,4.2300653067806175,4.802668709183262,-0.5726034024026446,-1.8859225297509756,1.0104736252898547,-0.6483147779172634,-0.39896294025677753,35,high,0.6153846153846154,1.0100162866449511
Simsbury,1,3.0,6.0,-3.0,-3.115987836531593,-0.1868576655268832,-3.075711375514619,-0.5126185625857698,36,very low,0.16666666666666666,1.1350162866449511
East Longmeadow 12U White,8,5.628064780647806,6.381959819598196,-0.7538950389503897,-0.48792305588378637,-0.5688174851250792,-0.9726363447643112,-0.5985454429318838,37,high,0.6153846153846154,0.9930781758957654
Simsbury 14U Blue,1,5.0,9.0,-4.0,-1.115987836531593,-3.186857665526883,-4.075711375514619,-0.6792852292524364,38,very low,0.16666666666666666,1.1408794788273615
Longmeadow 12U Black,10,6.515949658889131,7.665244073393351,-1.1492944145042205,0.3999618223575384,-1.8521017389202352,-1.0659426679776334,-0.7106284453184222,39,high,0.6666666666666666,1.0456351791530945
Agawam 12U,12,6.975067787418654,8.775732104121476,-1.8006643167028196,1.105735653050206,-2.4538316267044338,-1.2423772652749616,-0.8769721872529141,40,high,0.7058823529411765,1.0010857763300758
East Longmeadow 12U A,13,6.342299165780334,8.724002716660046,-2.381703550879711,0.22631132924874192,-2.910860382186929,-1.6040982462610818,-1.158515400077448,41,high,0.7222222222222222,0.9776622400400902
Tolland,1,3.0,10.0,-7.000000000000001,-3.115987836531593,-4.186857665526883,-7.075711375514619,-1.1792852292524363,42,very low,0.16666666666666666,1.1473941368078175
Southington 12U White,9,2.960760183541077,5.027636644925372,-2.0668764613842936,-3.1552276529905163,0.7855056895477464,-2.0021931255489505,-1.2871241521386112,43,high,0.6428571428571429,1.0293340571842198
Bristol 12U,15,3.5556874953197037,5.813408645977083,-2.257721150657381,-2.5603003412118888,-0.0002663115039686797,-1.7421163269994326,-1.3065872452495744,44,high,0.75,1.0149511400651465
Granby 12U,9,3.658870578993412,6.210726464444484,-2.551855885451072,-2.1242016548951304,-0.026145620205627683,-2.221059708029086,-1.4278240980186983,45,high,0.6428571428571429,1.013590300398118
Glastonbury 12U Blue,11,3.1386263664474545,5.289984466414065,-2.1513580999666098,-2.9773614700841384,0.5231578680590524,-2.118175620372371,-1.4562457390060053,46,high,0.6875,1.0198845128812553
Newington 12U,11,2.829115386392692,6.812356556430121,-3.9832411700374295,-2.978320864970797,-0.654958981076697,-2.710362404421491,-1.863374153039775,47,high,0.6875,0.9612229789754221
Simsbury 12U Blue,11,3.7116245663900735,6.647977505768732,-2.9363529393786583,-2.4043632701415203,-0.8348351712956144,-2.9153244282063855,-2.00428554439189,48,high,0.6875,0.9688925081433223
Northampton 12U,12,3.457380203816131,7.474766912402428,-4.017386708586296,-2.658607632715461,-1.6616245779293115,-3.7109132973101926,-2.6194682098660182,49,high,0.7058823529411765,1.0015200868621064
West Hartford 12U White,11,2.4449145718343264,6.184852788310908,-3.7399382164765824,-3.6710732646972657,-0.37171045383779194,-3.8156495919912006,-2.6232590944939504,50,high,0.6875,1.0112970091797453
Middletown 12U,10,2.2875028491420015,6.311386799518087,-4.023883950376087,-3.8284849873895914,-0.4982444650449712,-4.090926150285966,-2.7272841001906443,51,high,0.6666666666666666,1.000358306188925
Farmington 12U Black,7,5.458236240901337,11.692267038220384,-6.234030797319048,-0.6577515956302549,-5.8791247037472685,-4.930785274506194,-2.8762914101286134,52,high,0.5833333333333334,0.9685202419730107
South Hadley 12U,13,3.6743810882918657,12.37529316870385,-8.700912080411987,-2.4416067482397272,-6.562150834230736,-5.0722851692546325,-3.6633170666839012,53,high,0.7222222222222222,1.0095840641443248
Simsbury 12U A,11,4.768048432839111,11.878609319207088,-7.110560886367978,-1.0664491468593913,-5.48485822901792,-5.403528889432302,-3.7149261114847074,54,high,0.6875,1.0075954989635771
Tolland 12U,7,2.459139414802065,11.24027538726334,-8.781135972461275,-3.274952254351647,-5.0010462543046055,-7.378501890851211,-4.30412610299654,55,high,0.5833333333333334,1.013843648208469
