game_id,game_date,home_team,away_team,home_score,away_score,predicted_winner,actual_winner,predicted_win_probability,prediction_correct,pregame_home_elo,pregame_away_elo
854cb0a420e3e87e,2026-04-04,Connecticut Valley Youth Lacrosse,Burlington 12U,2,9,Connecticut Valley Youth Lacrosse,Burlington 12U,0.5,False,1500.0,1500.0
b9eb8fd793ea9472,2026-04-04,Meriden 12U,Connecticut Valley Youth Lacrosse,2,9,Meriden 12U,Connecticut Valley Youth Lacrosse,0.5254148122865702,False,1500.0,1482.3247468957213
1a4c5eeb8d2b43c1,2026-04-06,Farmington 12U Black,Connecticut Valley Youth Lacrosse,4,13,Connecticut Valley Youth Lacrosse,Connecticut Valley Youth Lacrosse,0.501517554082682,True,1500.0,1501.054507820566
4151a96de41b9e06,2026-04-06,Connecticut Valley Youth Lacrosse,Burlington 12U,4,13,Connecticut Valley Youth Lacrosse,Burlington 12U,0.5046120346833178,False,1520.8801139411842,1517.6752531042787
3e3ed7e49b8e8a61,2026-04-09,Suffield 12U White,Westfield 12U Black,4,2,Suffield 12U White,Suffield 12U White,0.5,True,1500.0,1500.0
729e4a2ff513fa40,2026-04-09,West Hartford 12U Gold,Connecticut Valley Youth Lacrosse,15,2,Connecticut Valley Youth Lacrosse,West Hartford 12U Gold,0.5009684461269241,False,1500.0,1500.6729461358416
8eff7c54188d90c9,2026-04-09,Connecticut Valley Youth Lacrosse,Westfield 12U Black,4,2,Westfield 12U Black,Connecticut Valley Youth Lacrosse,0.5186751784967106,False,1477.4042598218743,1490.387142474154
ba0b3e32aed538e5,2026-04-09,Connecticut Valley Youth Lacrosse,Ellington 12U,15,2,Ellington 12U,Connecticut Valley Youth Lacrosse,0.5180016802286544,False,1487.4857423397536,1500.0
36c329bf225a8a70,2026-04-10,Connecticut Valley Youth Lacrosse,Westfield 12U Red,0,14,Connecticut Valley Youth Lacrosse,Westfield 12U Red,0.516958661569973,False,1511.7886068901616,1500.0
c5f90e5b1e1540af,2026-04-10,East Longmeadow 12U A,Connecticut Valley Youth Lacrosse,0,14,East Longmeadow 12U A,Connecticut Valley Youth Lacrosse,0.5190022817213723,False,1500.0,1486.7894996146956
34c5af1157c3fd13,2026-04-11,Meriden 12U,Connecticut Valley Youth Lacrosse,2,4,Connecticut Valley Youth Lacrosse,Connecticut Valley Youth Lacrosse,0.5440962778541579,True,1481.2702390751554,1511.9912858685507
38aa5ac5697f129e,2026-04-11,Connecticut Valley Youth Lacrosse,South Hadley 12U,20,3,Connecticut Valley Youth Lacrosse,Connecticut Valley Youth Lacrosse,0.5301944183234342,True,1521.0067916373318,1500.0
39cd61ca8b599f04,2026-04-11,Minnechaug 12U White,Westfield 12U Black,5,5,Minnechaug 12U White,Tie,0.5283121161991908,False,1500.0,1480.3056599562747
540d2d8f0c3cf8cb,2026-04-11,Connecticut Valley Youth Lacrosse,Westfield 12U Black,5,5,Connecticut Valley Youth Lacrosse,Tie,0.592074237276962,False,1545.5368290434208,1480.818817062385
5f32622b84b09838,2026-04-11,Minnechaug 12U,Connecticut Valley Youth Lacrosse,20,3,Connecticut Valley Youth Lacrosse,Minnechaug 12U,0.5627903369339528,False,1500.0,1543.8627520020214
773d1a4ca4c750bb,2026-04-11,Connecticut Valley Youth Lacrosse,Newington 12U,2,4,Connecticut Valley Youth Lacrosse,Newington 12U,0.5204239078952618,False,1514.199886025425,1500.0
52ef78622739b7a7,2026-04-12,Connecticut Valley Youth Lacrosse,Northampton 12U,10,6,Connecticut Valley Youth Lacrosse,Connecticut Valley Youth Lacrosse,0.5053894763032525,True,1503.7451367585832,1500.0
5ee6b94c1912f763,2026-04-12,East Longmeadow 12U White,Connecticut Valley Youth Lacrosse,10,6,Connecticut Valley Youth Lacrosse,East Longmeadow 12U White,0.5263678808771701,False,1500.0,1518.3392937852343
bda7a40de134d301,2026-04-13,Minnechaug 12U,Connecticut Valley Youth Lacrosse,2,6,Minnechaug 12U,Connecticut Valley Youth Lacrosse,0.5386249340936862,False,1529.6628659765963,1502.7699324908426
d0cbb5c84e669106,2026-04-13,Connecticut Valley Youth Lacrosse,Westfield 12U Red,2,6,Westfield 12U Red,Westfield 12U Red,0.509008278209876,True,1518.7388370344975,1524.999107275466
58740d76179979fc,2026-04-14,Connecticut Valley Youth Lacrosse,East Longmeadow 12U A,6,11,Connecticut Valley Youth Lacrosse,East Longmeadow 12U A,0.5421406209887905,False,1504.15014734083,1474.798213746145
7c487185eddaa50e,2026-04-14,South Hadley 12U,Connecticut Valley Youth Lacrosse,6,11,Connecticut Valley Youth Lacrosse,Connecticut Valley Youth Lacrosse,0.5154074037535747,True,1475.469962593911,1486.1795139015978
172087de9d23ab6e,2026-04-15,Connecticut Valley Youth Lacrosse,Wolcott 12U,4,9,Connecticut Valley Youth Lacrosse,Wolcott 12U,0.5032729878736173,False,1502.2743374018949,1500.0
2ec2b47ed2187cdf,2026-04-15,Connecticut Valley Youth Lacrosse,Westfield 12U Red,3,10,Westfield 12U Red,Westfield 12U Red,0.5771769595308079,True,1485.527660485923,1539.5877969691335
3f91756fb0e9ceef,2026-04-15,Newington 12U,Connecticut Valley Youth Lacrosse,4,9,Newington 12U,Connecticut Valley Youth Lacrosse,0.559135768190855,False,1510.4547492668419,1469.1697852276716
42e31f30a58f246f,2026-04-15,Agawam 12U,Connecticut Valley Youth Lacrosse,3,10,Agawam 12U,Connecticut Valley Youth Lacrosse,0.5174919582204047,False,1500.0,1487.840380271691
7d9f576570a7f3f7,2026-04-15,Granby 12U,Connecticut Valley Youth Lacrosse,1,7,Connecticut Valley Youth Lacrosse,Connecticut Valley Youth Lacrosse,0.5114065718872376,True,1500.0,1507.9274734126543
9a562b0edd1b90b3,2026-04-15,Northampton 12U,Westfield 12U Black,5,8,Northampton 12U,Westfield 12U Black,0.504191972179539,False,1485.4058429733489,1482.4928941037845
c7729aa8d5238fc4,2026-04-15,Connecticut Valley Youth Lacrosse,Westfield 12U Black,5,8,Connecticut Valley Youth Lacrosse,Westfield 12U Black,0.5432418345328395,False,1525.7025313051035,1495.5797764314416
f821152d4a7d3066,2026-04-15,Somers Juniors,Connecticut Valley Youth Lacrosse,8,1,Connecticut Valley Youth Lacrosse,Somers Juniors,0.5166617179523167,False,1500.0,1511.5820358312792
362d6eb16fd2c3b9,2026-04-16,Connecticut Valley Youth Lacrosse,East Longmeadow 12U A,7,10,East Longmeadow 12U A,East Longmeadow 12U A,0.5019551951722425,True,1491.4102315014575,1492.7688471853771
608404c5544321c3,2026-04-16,Northampton 12U,Connecticut Valley Youth Lacrosse,7,10,Connecticut Valley Youth Lacrosse,Connecticut Valley Youth Lacrosse,0.5087936166316206,True,1472.3189606456917,1478.4300214565233
6e1e022892b1b5e6,2026-04-16,Connecticut Valley Youth Lacrosse,Bristol 12U,14,1,Bristol 12U,Connecticut Valley Youth Lacrosse,0.5125924356505611,False,1491.2480287865878,1500.0
ec637184f11d203b,2026-04-16,Southington 12U Blue,Connecticut Valley Youth Lacrosse,14,1,Connecticut Valley Youth Lacrosse,Southington 12U Blue,0.524075570907329,False,1500.0,1516.7423674004488
372ce7c402f73233,2026-04-17,Connecticut Valley Youth Lacrosse,Belchertown 12U,8,3,Belchertown 12U,Connecticut Valley Youth Lacrosse,0.5134570970534844,False,1490.6467923688394,1500.0
b92cf45e6bb281f6,2026-04-17,Connecticut Valley Youth Lacrosse,Westfield 12U Black,3,4,Westfield 12U Black,Westfield 12U Black,0.502411737890317,True,1508.0244117762782,1509.700271905266
c6bb155bee0be338,2026-04-17,Agawam 12U,Connecticut Valley Youth Lacrosse,2,11,Connecticut Valley Youth Lacrosse,Connecticut Valley Youth Lacrosse,0.5268891848018245,True,1479.9129068590366,1498.6154700927495
c89d9b40be5b0a5d,2026-04-17,Somers 12U Red,Westfield 12U Black,3,4,Westfield 12U Black,Westfield 12U Black,0.5274726721984468,True,1500.0,1519.1092135887945
ce0e51b4c82f9d2f,2026-04-17,Minnechaug 12U White,Connecticut Valley Youth Lacrosse,8,3,Connecticut Valley Youth Lacrosse,Minnechaug 12U White,0.5283905178106951,False,1499.4868428938896,1519.235837682645
e5a6bc6a79dfa164,2026-04-17,Connecticut Valley Youth Lacrosse,Minnechaug 12U,2,11,Minnechaug 12U,Minnechaug 12U,0.5178571562352792,True,1501.2802586290004,1513.6939614329415
d3f7f8200927d90c,2026-04-18,Meriden 12U,Connecticut Valley Youth Lacrosse,3,6,Connecticut Valley Youth Lacrosse,Connecticut Valley Youth Lacrosse,0.5114404379833198,True,1472.2547333063742,1480.205751582967
f00e7622dcb450c8,2026-04-18,Connecticut Valley Youth Lacrosse,Wolcott 12U,3,6,Wolcott 12U,Wolcott 12U,0.534014796213726,True,1493.0742115349706,1516.7466769159719
51cb1b6a16077c16,2026-04-19,Connecticut Valley Youth Lacrosse,Bristol 12U,0,1,Connecticut Valley Youth Lacrosse,Bristol 12U,0.509042560180047,False,1480.7897609442477,1474.505661386139
788c5b36a285a6f0,2026-04-19,Middletown 12U,Connecticut Valley Youth Lacrosse,0,1,Middletown 12U,Connecticut Valley Youth Lacrosse,0.5414925967905028,False,1500.0,1471.101531573079
954ea13285e14129,2026-04-19,Connecticut Valley Youth Lacrosse,Somers 12U Red,4,5,Somers 12U Red,Somers 12U Red,0.5138568248673219,True,1481.4156762738505,1491.0468506311286
ebd50b96acfcd536,2026-04-19,Simsbury 12U Blue,Connecticut Valley Youth Lacrosse,4,5,Simsbury 12U Blue,Connecticut Valley Youth Lacrosse,0.5399957914218967,False,1500.0,1472.148571997884
1332e78837015747,2026-04-20,Suffield 12U,Connecticut Valley Youth Lacrosse,13,0,Suffield 12U,Suffield 12U,0.5252349776942736,True,1500.0,1482.4500301727016
5305622defff6c20,2026-04-20,Connecticut Valley Youth Lacrosse,Southington 12U Blue,7,6,Southington 12U Blue,Connecticut Valley Youth Lacrosse,0.5960266122230284,False,1458.5304171261757,1526.0955750316093
82a5ff26c55cfe6c,2026-04-20,South Windsor 12U,Connecticut Valley Youth Lacrosse,7,6,South Windsor 12U,South Windsor 12U,0.5431847726357937,True,1500.0,1469.9171941955112
cb71933c6e72bcec,2026-04-20,Connecticut Valley Youth Lacrosse,Somers 12U White,13,0,Somers 12U White,Connecticut Valley Youth Lacrosse,0.5556295112100456,False,1461.1839619076661,1500.0
25153c51b785cbbb,2026-04-21,Connecticut Valley Youth Lacrosse,Simsbury 12U Blue,6,4,Simsbury 12U Blue,Connecticut Valley Youth Lacrosse,0.5006661574390817,False,1489.2356479514983,1489.6985418251822
47ac37a8843ccf36,2026-04-21,Connecticut Valley Youth Lacrosse,East Longmeadow 12U White,9,3,East Longmeadow 12U White,Connecticut Valley Youth Lacrosse,0.5227287061474624,False,1499.7649466762266,1515.5693612943917
6524b1e0579aa42d,2026-04-21,Wethersfield 12U B,Connecticut Valley Youth Lacrosse,6,4,Connecticut Valley Youth Lacrosse,Wethersfield 12U B,0.5276732539475706,False,1500.0,1519.2490172186642
69e8bf9de794a958,2026-04-21,Connecticut Valley Youth Lacrosse,West Springfield 12U,3,4,Connecticut Valley Youth Lacrosse,West Springfield 12U,0.5117092973278975,False,1508.1379410625555,1500.0
7736c96fcd703c4d,2026-04-21,Suffield 12U White,Connecticut Valley Youth Lacrosse,9,3,Suffield 12U White,Suffield 12U White,0.516239771170805,True,1509.612857525846,1498.3243381001025
474c49190e5856bd,2026-04-22,Connecticut Valley Youth Lacrosse,Vernon 12U,10,2,Vernon 12U,Connecticut Valley Youth Lacrosse,0.5283768701007027,False,1480.2605192708725,1500.0
51db3be9e2e6b22f,2026-04-22,Southington 12U Blue,Connecticut Valley Youth Lacrosse,9,3,Southington 12U Blue,Southington 12U Blue,0.5174893367406996,True,1514.7087979622738,1502.5510020564325
5c211eb83d0befc8,2026-04-22,Connecticut Valley Youth Lacrosse,Farmington 12U Red,7,0,Farmington 12U Red,Connecticut Valley Youth Lacrosse,0.522271673473035,False,1484.5138086468407,1500.0
68fbcf66d7b120ad,2026-04-22,West Hartford 12U Green,Connecticut Valley Youth Lacrosse,7,0,Connecticut Valley Youth Lacrosse,West Hartford 12U Green,0.5077536461510841,False,1500.0,1505.3882171210805
6ba833ad530b3d8d,2026-04-22,RHAM 12U,Connecticut Valley Youth Lacrosse,10,2,RHAM 12U,RHAM 12U,0.5214533543956529,True,1500.0,1485.0835243375043
ad6f3cf22ac05e18,2026-04-22,Connecticut Valley Youth Lacrosse,Suffield 12U,1,12,Suffield 12U,Suffield 12U,0.5841946339742892,True,1464.8526235057575,1523.919613046526
d047cf94f598c393,2026-04-22,Connecticut Valley Youth Lacrosse,Wolcott 12U,9,3,Wolcott 12U,Connecticut Valley Youth Lacrosse,0.6186769162207326,False,1444.962801263952,1529.0311275066947
df1810c987b55a87,2026-04-22,Connecticut Valley Youth Lacrosse,Newington 12U,7,1,Newington 12U,Connecticut Valley Youth Lacrosse,0.5339616000389067,False,1468.148824928222,1491.7841542228225
e7bf1f825cc3bfdc,2026-04-22,Connecticut Valley Youth Lacrosse,West Hartford 12U White,6,2,West Hartford 12U White,Connecticut Valley Youth Lacrosse,0.5170190581746272,False,1488.1693767431002,1500.0
f1a3f1d86f407361,2026-04-22,Glastonbury 12U Blue,Connecticut Valley Youth Lacrosse,6,2,Connecticut Valley Youth Lacrosse,Glastonbury 12U Blue,0.5060584565745845,False,1500.0,1504.210052862179
f855a6a4a17b66cf,2026-04-22,South Windsor 12U,Connecticut Valley Youth Lacrosse,1,12,South Windsor 12U,Connecticut Valley Youth Lacrosse,0.5290816133648888,False,1508.733232287845,1488.5024235908836
0da91d456ea3f936,2026-04-23,West Hartford 12U Gold,Connecticut Valley Youth Lacrosse,16,0,West Hartford 12U Gold,West Hartford 12U Gold,0.5135242882454367,True,1523.2686863139672,1513.8687554462106
16fd11ae9cfb3461,2026-04-23,Suffield 12U,Connecticut Valley Youth Lacrosse,14,0,Suffield 12U,Suffield 12U,0.5806636787063184,True,1543.8094352883313,1487.264563194469
d1cb6d2833d694cf,2026-04-23,Connecticut Valley Youth Lacrosse,Ellington 12U,14,0,Ellington 12U,Connecticut Valley Youth Lacrosse,0.5149063844442276,False,1465.3360482580229,1475.697135449592
f5cad7308dbba4a2,2026-04-23,Connecticut Valley Youth Lacrosse,Farmington 12U Black,16,0,Connecticut Valley Youth Lacrosse,Connecticut Valley Youth Lacrosse,0.5174045081256535,True,1492.2731729682855,1480.1743938793818
133573704b969964,2026-04-24,Connecticut Valley Youth Lacrosse,Wethersfield 12U A,9,11,Connecticut Valley Youth Lacrosse,Wethersfield 12U A,0.5268816611991483,False,1518.6973201397327,1500.0
1ab4c600a6ec71ac,2026-04-24,Connecticut Valley Youth Lacrosse,Bristol 12U,2,7,Connecticut Valley Youth Lacrosse,Bristol 12U,0.5334991951383596,False,1507.5064392314991,1484.1938907573078
1f7c914ea1d90df6,2026-04-24,Southington 12U White,Connecticut Valley Youth Lacrosse,2,7,Southington 12U White,Connecticut Valley Youth Lacrosse,0.5157981585844825,False,1500.0,1489.0186597469071
2397240b2a85900b,2026-04-24,Colchester 12U,Connecticut Valley Youth Lacrosse,4,2,Connecticut Valley Youth Lacrosse,Colchester 12U,0.5099280956114016,False,1500.0,1506.8996542908242
381752ac51671dc0,2026-04-24,Berlin 12U A,Connecticut Valley Youth Lacrosse,2,4,Berlin 12U A,Connecticut Valley Youth Lacrosse,0.5056744531975148,False,1500.0,1496.0568167648407
393c69edbece1ade,2026-04-24,Connecticut Valley Youth Lacrosse,Wolcott 12U,2,4,Connecticut Valley Youth Lacrosse,Wolcott 12U,0.5013929397537465,False,1506.8130200243506,1505.8451038424248
6ceb06b7607eee26,2026-04-24,Simsbury 12U A,Connecticut Valley Youth Lacrosse,9,11,Simsbury 12U A,Connecticut Valley Youth Lacrosse,0.5055487319727913,False,1500.0,1496.144187825199
7475f9d1d0db638b,2026-04-24,Connecticut Valley Youth Lacrosse,Middletown 12U,4,2,Connecticut Valley Youth Lacrosse,Connecticut Valley Youth Lacrosse,0.5247602193017366,True,1506.9051025336005,1489.6858552992285
3bf2d41b33a33585,2026-04-25,Westfield 12U Black,Minnechaug 12U White,2,9,Westfield 12U Black,Minnechaug 12U White,0.5152785656017582,False,1528.062362957666,1517.4424219475343
4bb4ddedc35c9847,2026-04-25,Westfield 12U Black,Connecticut Valley Youth Lacrosse,2,9,Connecticut Valley Youth Lacrosse,Connecticut Valley Youth Lacrosse,0.5140071204118963,True,1507.2885451595635,1517.02423670578
6648fb04f0447740,2026-04-25,Connecticut Valley Youth Lacrosse,Vernon 12U,7,5,Connecticut Valley Youth Lacrosse,Connecticut Valley Youth Lacrosse,0.5839808508992587,True,1536.6236312808317,1477.70951721444
825beccb6712c484,2026-04-25,Connecticut Valley Youth Lacrosse,Suffield Juniors 1 Blue,0,13,Connecticut Valley Youth Lacrosse,Suffield Juniors 1 Blue,0.5650942281731148,False,1545.490280021584,1500.0
838de0821326515d,2026-04-25,Connecticut Valley Youth Lacrosse,Newington 12U,17,1,Connecticut Valley Youth Lacrosse,Connecticut Valley Youth Lacrosse,0.564098010381615,True,1516.5498890614283,1471.7636024079443
83d9947254e82c62,2026-04-25,Avon 12U B,Connecticut Valley Youth Lacrosse,4,1,Connecticut Valley Youth Lacrosse,Avon 12U B,0.5580549597658668,False,1500.0,1540.5234831859495
9541dfa02af1b28d,2026-04-25,Connecticut Valley Youth Lacrosse,Simsbury 12U Blue,6,3,Connecticut Valley Youth Lacrosse,Connecticut Valley Youth Lacrosse,0.5662851164041792,True,1525.5015716535534,1479.169243100454
b457480f351df8db,2026-04-25,Connecticut Valley Youth Lacrosse,West Hartford 12U White,4,1,Connecticut Valley Youth Lacrosse,Connecticut Valley Youth Lacrosse,0.5759969749117926,True,1537.1798228542702,1483.9593238809211
c22adc06944f3384,2026-04-25,West Hartford 12U Gold,Connecticut Valley Youth Lacrosse,17,1,West Hartford 12U Gold,West Hartford 12U Gold,0.5018320974120167,True,1549.8728785657088,1548.5998011939485
de94ff18146e8f6d,2026-04-25,Suffield 12U White,Connecticut Valley Youth Lacrosse,6,3,Suffield 12U White,Suffield 12U White,0.5093621944377688,True,1527.6766763550763,1521.1703968983154
f078c9d87ef0a804,2026-04-25,Connecticut Valley Youth Lacrosse,Ellington 12U,5,7,Connecticut Valley Youth Lacrosse,Ellington 12U,0.5843644221238383,False,1507.9484312883849,1448.7600107393293
f70dc207bd2e269d,2026-04-25,Connecticut Valley Youth Lacrosse,Southington 12U Blue,8,3,Southington 12U Blue,Connecticut Valley Youth Lacrosse,0.553446270439889,False,1495.4652936593855,1532.7459913718656
f954d75740877c34,2026-04-25,Avon 12U,Connecticut Valley Youth Lacrosse,8,3,Connecticut Valley Youth Lacrosse,Avon 12U,0.5212174985326283,False,1500.0,1514.75228726518
0c59e53e5d0bf7d9,2026-04-26,Somers 12U White,Connecticut Valley Youth Lacrosse,20,5,Connecticut Valley Youth Lacrosse,Somers 12U White,0.5353939559568293,False,1471.9483139561678,1496.5837575248197
1c27a605f29bb726,2026-04-26,Connecticut Valley Youth Lacrosse,Suffield 12U,6,7,Suffield 12U,Suffield 12U,0.6374620504389477,True,1467.6976057449901,1565.7379502247775
1e8bb174812111c1,2026-04-26,Connecticut Valley Youth Lacrosse,Simsbury 12U Blue,8,1,Simsbury 12U Blue,Connecticut Valley Youth Lacrosse,0.5098565622953112,False,1460.6410635124626,1467.490991899737
263cd8599520fc99,2026-04-26,Wethersfield 12U B,Connecticut Valley Youth Lacrosse,6,1,Wethersfield 12U B,Wethersfield 12U B,0.5428216777005416,True,1511.1110761561088,1481.2824547961518
2fdcce3efd6ffac1,2026-04-26,Connecticut Valley Youth Lacrosse,Glastonbury 12U Blue,6,1,Glastonbury 12U Blue,Connecticut Valley Youth Lacrosse,0.5719946572329235,False,1465.330516501459,1515.7076292712954
5cda15f6cc026608,2026-04-26,Avon 12U B,Connecticut Valley Youth Lacrosse,4,5,Avon 12U B,Connecticut Valley Youth Lacrosse,0.5426787541083136,False,1515.0219115323962,1485.2933350172561
5d13bbde8362ab40,2026-04-26,Connecticut Valley Youth Lacrosse,West Hartford 12U Green,4,5,West Hartford 12U Green,West Hartford 12U Green,0.5351119096553634,True,1495.866214192125,1520.3046927835762
69fc1506845a49ab,2026-04-26,Connecticut Valley Youth Lacrosse,Simsbury 12U A,20,5,Simsbury 12U A,Connecticut Valley Youth Lacrosse,0.5035002013716003,False,1486.8068565341268,1489.2390852915985
7645fad7b987c7c4,2026-04-26,Connecticut Valley Youth Lacrosse,Glastonbury 12U White,9,8,Connecticut Valley Youth Lacrosse,Connecticut Valley Youth Lacrosse,0.5201611561004087,True,1514.0170061436795,1500.0
7848a45f0e7eec10,2026-04-26,Avon 12U,Connecticut Valley Youth Lacrosse,5,8,Connecticut Valley Youth Lacrosse,Connecticut Valley Youth Lacrosse,0.507487616355565,True,1518.1685297403603,1523.3718474701254
79234c725f75b9a8,2026-04-26,Wethersfield 12U A,Glastonbury 12U White,9,8,Wethersfield 12U A,Wethersfield 12U A,0.5295332532944609,True,1511.1908809082336,1490.645158673554
800374f3f650fabe,2026-04-26,Minnechaug 12U White,Connecticut Valley Youth Lacrosse,4,2,Minnechaug 12U White,Minnechaug 12U White,0.5022024559462649,True,1538.2162397456368,1536.6858067045714
8632a9e427eba57f,2026-04-26,Connecticut Valley Youth Lacrosse,Suffield 12U White,4,2,Suffield 12U White,Connecticut Valley Youth Lacrosse,0.521403263175401,False,1526.017037294607,1540.8986419650068
a4b915b854404f6c,2026-04-26,Connecticut Valley Youth Lacrosse,Tolland 12U,11,1,Connecticut Valley Youth Lacrosse,Connecticut Valley Youth Lacrosse,0.5533229439718426,True,1537.1940135341415,1500.0
cd68bd0d0d18ffcf,2026-04-26,Connecticut Valley Youth Lacrosse,West Hartford 12U Gold,5,8,West Hartford 12U Gold,West Hartford 12U Gold,0.527609872329079,True,1558.0974427172393,1577.3022828613418
d43de549f257cb30,2026-04-26,Farmington 12U Red,Connecticut Valley Youth Lacrosse,8,1,Connecticut Valley Youth Lacrosse,Farmington 12U Red,0.5941174263724082,False,1479.1255915257602,1545.314345762176
e8fa8636180259c4,2026-04-26,Minnechaug 12U,Connecticut Valley Youth Lacrosse,6,7,Minnechaug 12U,Connecticut Valley Youth Lacrosse,0.5195252995348737,False,1534.768468478975,1521.1939977914985
fd741bebc2f3f7a3,2026-04-26,RHAM 12U,Connecticut Valley Youth Lacrosse,11,1,Connecticut Valley Youth Lacrosse,RHAM 12U,0.5159804795771441,False,1520.2309008317468,1531.3390587587937
036f35fbaa29ecec,2026-04-27,Connecticut Valley Youth Lacrosse,Simsbury 12U A,13,9,Connecticut Valley Youth Lacrosse,Connecticut Valley Youth Lacrosse,0.5646053339814432,True,1507.1736846799995,1462.0289356820458
2589d952bb384ca7,2026-04-27,Minnechaug 12U,Longmeadow 12U Black,11,2,Minnechaug 12U,Minnechaug 12U,0.5353767214319077,True,1524.6234075116797,1500.0
45c64dbfd143eef6,2026-04-27,Southington 12U White,Connecticut Valley Youth Lacrosse,7,1,Connecticut Valley Youth Lacrosse,Southington 12U White,0.5555265055103633,False,1482.119005456083,1520.8625724284634
6492fbf7bb2df32d,2026-04-27,Westfield 12U Black,East Longmeadow 12U White,8,8,East Longmeadow 12U White,Tie,0.5120806653926224,False,1487.6891505845117,1496.085290751954
6ec0ea11cd570bba,2026-04-27,Connecticut Valley Youth Lacrosse,West Hartford 12U White,7,1,Connecticut Valley Youth Lacrosse,Connecticut Valley Youth Lacrosse,0.5390616683860645,True,1499.7375957661495,1472.539345541243
9d435bbcafc4e2f0,2026-04-27,Westfield 12U Black,Connecticut Valley Youth Lacrosse,8,8,Connecticut Valley Youth Lacrosse,Tie,0.5421329683851812,False,1487.925272680822,1517.271850666135
9ff0ef5bd9fc1fea,2026-04-27,Connecticut Valley Youth Lacrosse,Longmeadow 12U Black,11,2,Connecticut Valley Youth Lacrosse,Connecticut Valley Youth Lacrosse,0.5535462564822168,True,1516.4480568066635,1479.0970771298014
b75e53cb9628aee7,2026-04-27,Farmington 12U Black,Connecticut Valley Youth Lacrosse,13,9,Connecticut Valley Youth Lacrosse,Farmington 12U Black,0.6169541847352773,False,1453.7502467079346,1536.5511236153566
e8c5d5cd477ab377,2026-04-27,Connecticut Valley Youth Lacrosse,Newington 12U,1,0,Connecticut Valley Youth Lacrosse,Connecticut Valley Youth Lacrosse,0.5984844383266756,True,1517.1302004484946,1447.790008283423
313e263c57ab53b1,2026-04-28,South Hadley 12U,Connecticut Valley Youth Lacrosse,7,8,Connecticut Valley Youth Lacrosse,Connecticut Valley Youth Lacrosse,0.5933131343544564,True,1459.375139093614,1524.9846654505714
4c79e2741c292010,2026-04-28,Wolcott 12U,Connecticut Valley Youth Lacrosse,7,8,Connecticut Valley Youth Lacrosse,Connecticut Valley Youth Lacrosse,0.5236236814245641,True,1516.5139360415765,1532.9415823871145
549f17ff616b0fa6,2026-04-28,Southington 12U Blue,Connecticut Valley Youth Lacrosse,11,4,Connecticut Valley Youth Lacrosse,Southington 12U Blue,0.5413582663590593,False,1513.458997766071,1542.2634786930512
63df081d4a30d36c,2026-04-28,Colchester 12U,Connecticut Valley Youth Lacrosse,8,1,Connecticut Valley Youth Lacrosse,Colchester 12U,0.5135080461705481,False,1510.8428375259834,1520.2314739907888
6edb9e78e5dd81ab,2026-04-28,Connecticut Valley Youth Lacrosse,East Longmeadow 12U A,13,9,East Longmeadow 12U A,Connecticut Valley Youth Lacrosse,0.5092372013190267,False,1499.3296619452915,1505.7490572303113
7542f36633203a7b,2026-04-28,Connecticut Valley Youth Lacrosse,RHAM 12U,4,13,RHAM 12U,RHAM 12U,0.5416680053827456,True,1515.375071310535,1544.396274910541
877a7fc7ea2b8156,2026-04-28,Wethersfield 12U B,Connecticut Valley Youth Lacrosse,4,13,Wethersfield 12U B,Connecticut Valley Youth Lacrosse,0.5464243255913744,False,1527.0630144508016,1494.7109064737926
944ab34742bee2d7,2026-04-28,West Springfield 12U,Connecticut Valley Youth Lacrosse,7,0,Connecticut Valley Youth Lacrosse,West Springfield 12U,0.5137211534293359,False,1509.813602962453,1519.350431393848
a28565cefdc7459a,2026-04-28,Connecticut Valley Youth Lacrosse,Glastonbury 12U Blue,8,1,Connecticut Valley Youth Lacrosse,Connecticut Valley Youth Lacrosse,0.5038604867578083,True,1498.4274050167653,1495.7448107554983
a35a2f3421a52731,2026-04-28,Connecticut Valley Youth Lacrosse,Northampton 12U,7,0,Connecticut Valley Youth Lacrosse,Connecticut Valley Youth Lacrosse,0.5842915908678629,True,1518.637283831226,1459.5009533156272
b9a59e20e3805648,2026-04-28,Connecticut Valley Youth Lacrosse,Berlin 12U A,11,4,Connecticut Valley Youth Lacrosse,Connecticut Valley Youth Lacrosse,0.5662810898916564,True,1535.5732773366954,1489.24379674049
c716182c80ec3869,2026-04-28,Connecticut Valley Youth Lacrosse,Belchertown 12U,7,8,Connecticut Valley Youth Lacrosse,Belchertown 12U,0.6002578017009718,False,1553.2455073729457,1482.6223805925613
e12ca4e3c486e61d,2026-04-28,Agawam 12U,Connecticut Valley Youth Lacrosse,13,9,Connecticut Valley Youth Lacrosse,Agawam 12U,0.6161221761795215,False,1459.2925392691411,1541.4820658899469
f5ad2812d9c2f135,2026-04-28,Connecticut Valley Youth Lacrosse,Burlington 12U,7,8,Burlington 12U,Burlington 12U,0.5227739502143505,True,1522.0465022648664,1537.8824209096213
03863a1677d1e0e1,2026-04-29,Connecticut Valley Youth Lacrosse,Vernon 12U,4,8,Connecticut Valley Youth Lacrosse,Vernon 12U,0.562770488592935,False,1512.6916075141014,1468.8428684736875
0c58b4b296027435,2026-04-29,Granby 12U,Connecticut Valley Youth Lacrosse,3,9,Connecticut Valley Youth Lacrosse,Connecticut Valley Youth Lacrosse,0.5182820175641102,True,1482.2249421075508,1494.934254896899
1a8f13f1a13730fc,2026-04-29,Belchertown 12U,Connecticut Valley Youth Lacrosse,4,3,Connecticut Valley Youth Lacrosse,Belchertown 12U,0.5272132832986662,False,1494.38582207556,1513.3142531518881
26bc4565b5f0bef3,2026-04-29,Connecticut Valley Youth Lacrosse,West Hartford 12U White,10,6,Connecticut Valley Youth Lacrosse,Connecticut Valley Youth Lacrosse,0.5685994617104911,True,1502.9753952586286,1455.0050906412575
3b570a86942a7b0c,2026-04-29,Connecticut Valley Youth Lacrosse,South Windsor 12U,3,9,Connecticut Valley Youth Lacrosse,South Windsor 12U,0.5476707880055467,False,1516.592876810716,1483.3669004325182
495f9a9e6d9246d5,2026-04-29,Connecticut Valley Youth Lacrosse,Northampton 12U,4,3,Connecticut Valley Youth Lacrosse,Connecticut Valley Youth Lacrosse,0.5758605249338091,True,1495.6884055104172,1442.5649598101577
4b441f7bf96de16e,2026-04-29,Connecticut Valley Youth Lacrosse,Southington 12U Blue,12,0,Southington 12U Blue,Connecticut Valley Youth Lacrosse,0.5451825041644957,False,1504.0091034926074,1535.4910024683334
9572d46969ad2d4d,2026-04-29,Simsbury 12U Blue,Connecticut Valley Youth Lacrosse,10,6,Connecticut Valley Youth Lacrosse,Simsbury 12U Blue,0.6193929724198053,False,1446.8496006160478,1531.4453888890857
a7b30073015c8698,2026-04-29,Connecticut Valley Youth Lacrosse,Westfield 12U Red,5,9,Westfield 12U Red,Westfield 12U Red,0.5630719617677116,True,1511.884077307803,1555.9456722273849
afcb1c6ee2c8816d,2026-04-29,Newington 12U,Connecticut Valley Youth Lacrosse,4,8,Connecticut Valley Youth Lacrosse,Connecticut Valley Youth Lacrosse,0.5829091251374107,True,1439.9355432813463,1498.0836095192242
b1c804c2c840c1c9,2026-04-29,Somers 12U Red,Connecticut Valley Youth Lacrosse,5,3,Connecticut Valley Youth Lacrosse,Somers 12U Red,0.5157460922111541,False,1500.3139549070952,1511.2590797025282
c1ba9f37014eca06,2026-04-29,Suffield 12U,Connecticut Valley Youth Lacrosse,5,9,Suffield 12U,Connecticut Valley Youth Lacrosse,0.6030646792352937,False,1572.794492457305,1500.1368335095676
e2ad28799946d753,2026-04-29,Connecticut Valley Youth Lacrosse,Longmeadow 12U White,5,3,Connecticut Valley Youth Lacrosse,Connecticut Valley Youth Lacrosse,0.5275906788513124,True,1519.1914623863518,1500.0
fbc3d5038068e998,2026-04-29,West Hartford 12U Gold,Connecticut Valley Youth Lacrosse,12,0,West Hartford 12U Gold,West Hartford 12U Gold,0.586481710023101,True,1590.0853798164053,1529.3814799918084
0ab4ac239ffe8cb6,2026-04-30,West Springfield 12U,Connecticut Valley Youth Lacrosse,9,3,West Springfield 12U,West Springfield 12U,0.5318799156233465,True,1530.7366293395357,1508.5541027200115
1e6963c808d72b17,2026-04-30,Connecticut Valley Youth Lacrosse,Glastonbury 12U Blue,5,1,Connecticut Valley Youth Lacrosse,Connecticut Valley Youth Lacrosse,0.5217601046633702,True,1490.6649583132742,1475.5349319410377
247f02c6f787cac0,2026-04-30,Westfield 12U Black,Agawam 12U,6,8,Westfield 12U Black,Agawam 12U,0.5144173282465166,False,1488.7490665402934,1478.7281028942216
3aefce2908e4e2ad,2026-04-30,West Hartford 12U Green,Connecticut Valley Youth Lacrosse,5,1,West Hartford 12U Green,West Hartford 12U Green,0.5338847503968156,True,1529.3640504415744,1505.7823686943639
66cb9dd0b8dc64f8,2026-04-30,Connecticut Valley Youth Lacrosse,Wolcott 12U,7,11,Wolcott 12U,Wolcott 12U,0.5232206920171878,True,1491.0450349654102,1507.1920397356398
69b9c4bbc5fd0a96,2026-04-30,West Hartford 12U Gold,Glastonbury 12U White,8,7,West Hartford 12U Gold,West Hartford 12U Gold,0.6781182657718366,True,1610.9127570882022,1481.4691130353303
6db6bb2dc4eabfb0,2026-04-30,Bristol 12U,Connecticut Valley Youth Lacrosse,7,11,Bristol 12U,Connecticut Valley Youth Lacrosse,0.5383671533239557,False,1502.6816702418998,1475.9689293277652
7b4d489d36c6a96c,2026-04-30,Ellington 12U,Connecticut Valley Youth Lacrosse,1,7,Connecticut Valley Youth Lacrosse,Connecticut Valley Youth Lacrosse,0.5455692863226538,True,1461.2431483683288,1492.9960430190822
b60f0080d81b8328,2026-04-30,Connecticut Valley Youth Lacrosse,Glastonbury 12U White,8,7,Connecticut Valley Youth Lacrosse,Connecticut Valley Youth Lacrosse,0.5505277939930994,True,1510.3749826056514,1475.1444193101454
e31ea8cebb32e0b3,2026-04-30,Connecticut Valley Youth Lacrosse,Somers 12U White,1,7,Connecticut Valley Youth Lacrosse,Somers 12U White,0.5264190808377973,False,1519.209436309925,1500.8344657359974
e6748bc848d559aa,2026-04-30,Westfield 12U Black,Connecticut Valley Youth Lacrosse,6,8,Connecticut Valley Youth Lacrosse,Connecticut Valley Youth Lacrosse,0.530794548979901,True,1477.6480001448115,1499.0733622626008
f9ae59cb19732c3a,2026-04-30,Connecticut Valley Youth Lacrosse,East Longmeadow 12U A,9,3,Connecticut Valley Youth Lacrosse,Connecticut Valley Youth Lacrosse,0.5280383213056131,True,1509.2071296797972,1489.7036478650678
473a38c9dd6858c4,2026-05-01,Connecticut Valley Youth Lacrosse,Bristol 12U,6,2,Connecticut Valley Youth Lacrosse,Connecticut Valley Youth Lacrosse,0.5595957368789441,True,1527.2637097445843,1485.6545565505828
4c07defdeb322638,2026-05-01,Connecticut Valley Youth Lacrosse,Minnechaug 12U,4,16,Minnechaug 12U,Minnechaug 12U,0.5062245398343783,True,1541.200853635181,1545.5263303818783
5c94ff995d83e0b4,2026-05-01,Wolcott 12U,Connecticut Valley Youth Lacrosse,11,4,Wolcott 12U,Wolcott 12U,0.5085949114571866,True,1522.2681453732848,1516.295200822483
61e51dace94ecd03,2026-05-01,Connecticut Valley Youth Lacrosse,Middletown 12U,11,4,Connecticut Valley Youth Lacrosse,Connecticut Valley Youth Lacrosse,0.5239172957480998,True,1496.1988537759435,1479.566721127049
bbab3fd2b361dbc0,2026-05-01,East Longmeadow 12U A,Connecticut Valley Youth Lacrosse,4,16,Connecticut Valley Youth Lacrosse,Connecticut Valley Youth Lacrosse,0.5630177792808371,True,1471.6470678002806,1515.6704046206294
e4574e8429ad81ee,2026-05-01,Connecticut Valley Youth Lacrosse,South Hadley 12U,14,2,Connecticut Valley Youth Lacrosse,Connecticut Valley Youth Lacrosse,0.6217021804760943,True,1537.7176431546707,1451.4182221570709
f787270913539af2,2026-05-01,Berlin 12U A,Connecticut Valley Youth Lacrosse,6,2,Connecticut Valley Youth Lacrosse,Berlin 12U A,0.6202590020125338,False,1471.5715667042398,1556.8058021536924
0db5125781d02716,2026-05-02,Connecticut Valley Youth Lacrosse,Tolland 12U,16,4,Connecticut Valley Youth Lacrosse,Connecticut Valley Youth Lacrosse,0.5827990051579023,True,1537.1659573754837,1479.0965708169022
2085dacc82877b69,2026-05-02,Westfield 12U Black,Simsbury 12U Blue,13,4,Westfield 12U Black,Westfield 12U Black,0.5015878005412489,True,1467.514232727615,1466.4109121973306
34a61e3b2e291619,2026-05-02,Connecticut Valley Youth Lacrosse,West Hartford 12U White,4,2,Connecticut Valley Youth Lacrosse,Connecticut Valley Youth Lacrosse,0.6620731078013044,True,1558.2208865759987,1441.3876090891702
408ed01f213ae1b4,2026-05-02,Connecticut Valley Youth Lacrosse,Farmington 12U Red,6,5,Connecticut Valley Youth Lacrosse,Connecticut Valley Youth Lacrosse,0.5886814779332786,True,1565.5267814535525,1503.2459394964376
4d1a498bc8c843f8,2026-05-02,Westfield 12U Red,Connecticut Valley Youth Lacrosse,10,0,Connecticut Valley Youth Lacrosse,Westfield 12U Red,0.5055774068830716,False,1569.7461400159636,1573.6218800261422
522b10246f228daa,2026-05-02,Connecticut Valley Youth Lacrosse,RHAM 12U,6,8,RHAM 12U,RHAM 12U,0.5220044334040446,True,1549.7603105696624,1565.0604397472835
7d22f6632856090f,2026-05-02,South Windsor 12U,Connecticut Valley Youth Lacrosse,16,4,Connecticut Valley Youth Lacrosse,South Windsor 12U,0.5504160750673897,False,1504.271371732817,1539.4235055976462
a397d489bf6d1938,2026-05-02,Vernon 12U,Connecticut Valley Youth Lacrosse,6,8,Connecticut Valley Youth Lacrosse,Connecticut Valley Youth Lacrosse,0.5359602967191965,True,1486.60022109089,1511.631212475222
a59b429662d87487,2026-05-02,Middletown 12U,Connecticut Valley Youth Lacrosse,4,10,Connecticut Valley Youth Lacrosse,Connecticut Valley Youth Lacrosse,0.5876941163025106,True,1460.0951702823631,1521.6678944716639
a8a3ff8a52245281,2026-05-02,Connecticut Valley Youth Lacrosse,Burlington 12U,4,10,Burlington 12U,Burlington 12U,0.5140602515908133,True,1537.4646756824836,1547.2373156603862
ac32ccd19b3e065f,2026-05-02,Avon 12U B,Connecticut Valley Youth Lacrosse,6,5,Connecticut Valley Youth Lacrosse,Avon 12U B,0.5207059393563839,False,1504.4490323575274,1518.8452260064594
b5ca68e398a959b3,2026-05-02,Connecticut Valley Youth Lacrosse,Somers 12U White,10,0,Somers 12U White,Connecticut Valley Youth Lacrosse,0.5178075879320796,False,1508.5913244314413,1520.9705397833216
bc1ee9a78cb23a9c,2026-05-02,Westfield 12U Black,Connecticut Valley Youth Lacrosse,13,4,Connecticut Valley Youth Lacrosse,Westfield 12U Black,0.561493441606027,False,1490.0967574176298,1533.0441953388945
ca26eaad00630a2b,2026-05-02,Connecticut Valley Youth Lacrosse,Granby 12U,9,4,Connecticut Valley Youth Lacrosse,Connecticut Valley Youth Lacrosse,0.562609796579021,True,1507.5802392860562,1463.8449438525615
f538be5cf1d02e5e,2026-05-02,Newington 12U,Connecticut Valley Youth Lacrosse,4,2,Connecticut Valley Youth Lacrosse,Newington 12U,0.6350857828703264,False,1426.7600730980423,1523.016715806439
fa6105ec17e12e13,2026-05-02,Simsbury 12U A,Connecticut Valley Youth Lacrosse,9,4,Connecticut Valley Youth Lacrosse,Simsbury 12U A,0.5868011944465206,False,1448.340047933582,1509.2728206403815
13f45402c06825d8,2026-05-03,Connecticut Valley Youth Lacrosse,Berlin 12U A,4,3,Berlin 12U A,Connecticut Valley Youth Lacrosse,0.5038154544962856,False,1488.5601106853148,1491.2114114824485
4cd3fd0cf1933a24,2026-05-03,Farmington 12U Red,Connecticut Valley Youth Lacrosse,7,5,Connecticut Valley Youth Lacrosse,Farmington 12U Red,0.5047995713108312,False,1495.150840923848,1498.4860271022567
532aef3a17cd8281,2026-05-03,Connecticut Valley Youth Lacrosse,Wethersfield 12U B,7,5,Wethersfield 12U B,Connecticut Valley Youth Lacrosse,0.5213784286560634,False,1487.559173294441,1502.423489530746
5b30194d28f0fe25,2026-05-03,Simsbury 12U Blue,Connecticut Valley Youth Lacrosse,0,5,Connecticut Valley Youth Lacrosse,Connecticut Valley Youth Lacrosse,0.5785210947602355,True,1443.828387507316,1498.845729920412
704c990ac653a906,2026-05-03,Farmington 12U Black,Connecticut Valley Youth Lacrosse,3,10,Connecticut Valley Youth Lacrosse,Connecticut Valley Youth Lacrosse,0.5581014391276777,True,1473.1711698747965,1513.7273919525871
7301662ff7d090c5,2026-05-03,Simsbury 12U A,Connecticut Valley Youth Lacrosse,3,12,Connecticut Valley Youth Lacrosse,Connecticut Valley Youth Lacrosse,0.58938224747171,True,1469.0527578886486,1531.8364894537249
7b33a4b2a21620cf,2026-05-03,Connecticut Valley Youth Lacrosse,East Longmeadow 12U White,7,1,Connecticut Valley Youth Lacrosse,Connecticut Valley Youth Lacrosse,0.577965499548076,True,1550.470752572729,1495.8491686556438
8e7b7c96a4a1e56c,2026-05-03,Middletown 12U,Connecticut Valley Youth Lacrosse,4,3,Connecticut Valley Youth Lacrosse,Middletown 12U,0.6691528159314368,False,1444.2983890715434,1566.6575359936855
95f6dc6ca2b5c23b,2026-05-03,Connecticut Valley Youth Lacrosse,West Hartford 12U Gold,3,12,West Hartford 12U Gold,West Hartford 12U Gold,0.5907554685652678,True,1553.4675045258064,1617.237450813387
c3bf62fae1a1b382,2026-05-03,Connecticut Valley Youth Lacrosse,Colchester 12U,6,0,Connecticut Valley Youth Lacrosse,Connecticut Valley Youth Lacrosse,0.5045287306024159,True,1534.8916199670489,1531.7446495714807
c59865dc4ad8ab43,2026-05-03,Connecticut Valley Youth Lacrosse,Wethersfield 12U A,3,10,Connecticut Valley Youth Lacrosse,Wethersfield 12U A,0.5481072590836018,False,1553.8990020945744,1520.3669265464573
c5f2cc1c575b5219,2026-05-03,RHAM 12U,Connecticut Valley Youth Lacrosse,6,0,RHAM 12U,RHAM 12U,0.5629412211937692,True,1575.3972447192996,1531.4279635355583
ee7567630c7fa41b,2026-05-03,Minnechaug 12U White,Connecticut Valley Youth Lacrosse,7,1,Minnechaug 12U White,Minnechaug 12U White,0.5490962993061616,True,1548.8850091556012,1514.6591223371368
ff826a30fe6d85bb,2026-05-03,Connecticut Valley Youth Lacrosse,West Hartford 12U Green,0,5,West Hartford 12U Green,West Hartford 12U Green,0.5668662972561029,True,1497.3579206132292,1544.101384170528
024167e79d39c86f,2026-05-04,Connecticut Valley Youth Lacrosse,Wolcott 12U,2,7,Wolcott 12U,Wolcott 12U,0.5859322661391226,True,1482.0540824624534,1542.3644924198243
22487031fe9c86f4,2026-05-04,Bristol 12U,Connecticut Valley Youth Lacrosse,2,7,Bristol 12U,Connecticut Valley Youth Lacrosse,0.506179940618289,False,1471.7174126599862,1467.4229313921305
24c487ffc2fde805,2026-05-04,West Springfield 12U,Connecticut Valley Youth Lacrosse,9,1,West Springfield 12U,West Springfield 12U,0.5901231706074496,True,1548.6257737462731,1485.310054120815
7ffc5868304b1d01,2026-05-04,Connecticut Valley Youth Lacrosse,Minnechaug 12U,3,6,Minnechaug 12U,Minnechaug 12U,0.6438817399650834,True,1467.5472367153313,1570.4319831945763
d1212dc9e9f379ee,2026-05-04,Westfield 12U Red,Connecticut Valley Youth Lacrosse,3,6,Westfield 12U Red,Connecticut Valley Youth Lacrosse,0.6860502212273835,False,1593.6077094724435,1457.8094185325497
e02c878dc391beb3,2026-05-04,Connecticut Valley Youth Lacrosse,Belchertown 12U,9,1,Belchertown 12U,Connecticut Valley Youth Lacrosse,0.540429092800067,False,1476.5702031422882,1504.7246799688196
0006f5e35533cb33,2026-05-05,Connecticut Valley Youth Lacrosse,Colchester 12U,8,5,Colchester 12U,Connecticut Valley Youth Lacrosse,0.51832903972569,False,1499.9952364556243,1512.7372674439553
0ec2e4882b6aca80,2026-05-05,Northampton 12U,Connecticut Valley Youth Lacrosse,6,7,Connecticut Valley Youth Lacrosse,Connecticut Valley Youth Lacrosse,0.6130371713946754,True,1434.2442618279674,1514.1712857085527
3a94be61074b049d,2026-05-05,Agawam 12U,Connecticut Valley Youth Lacrosse,17,6,Connecticut Valley Youth Lacrosse,Agawam 12U,0.5458888002346052,False,1489.8291692897035,1521.8059577323875
612b7ecc98373247,2026-05-05,Connecticut Valley Youth Lacrosse,Wethersfield 12U B,4,7,Connecticut Valley Youth Lacrosse,Wethersfield 12U B,0.5056185655389411,False,1495.0412764638218,1491.1369329047752
a9109c93fcacc4ec,2026-05-05,West Hartford 12U White,Connecticut Valley Youth Lacrosse,4,7,Connecticut Valley Youth Lacrosse,Connecticut Valley Youth Lacrosse,0.5674105451322018,True,1434.0817142116164,1481.2103038969647
b0b9973adcd50042,2026-05-05,West Hartford 12U Green,Connecticut Valley Youth Lacrosse,8,5,West Hartford 12U Green,West Hartford 12U Green,0.5943563790785859,True,1559.4052223213039,1493.0443113170377
c7bec69d163c429d,2026-05-05,Connecticut Valley Youth Lacrosse,Longmeadow 12U Black,6,4,Connecticut Valley Youth Lacrosse,Connecticut Valley Youth Lacrosse,0.5329837149716241,True,1481.9467762249494,1458.9940103211084
c8f7e9bb590e3579,2026-05-05,East Longmeadow 12U A,Longmeadow 12U Black,6,4,East Longmeadow 12U A,East Longmeadow 12U A,0.5010528588870062,True,1449.5998292662393,1448.8682268971588
fd8f21224f81c3a3,2026-05-05,Connecticut Valley Youth Lacrosse,Belchertown 12U,6,7,Connecticut Valley Youth Lacrosse,Belchertown 12U,0.5154985014515276,False,1492.072559648899,1481.2996466554835
ff1f393366be21fc,2026-05-05,Connecticut Valley Youth Lacrosse,South Hadley 12U,17,6,Connecticut Valley Youth Lacrosse,Connecticut Valley Youth Lacrosse,0.5708534355170788,True,1481.897654729419,1432.3300631580491
0fc19d68253fada5,2026-05-06,Connecticut Valley Youth Lacrosse,West Springfield 12U,3,5,West Springfield 12U,West Springfield 12U,0.590298070654556,True,1502.9472492913776,1566.3885911517568
2ff0bd3651b12a54,2026-05-06,Connecticut Valley Youth Lacrosse,Southington 12U White,5,6,Southington 12U White,Southington 12U White,0.513210732679416,True,1494.0620878252698,1503.2439821183968
506d74b51044b0cc,2026-05-06,Granby 12U,Connecticut Valley Youth Lacrosse,3,5,Connecticut Valley Youth Lacrosse,Connecticut Valley Youth Lacrosse,0.551685806638184,True,1448.4084673321788,1484.4521962548893
72260acb0a4aa1ba,2026-05-06,Connecticut Valley Youth Lacrosse,Somers 12U White,4,14,Somers 12U White,Somers 12U White,0.5033701176496328,True,1494.175835813917,1496.5176688758684
9255505b8803bbaf,2026-05-06,Simsbury 12U Blue,Connecticut Valley Youth Lacrosse,5,6,Connecticut Valley Youth Lacrosse,Connecticut Valley Youth Lacrosse,0.5597489172387324,True,1428.9467254751407,1470.6638572406316
99a707ed33062246,2026-05-06,South Windsor 12U,Connecticut Valley Youth Lacrosse,4,14,South Windsor 12U,Connecticut Valley Youth Lacrosse,0.5752751688657513,False,1532.0636648552413,1479.3564743640882
122a20e601ca951b,2026-05-07,Agawam 12U,Longmeadow 12U Black,1,11,Agawam 12U,Longmeadow 12U Black,0.6111473705574236,False,1516.5938505582692,1438.0494875427662
368c7805491acada,2026-05-07,Suffield 12U White,Connecticut Valley Youth Lacrosse,6,5,Suffield 12U White,Suffield 12U White,0.533233224919043,True,1529.7216657254723,1506.5947589962645
54c0529b31b9e11e,2026-05-07,Connecticut Valley Youth Lacrosse,Longmeadow 12U Black,1,11,Connecticut Valley Youth Lacrosse,Longmeadow 12U Black,0.5436224792213074,False,1497.3770957908844,1466.9878309568771
584f350eba514bf4,2026-05-07,Connecticut Valley Youth Lacrosse,Somers 12U Red,6,5,Somers 12U Red,Connecticut Valley Youth Lacrosse,0.5570316212887807,False,1471.633351317716,1511.4362011000558
a044936d65a6be12,2026-05-07,Connecticut Valley Youth Lacrosse,Suffield B,5,6,Suffield B,Suffield B,0.5249698492232757,True,1482.6347258381695,1500.0
c90477349aa84b09,2026-05-07,Connecticut Valley Youth Lacrosse,Burlington 12U,3,5,Burlington 12U,Burlington 12U,0.6301997061239968,True,1473.2523875904633,1565.8567653364105
f6415e0f58800f20,2026-05-07,Bristol 12U,Connecticut Valley Youth Lacrosse,3,5,Connecticut Valley Youth Lacrosse,Connecticut Valley Youth Lacrosse,0.5163964140514248,True,1453.8302899313016,1465.2277720382272
190a036a45382e8b,2026-05-08,South Hadley 12U,Connecticut Valley Youth Lacrosse,0,20,Connecticut Valley Youth Lacrosse,Connecticut Valley Youth Lacrosse,0.5916904056360428,True,1411.2804685960905,1475.7224454677
26f78a132997d6b9,2026-05-08,Connecticut Valley Youth Lacrosse,Minnechaug 12U,0,20,Minnechaug 12U,Minnechaug 12U,0.6129878185456675,True,1500.2789176726587,1580.169801377358
3d6296eaabf0bf1e,2026-05-08,Connecticut Valley Youth Lacrosse,Farmington 12U Black,10,9,Connecticut Valley Youth Lacrosse,Connecticut Valley Youth Lacrosse,0.5315323742854461,True,1477.0021275202814,1455.0620723736588
7498865d1c2b8c01,2026-05-08,Southington 12U White,Connecticut Valley Youth Lacrosse,1,7,Southington 12U White,Connecticut Valley Youth Lacrosse,0.5382010703354775,False,1512.8538736887774,1486.2572196380568
8193753586fdfe3a,2026-05-08,Southington 12U Blue,Connecticut Valley Youth Lacrosse,10,9,Southington 12U Blue,Southington 12U Blue,0.5015917739820769,True,1508.054717071855,1506.9486354841758
cf24d4aa8d654a84,2026-05-08,Belchertown 12U,Connecticut Valley Youth Lacrosse,8,4,Connecticut Valley Youth Lacrosse,Belchertown 12U,0.5080964795282676,False,1491.4745515749635,1497.1010535991443
e771d8ec60414667,2026-05-08,Connecticut Valley Youth Lacrosse,Minnechaug 12U White,8,4,Minnechaug 12U White,Connecticut Valley Youth Lacrosse,0.6202710263516862,False,1480.943106982079,1566.1862108795087
fa4512404839b5fa,2026-05-08,Connecticut Valley Youth Lacrosse,Farmington 12U Red,1,7,Farmington 12U Red,Farmington 12U Red,0.5077827172733937,True,1500.6692720485844,1506.0776947316635
2174754254e69aec,2026-05-09,Connecticut Valley Youth Lacrosse,Tolland 12U,12,2,Connecticut Valley Youth Lacrosse,Connecticut Valley Youth Lacrosse,0.5340547781777258,True,1481.742018639219,1458.041641616387
2ec1dd19df6d1b8a,2026-05-09,Granby 12U,Connecticut Valley Youth Lacrosse,12,2,Connecticut Valley Youth Lacrosse,Granby 12U,0.592656531041782,False,1438.684827773151,1503.821754619605
58e0d2e43fba5e6b,2026-05-09,Connecticut Valley Youth Lacrosse,South Windsor 12U,9,8,South Windsor 12U,Connecticut Valley Youth Lacrosse,0.5417651288947078,False,1475.736215208969,1504.825380223065
6ddfe1bcaec8ab69,2026-05-09,Middletown 12U,Connecticut Valley Youth Lacrosse,3,5,Connecticut Valley Youth Lacrosse,Connecticut Valley Youth Lacrosse,0.5415735641761248,True,1457.4884205394226,1486.4435417721636
afb73ff5c9b1e4f7,2026-05-09,Connecticut Valley Youth Lacrosse,Burlington 12U,12,2,Burlington 12U,Connecticut Valley Youth Lacrosse,0.6096953770009323,False,1496.3976982265401,1573.8813808886466
bbe4a6a7d3448516,2026-05-09,Connecticut Valley Youth Lacrosse,Meriden 12U,3,8,Connecticut Valley Youth Lacrosse,Meriden 12U,0.5937283191208236,False,1525.2947585840761,1459.3862733543706
ca1b44ed1bd46b66,2026-05-09,Connecticut Valley Youth Lacrosse,Newington 12U,3,5,Connecticut Valley Youth Lacrosse,Newington 12U,0.5907455032879401,False,1504.2667540832877,1440.5039682640997
d381646c882baee7,2026-05-09,RHAM 12U,Connecticut Valley Youth Lacrosse,9,8,RHAM 12U,RHAM 12U,0.6410304331638886,True,1592.1660859177211,1491.4376789907428
d41f1c36786c3aa0,2026-05-09,Wolcott 12U,Connecticut Valley Youth Lacrosse,12,2,Wolcott 12U,Wolcott 12U,0.60305990858143,True,1556.9956434901471,1484.3414466270328
f1a9d5ae8743c841,2026-05-09,Connecticut Valley Youth Lacrosse,Berkshire,5,9,Berkshire,Berkshire,0.5494517732107425,True,1465.5246821977435,1500.0
f9703274a2cdacc1,2026-05-09,Bristol 12U,Connecticut Valley Youth Lacrosse,3,8,Connecticut Valley Youth Lacrosse,Connecticut Valley Youth Lacrosse,0.5112997017924942,True,1443.3356165018288,1451.1887906594873
09c9d8039be43bee,2026-05-10,Middletown 12U,Connecticut Valley Youth Lacrosse,1,5,Connecticut Valley Youth Lacrosse,Connecticut Valley Youth Lacrosse,0.5301368853452417,True,1447.534264085046,1468.500931668214
1ac82c82b905102b,2026-05-10,Connecticut Valley Youth Lacrosse,Simsbury 12U Blue,5,3,Connecticut Valley Youth Lacrosse,Connecticut Valley Youth Lacrosse,0.5899601058793206,True,1483.452721227053,1420.2541083516842
72a7ca2077876720,2026-05-10,Connecticut Valley Youth Lacrosse,Simsbury 12U A,11,0,Connecticut Valley Youth Lacrosse,Connecticut Valley Youth Lacrosse,0.5600669511838111,True,1492.359837906073,1450.4184947696444
7695be9620ef0b2a,2026-05-10,Avon 12U B,Connecticut Valley Youth Lacrosse,5,3,Avon 12U B,Avon 12U B,0.5010458904092194,True,1514.7029339325454,1513.9761737791139
9a6bb2fb99565533,2026-05-10,Connecticut Valley Youth Lacrosse,Vernon 12U,1,5,Connecticut Valley Youth Lacrosse,Vernon 12U,0.5381674237052476,False,1503.1366759158745,1476.563539094448
f6ac12c96b2821fe,2026-05-10,Avon 12U,Connecticut Valley Youth Lacrosse,11,0,Avon 12U,Avon 12U,0.5270952864211843,True,1504.8545705059144,1486.008374604539
1fc4fdc61a680741,2026-05-11,Berlin 12U A,Connecticut Valley Youth Lacrosse,1,6,Berlin 12U A,Connecticut Valley Youth Lacrosse,0.5266222055993524,False,1481.2854950655067,1462.7689807325733
272f40087b49802e,2026-05-11,Vernon 12U,Connecticut Valley Youth Lacrosse,9,12,Vernon 12U,Connecticut Valley Youth Lacrosse,0.5176387069766313,False,1493.6918404057835,1481.430123191645
2afc045d4a3535ee,2026-05-11,Connecticut Valley Youth Lacrosse,Glastonbury 12U White,4,10,Connecticut Valley Youth Lacrosse,Glastonbury 12U White,0.5420845361412503,False,1495.622649020876,1466.3099656058719
30be576a2509b5ab,2026-05-11,Connecticut Valley Youth Lacrosse,East Longmeadow 12U White,6,4,East Longmeadow 12U White,Connecticut Valley Youth Lacrosse,0.5070557267493174,False,1474.759238648904,1479.6623852346872
32d636735b457d2b,2026-05-11,Farmington 12U Black,Glastonbury 12U White,4,10,Glastonbury 12U White,Glastonbury 12U White,0.5592513153309246,True,1445.8069802558834,1487.1733759778438
4fb6dfb602ab7df2,2026-05-11,Connecticut Valley Youth Lacrosse,East Longmeadow 12U A,14,0,Connecticut Valley Youth Lacrosse,Connecticut Valley Youth Lacrosse,0.5364297833610824,True,1485.7775113333207,1460.418568620632
813831cda086bd09,2026-05-11,Connecticut Valley Youth Lacrosse,Meriden 12U,1,6,Connecticut Valley Youth Lacrosse,Meriden 12U,0.5433461139273172,False,1510.6100408504578,1480.414277855159
9cc69fa591b2b586,2026-05-11,Connecticut Valley Youth Lacrosse,West Hartford 12U Green,0,8,West Hartford 12U Green,West Hartford 12U Green,0.6119772255866511,True,1491.351539893532,1570.5027574133921
a3d6da0b6d0fb16f,2026-05-11,Connecticut Valley Youth Lacrosse,South Windsor 12U,9,12,South Windsor 12U,South Windsor 12U,0.5282235997684344,True,1474.4854183582809,1494.1180536598704
adda96ae3cc488b3,2026-05-11,Tolland 12U,Connecticut Valley Youth Lacrosse,0,8,Connecticut Valley Youth Lacrosse,Connecticut Valley Youth Lacrosse,0.5367530181232448,True,1435.9619056360011,1461.5466642818892
c6684e23d616cd14,2026-05-11,Minnechaug 12U White,Connecticut Valley Youth Lacrosse,6,4,Minnechaug 12U White,Minnechaug 12U White,0.5921547311953553,True,1546.4600458130033,1481.6841358529698
e6a5005a2c94ef2e,2026-05-11,Minnechaug 12U,Connecticut Valley Youth Lacrosse,14,0,Minnechaug 12U,Minnechaug 12U,0.6796037969349961,True,1603.4465915297353,1472.8192171809437
0893268810469108,2026-05-12,Glastonbury 12U White,Suffield 12U,5,10,Suffield 12U,Suffield 12U,0.5709017282551367,True,1504.138026633059,1553.739863580521
11b0a4c9e1c860db,2026-05-12,Glastonbury 12U White,Connecticut Valley Youth Lacrosse,5,10,Glastonbury 12U White,Connecticut Valley Youth Lacrosse,0.5477381470119671,False,1488.9253741154325,1455.6521619242658
15bc6f00a632d6ff,2026-05-12,West Springfield 12U,Connecticut Valley Youth Lacrosse,9,3,West Springfield 12U,West Springfield 12U,0.6403329808098766,True,1575.2737526178646,1475.0716504509996
27e4c320a5eb1205,2026-05-12,Connecticut Valley Youth Lacrosse,Southington 12U Blue,5,9,Southington 12U Blue,Southington 12U Blue,0.5808528714984622,True,1461.2224407818612,1517.9022989568866
40bda9c966f721c0,2026-05-12,Longmeadow 12U Black,East Longmeadow 12U A,8,6,Longmeadow 12U Black,Longmeadow 12U Black,0.581505370448707,True,1492.7315754300455,1435.5860391034948
456945c3036b34a1,2026-05-12,Wolcott 12U,Connecticut Valley Youth Lacrosse,5,9,Wolcott 12U,Connecticut Valley Youth Lacrosse,0.6762251376736865,False,1575.8124079194365,1447.873134476297
46e54526f678753d,2026-05-12,Connecticut Valley Youth Lacrosse,South Hadley 12U,9,3,Connecticut Valley Youth Lacrosse,Connecticut Valley Youth Lacrosse,0.6168001580100165,True,1469.4116583796103,1386.7239963911318
6486aba2fab779de,2026-05-12,Connecticut Valley Youth Lacrosse,Agawam 12U,13,3,Agawam 12U,Connecticut Valley Youth Lacrosse,0.5050170051450747,False,1484.1692178992685,1487.6555071441583
d7f6271d21f0597b,2026-05-12,Longmeadow 12U Black,Connecticut Valley Youth Lacrosse,8,6,Connecticut Valley Youth Lacrosse,Longmeadow 12U Black,0.5090746981259799,False,1501.830050002691,1508.1364886253966
170d4d37b4a6c863,2026-05-13,Connecticut Valley Youth Lacrosse,Suffield 12U White,2,5,Suffield 12U White,Suffield 12U White,0.5599689396315337,True,1497.067086847237,1538.9393289308525
28dd40ab747345c1,2026-05-13,Connecticut Valley Youth Lacrosse,Southington 12U White,5,1,Southington 12U White,Connecticut Valley Youth Lacrosse,0.5103161505523237,False,1484.9930447919446,1492.1624578426583
30b3f5ec858b897b,2026-05-13,Wethersfield 12U A,Connecticut Valley Youth Lacrosse,6,10,Wethersfield 12U A,Connecticut Valley Youth Lacrosse,0.55956547455841,False,1542.8379651054734,1501.2501432172082
43faaa10a0102563,2026-05-13,RHAM 12U,Connecticut Valley Youth Lacrosse,14,2,RHAM 12U,RHAM 12U,0.6133900899351229,True,1599.2623182814311,1519.0768091070279
4d2d19f1e9b9b0da,2026-05-13,Connecticut Valley Youth Lacrosse,West Hartford 12U Gold,6,10,West Hartford 12U Gold,West Hartford 12U Gold,0.6867538668121009,True,1499.4471774538772,1635.8133353721446
564504bb38250958,2026-05-13,Connecticut Valley Youth Lacrosse,Glastonbury 12U Blue,6,5,Connecticut Valley Youth Lacrosse,Connecticut Valley Youth Lacrosse,0.5417085007379238,True,1489.467061196822,1460.417521559948
6bf4419f77d1bab7,2026-05-13,West Hartford 12U White,Connecticut Valley Youth Lacrosse,2,5,Connecticut Valley Youth Lacrosse,Connecticut Valley Youth Lacrosse,0.6080616926579262,True,1422.2477067915434,1498.5396793517052
9fc7aa44e48ee150,2026-05-13,Newington 12U,Connecticut Valley Youth Lacrosse,2,15,Connecticut Valley Youth Lacrosse,Connecticut Valley Youth Lacrosse,0.5798483437366349,True,1453.3330433566446,1509.2963797946059
acc624d31c754564,2026-05-13,Tolland 12U,Connecticut Valley Youth Lacrosse,3,10,Connecticut Valley Youth Lacrosse,Connecticut Valley Youth Lacrosse,0.6602557503846948,True,1415.8244340649205,1531.248465084537
af4de83e651d4ba7,2026-05-13,Connecticut Valley Youth Lacrosse,Ellington 12U,3,10,Connecticut Valley Youth Lacrosse,Ellington 12U,0.6418819467775059,False,1545.2357872542073,1443.8642087817595
b1093535cf6c52fc,2026-05-13,Connecticut Valley Youth Lacrosse,Granby 12U,14,2,Connecticut Valley Youth Lacrosse,Connecticut Valley Youth Lacrosse,0.5743338854306625,True,1518.8085115649023,1466.770367183787
c0d1eb365d31ab00,2026-05-13,Avon 12U B,Connecticut Valley Youth Lacrosse,5,1,Connecticut Valley Youth Lacrosse,Avon 12U B,0.521406643545482,False,1525.5424317957848,1540.4263897006463
eca87c4b97b1a049,2026-05-13,Connecticut Valley Youth Lacrosse,Berlin 12U A,2,15,Connecticut Valley Youth Lacrosse,Berlin 12U A,0.5871544246728541,False,1523.8102340371713,1462.624352606435
f8118e8de0de8875,2026-05-13,Farmington 12U Red,Connecticut Valley Youth Lacrosse,6,5,Farmington 12U Red,Farmington 12U Red,0.5457471744485108,True,1525.004948141029,1493.1274047506397
2d21b09f554b9a05,2026-05-14,East Longmeadow 12U A,Connecticut Valley Youth Lacrosse,9,10,Connecticut Valley Youth Lacrosse,Connecticut Valley Youth Lacrosse,0.582204520715874,True,1426.4875645308493,1484.1322992941746
39a83346ccc35338,2026-05-14,Connecticut Valley Youth Lacrosse,Burlington 12U,17,13,Burlington 12U,Connecticut Valley Youth Lacrosse,0.5750942561940162,False,1492.4057492457878,1544.9843205311106
555a2ad0ea726b57,2026-05-14,Meriden 12U,Connecticut Valley Youth Lacrosse,5,5,Connecticut Valley Youth Lacrosse,Tie,0.5159147810144327,False,1499.672778812085,1510.735238212398
652d32017d5860dd,2026-05-14,Connecticut Valley Youth Lacrosse,Suffield 12U,7,5,Suffield 12U,Connecticut Valley Youth Lacrosse,0.5834469932219215,False,1510.4200631374063,1568.9525160981475
732ca2f59a41f308,2026-05-14,Southington 12U Blue,Connecticut Valley Youth Lacrosse,17,13,Southington 12U Blue,Southington 12U Blue,0.5117081951294934,True,1531.2516052624508,1523.1144305060172
bb0268684da5dda8,2026-05-14,Connecticut Valley Youth Lacrosse,Bristol 12U,5,5,Connecticut Valley Youth Lacrosse,Tie,0.6152191261343286,False,1507.550016243531,1426.023475493102
c0cf6dd18e62202d,2026-05-14,Connecticut Valley Youth Lacrosse,Agawam 12U,9,10,Connecticut Valley Youth Lacrosse,Agawam 12U,0.5595540513086864,False,1505.2680063666958,1463.68823641803
d8ac0d8a25390786,2026-05-14,Westfield 12U Red,Connecticut Valley Youth Lacrosse,7,5,Westfield 12U Red,Westfield 12U Red,0.6140399353648016,True,1574.846924862705,1494.1852261246463
156f921832eed7fa,2026-05-15,East Longmeadow 12U A,Connecticut Valley Youth Lacrosse,6,4,Connecticut Valley Youth Lacrosse,East Longmeadow 12U A,0.596036797919762,False,1418.2141145792361,1485.786621318051
2036e8c331becc9b,2026-05-15,Connecticut Valley Youth Lacrosse,Meriden 12U,9,3,Meriden 12U,Connecticut Valley Youth Lacrosse,0.5390236552357013,False,1472.8162799485542,1499.9879538870766
541430845fe66ecd,2026-05-15,Suffield 12U White,Connecticut Valley Youth Lacrosse,5,3,Suffield 12U White,Suffield 12U White,0.5818902645593407,True,1551.013370986145,1493.593046491957
55e0a00bfc3d49e9,2026-05-15,Wolcott 12U,Connecticut Valley Youth Lacrosse,9,3,Wolcott 12U,Wolcott 12U,0.5990924925351729,True,1554.2738840161232,1484.4940086934157
b3d626043974dce8,2026-05-15,Connecticut Valley Youth Lacrosse,South Hadley 12U,6,4,Connecticut Valley Youth Lacrosse,Connecticut Valley Youth Lacrosse,0.6361749254852294,True,1469.0400051293661,1371.9664368714737
bd3089be5913c2c5,2026-05-15,Glastonbury 12U White,Connecticut Valley Youth Lacrosse,12,7,Connecticut Valley Youth Lacrosse,Glastonbury 12U White,0.5107230494334658,False,1469.5058855886987,1476.958166167815
cb821be96077bd7b,2026-05-15,Berlin 12U A,Connecticut Valley Youth Lacrosse,7,2,Berlin 12U A,Berlin 12U A,0.5494551240815253,True,1493.3071818929666,1458.8295126642006
e43827eb4fcf7308,2026-05-15,Connecticut Valley Youth Lacrosse,Middletown 12U,7,2,Connecticut Valley Youth Lacrosse,Connecticut Valley Youth Lacrosse,0.5147523975178364,True,1442.836466435407,1432.582474526207
eb32d0d8165ca954,2026-05-15,Glastonbury 12U White,Simsbury 12U A,12,7,Glastonbury 12U White,Glastonbury 12U White,0.5838665402097973,True,1487.6345390923132,1428.8021588966035
f86b09131dcd2f3d,2026-05-15,Connecticut Valley Youth Lacrosse,Glastonbury 12U Blue,5,3,Connecticut Valley Youth Lacrosse,Connecticut Valley Youth Lacrosse,0.5125420972739462,True,1460.06187382017,1451.3449034050648
0990c9383cd60aac,2026-05-16,West Springfield 12U,Connecticut Valley Youth Lacrosse,7,6,West Springfield 12U,West Springfield 12U,0.6641529691754404,True,1589.122962287003,1470.6723201131013
0dbca735e5a040d9,2026-05-16,Connecticut Valley Youth Lacrosse,Agawam 12U,7,6,Agawam 12U,Connecticut Valley Youth Lacrosse,0.5154699537436598,False,1464.0179596886892,1474.7710166600796
34db78dcbf69d606,2026-05-16,Longmeadow 12U Black,South Hadley 12U,8,3,Longmeadow 12U Black,Longmeadow 12U Black,0.7020034160568717,True,1512.8994517808505,1364.0482758330247
442c6df897eddcde,2026-05-16,Longmeadow 12U Black,Connecticut Valley Youth Lacrosse,8,3,Longmeadow 12U Black,Longmeadow 12U Black,0.5704023061169269,True,1523.4793383577608,1474.2316058309784
684ff20e38f8f30c,2026-05-16,Connecticut Valley Youth Lacrosse,Glastonbury 12U Blue,7,2,Connecticut Valley Youth Lacrosse,Connecticut Valley Youth Lacrosse,0.526231895144991,True,1458.9789961704569,1440.7344571121334
90de04f2363d0dc5,2026-05-16,Belchertown 12U,Connecticut Valley Youth Lacrosse,4,2,Belchertown 12U,Belchertown 12U,0.5456824192614101,True,1507.6324981920288,1475.800330627744
bcc002b2c0fa78f8,2026-05-16,Connecticut Valley Youth Lacrosse,Northampton 12U,4,2,Connecticut Valley Youth Lacrosse,Connecticut Valley Youth Lacrosse,0.5563171814218948,True,1465.9095345299463,1426.6095898041326
c630dd9491eb9eb2,2026-05-16,Avon 12U B,Connecticut Valley Youth Lacrosse,7,2,Avon 12U B,Avon 12U B,0.594673604236007,True,1542.1585874592597,1475.5690774535599
001a52be30aa5dc6,2026-05-17,Suffield 12U White,Connecticut Valley Youth Lacrosse,3,3,Suffield 12U White,Tie,0.6386525109970993,False,1560.1124087846863,1461.1765756345533
405cee854971a915,2026-05-17,RHAM 12U,Connecticut Valley Youth Lacrosse,7,4,RHAM 12U,RHAM 12U,0.7093160975588996,True,1618.8919499345818,1463.9244163070412
418aaf527706c2c4,2026-05-17,Connecticut Valley Youth Lacrosse,Minnechaug 12U,14,3,Minnechaug 12U,Connecticut Valley Youth Lacrosse,0.7207025706110943,False,1455.9379937582946,1620.6136467864133
4d4b797ce2999e41,2026-05-17,Wethersfield 12U A,Connecticut Valley Youth Lacrosse,7,8,Wethersfield 12U A,Connecticut Valley Youth Lacrosse,0.5481747131514236,False,1525.0112992156537,1491.4319132020257
4f40ecb4f487990e,2026-05-17,Connecticut Valley Youth Lacrosse,Avon 12U,7,8,Avon 12U,Avon 12U,0.5370572621666884,True,1502.2966372464684,1528.0939643778802
5afd5d86ff589c64,2026-05-17,Connecticut Valley Youth Lacrosse,West Hartford 12U Green,7,4,West Hartford 12U Green,Connecticut Valley Youth Lacrosse,0.632401859668928,False,1493.12094585588,1587.3688789486432
72cab2b3e7e56414,2026-05-17,Suffield 12U,Connecticut Valley Youth Lacrosse,14,3,Suffield 12U,Suffield 12U,0.5654762218618816,True,1556.2581487295365,1510.4978284726499
90ab783959d0eec6,2026-05-17,Connecticut Valley Youth Lacrosse,Minnechaug 12U White,3,3,Minnechaug 12U White,Tie,0.5941737685598601,False,1489.0956206400976,1555.3249644850293
d8eec5a9f44ca20e,2026-05-17,Wethersfield 12U B,Connecticut Valley Youth Lacrosse,5,4,Wethersfield 12U B,Wethersfield 12U B,0.5201447339602572,True,1504.9679054716323,1490.9623291682278
da2ce2903fecc407,2026-05-17,Connecticut Valley Youth Lacrosse,Glastonbury 12U White,6,13,Glastonbury 12U White,Glastonbury 12U White,0.5301223822925576,True,1481.4504052556058,1502.4069583580774
f402056dd658d86b,2026-05-17,Simsbury 12U A,Glastonbury 12U White,6,13,Glastonbury 12U White,Glastonbury 12U White,0.6502721105921242,True,1414.0297396308392,1521.7756840624736
0d4c7c70fbfaee16,2026-05-18,Southington 12U Blue,Glastonbury 12U White,5,14,Southington 12U Blue,Glastonbury 12U White,0.5152842543793361,False,1546.816019524937,1536.1921218514042
1f5d3a8d66588c5f,2026-05-18,Connecticut Valley Youth Lacrosse,East Longmeadow 12U White,7,5,East Longmeadow 12U White,Connecticut Valley Youth Lacrosse,0.5094429773032665,False,1462.0816795512096,1468.6441125502706
34f922ec400e049d,2026-05-18,Ellington 12U,Connecticut Valley Youth Lacrosse,5,4,Connecticut Valley Youth Lacrosse,Ellington 12U,0.5041526337939939,False,1470.2914844710645,1473.1770963270408
648c01d42fdacfa9,2026-05-18,Northampton 12U,Connecticut Valley Youth Lacrosse,7,5,Connecticut Valley Youth Lacrosse,Northampton 12U,0.5661435281514857,False,1416.950046880519,1463.182233616256
66e03ef783cacf30,2026-05-18,Southington 12U White,Connecticut Valley Youth Lacrosse,2,1,Southington 12U White,Southington 12U White,0.5359933619230505,True,1475.9053594173947,1450.8512724024536
6cb6cb4990704d07,2026-05-18,Connecticut Valley Youth Lacrosse,Granby 12U,5,4,Granby 12U,Connecticut Valley Youth Lacrosse,0.5050376735856822,False,1441.6518364475367,1445.152489048043
76e9a2c4395f39bb,2026-05-18,Connecticut Valley Youth Lacrosse,Somers 12U White,6,4,Somers 12U White,Connecticut Valley Youth Lacrosse,0.5971342256049986,False,1451.6650111319234,1520.0296474491538
7e366a957f024055,2026-05-18,Bristol 12U,Connecticut Valley Youth Lacrosse,4,3,Connecticut Valley Youth Lacrosse,Bristol 12U,0.552145265375801,False,1428.3054853699373,1464.671958416793
88e4a7dc3a1c5ef7,2026-05-18,Connecticut Valley Youth Lacrosse,Glastonbury 12U White,5,14,Glastonbury 12U White,Glastonbury 12U White,0.6479683361761416,True,1453.7242505688243,1559.7130728697316
9631d0463eecfbfe,2026-05-18,Minnechaug 12U,Connecticut Valley Youth Lacrosse,6,4,Minnechaug 12U,Minnechaug 12U,0.700334824732431,True,1585.1197273426822,1437.6519485608922
9f6deea4da5a8027,2026-05-18,Connecticut Valley Youth Lacrosse,Glastonbury 12U Blue,2,1,Connecticut Valley Youth Lacrosse,Connecticut Valley Youth Lacrosse,0.5103758957185626,True,1431.12406868203,1423.9131226548463
bf52e59ec7a6f807,2026-05-18,Somers 12U Red,Connecticut Valley Youth Lacrosse,4,7,Somers 12U Red,Connecticut Valley Youth Lacrosse,0.5849425109324548,False,1500.4348265796023,1440.8328543395764
c92859b95d226abc,2026-05-18,Longmeadow 12U Black,Connecticut Valley Youth Lacrosse,2,14,Longmeadow 12U Black,Connecticut Valley Youth Lacrosse,0.6156179436196313,False,1538.7319480182823,1456.912682411466
d7edb5906c00e538,2026-05-18,Connecticut Valley Youth Lacrosse,Minnechaug 12U White,4,7,Minnechaug 12U White,Minnechaug 12U White,0.5927905739836571,True,1488.2248692174228,1553.4582559568992
e2328386eb298294,2026-05-18,Connecticut Valley Youth Lacrosse,Berlin 12U A,4,3,Berlin 12U A,Connecticut Valley Youth Lacrosse,0.5463070668164387,False,1477.0303066180136,1509.3002281217603
fe86de5188ff4433,2026-05-18,Longmeadow 12U Black,Westfield 12U Red,2,14,Westfield 12U Red,Westfield 12U Red,0.6074219241620882,True,1507.4197612123255,1583.2455296693004
07150c51642aba2f,2026-05-19,Connecticut Valley Youth Lacrosse,Wethersfield 12U B,9,5,Wethersfield 12U B,Connecticut Valley Youth Lacrosse,0.5382283410367944,False,1487.8641143655846,1514.4798293842543
1429e6ffd85d217e,2026-05-19,Suffield 12U White,Connecticut Valley Youth Lacrosse,9,5,Suffield 12U White,Suffield 12U White,0.5747320980576461,True,1557.3645681121984,1505.043428906444
3e7c91c772daf7ef,2026-05-19,South Hadley 12U,Longmeadow 12U Black,2,19,Longmeadow 12U Black,Longmeadow 12U Black,0.6837941892281572,True,1353.4683892561145,1487.4506130195728
43aa6b6e3d158303,2026-05-19,Connecticut Valley Youth Lacrosse,Meriden 12U,5,4,Connecticut Valley Youth Lacrosse,Connecticut Valley Youth Lacrosse,0.5176335177430587,True,1491.4692942172705,1479.2111873436738
448f930c1178012c,2026-05-19,Connecticut Valley Youth Lacrosse,West Springfield 12U,5,9,West Springfield 12U,West Springfield 12U,0.6330615598993201,True,1501.0362294487,1595.777322711415
493935e9a36af0ee,2026-05-19,Connecticut Valley Youth Lacrosse,Longmeadow 12U Black,2,19,Longmeadow 12U Black,Longmeadow 12U Black,0.5233740759303704,True,1489.3230914954684,1505.5769102267584
5287fc69e87ef760,2026-05-19,Wolcott 12U,Connecticut Valley Youth Lacrosse,6,4,Wolcott 12U,Wolcott 12U,0.6502499049337849,True,1569.7278875801728,1461.998905114567
535802fcb79cbb3d,2026-05-19,Belchertown 12U,Connecticut Valley Youth Lacrosse,5,9,Belchertown 12U,Connecticut Valley Youth Lacrosse,0.5898863842367633,False,1517.5232942898265,1454.3776207693918
6535d767d5e38b6c,2026-05-19,Connecticut Valley Youth Lacrosse,Agawam 12U,13,1,Connecticut Valley Youth Lacrosse,Connecticut Valley Youth Lacrosse,0.5124478910947131,True,1473.2088388686102,1464.5573705177903
747f723142db35aa,2026-05-19,Connecticut Valley Youth Lacrosse,Bristol 12U,6,4,Connecticut Valley Youth Lacrosse,Connecticut Valley Youth Lacrosse,0.5837667105236448,True,1498.0141989554354,1439.2531932179058
bd3495e4c5948ca1,2026-05-19,Suffield 12U,Connecticut Valley Youth Lacrosse,13,1,Suffield 12U,Suffield 12U,0.6001920721884341,True,1577.6603565620887,1507.084815319263
e18c24625e259de9,2026-05-19,Newington 12U,Connecticut Valley Youth Lacrosse,5,4,Connecticut Valley Youth Lacrosse,Newington 12U,0.5790044662191786,False,1431.3809580667134,1486.7427281330188
2780749fb2b8854e,2026-05-20,Belchertown 12U,Connecticut Valley Youth Lacrosse,9,5,Belchertown 12U,Belchertown 12U,0.5336746712732294,True,1498.692076190608,1475.257041710736
3837951e9167db8e,2026-05-20,Simsbury 12U Blue,Connecticut Valley Youth Lacrosse,5,4,Connecticut Valley Youth Lacrosse,Simsbury 12U Blue,0.5700833725389494,False,1411.3469916726642,1460.3686444819716
40b9cf59fbf0bcae,2026-05-20,Connecticut Valley Youth Lacrosse,East Longmeadow 12U A,9,5,Connecticut Valley Youth Lacrosse,Connecticut Valley Youth Lacrosse,0.5257014727580382,True,1449.0594229834962,1431.1844559487329
5068c85caa75afc4,2026-05-20,Connecticut Valley Youth Lacrosse,Glastonbury 12U Blue,5,4,Connecticut Valley Youth Lacrosse,Connecticut Valley Youth Lacrosse,0.5714613032913773,True,1464.2030501324016,1414.2043369972998
68ae45447cba6b4a,2026-05-20,Vernon 12U,Connecticut Valley Youth Lacrosse,11,2,Vernon 12U,Vernon 12U,0.5097769829275035,True,1479.4993145765525,1472.7047049219436
73bc1b85b4b41eb8,2026-05-20,Connecticut Valley Youth Lacrosse,Simsbury 12U A,9,2,Connecticut Valley Youth Lacrosse,Connecticut Valley Youth Lacrosse,0.5724459318003366,True,1450.3106739192162,1399.6133018419087
900b81fa7ff1b7ff,2026-05-20,Westfield 12U Red,Connecticut Valley Youth Lacrosse,19,1,Westfield 12U Red,Westfield 12U Red,0.6853888405142027,True,1603.2146778620531,1467.9495155908905
90ab51b146a47d36,2026-05-20,Connecticut Valley Youth Lacrosse,South Hadley 12U,19,1,Connecticut Valley Youth Lacrosse,Connecticut Valley Youth Lacrosse,0.6587103824977869,True,1449.5706649032793,1335.3420920489289
98cea9d158a7a704,2026-05-20,Connecticut Valley Youth Lacrosse,West Hartford 12U Green,8,5,West Hartford 12U Green,Connecticut Valley Youth Lacrosse,0.6407060388114967,False,1469.5084365497396,1569.9919963318735
b9e026f1b5a932cc,2026-05-20,Ellington 12U,Connecticut Valley Youth Lacrosse,9,2,Connecticut Valley Youth Lacrosse,Ellington 12U,0.5098492905692928,False,1480.2863471818491,1487.1312206934372
c41b0ebf69adc987,2026-05-20,Connecticut Valley Youth Lacrosse,Tolland 12U,11,2,Connecticut Valley Youth Lacrosse,Connecticut Valley Youth Lacrosse,0.5914350196609017,True,1466.095470796497,1401.8371118952502
e2394b98a4d0aa3e,2026-05-20,South Windsor 12U,Connecticut Valley Youth Lacrosse,8,5,South Windsor 12U,South Windsor 12U,0.5320413408650916,True,1507.0568077362623,1484.7616511712372
2b822f5dc366539f,2026-05-21,Suffield 12U White,Westfield 12U Black,6,4,Suffield 12U White,Suffield 12U White,0.5790272246887936,True,1570.9387028013718,1515.560713470468
3ce905e25a97d8dc,2026-05-21,Meriden 12U,Connecticut Valley Youth Lacrosse,8,3,Connecticut Valley Youth Lacrosse,Meriden 12U,0.5032311451349749,False,1469.6442521122444,1471.8895129712755
40818739d53340c3,2026-05-21,Colchester 12U,Connecticut Valley Youth Lacrosse,11,5,Colchester 12U,Colchester 12U,0.56378258850869,True,1498.561218191027,1453.9977530109195
557a99a2ca197843,2026-05-21,Connecticut Valley Youth Lacrosse,Tolland 12U,11,5,Connecticut Valley Youth Lacrosse,Connecticut Valley Youth Lacrosse,0.577068594046352,True,1437.153932774788,1383.17093152051
67f4c056f078b580,2026-05-21,Connecticut Valley Youth Lacrosse,West Springfield 12U,3,9,West Springfield 12U,West Springfield 12U,0.7081727996408602,True,1453.4850714357767,1607.4904606646467
9551a3fb524c81c9,2026-05-21,Connecticut Valley Youth Lacrosse,Farmington 12U Red,8,3,Farmington 12U Red,Connecticut Valley Youth Lacrosse,0.6290982975169663,False,1442.2161803613553,1534.0000535974941
a10e5bf322ed299f,2026-05-21,West Hartford 12U Gold,Longmeadow 12U Black,12,2,West Hartford 12U Gold,West Hartford 12U Gold,0.6569790562812807,True,1645.7934516291998,1532.9010966076598
ad225480a03921f5,2026-05-21,Connecticut Valley Youth Lacrosse,Westfield 12U Black,6,4,Westfield 12U Black,Connecticut Valley Youth Lacrosse,0.559865053580501,False,1464.5848256733987,1506.3838286069872
e42a618379fe1c9f,2026-05-21,Connecticut Valley Youth Lacrosse,Longmeadow 12U Black,12,2,Longmeadow 12U Black,Connecticut Valley Youth Lacrosse,0.5570088963248789,False,1476.7912035974118,1516.5780543867318
f7c021c15b3502ca,2026-05-21,Northampton 12U,Connecticut Valley Youth Lacrosse,3,9,Connecticut Valley Youth Lacrosse,Connecticut Valley Youth Lacrosse,0.604936513576065,True,1429.2810080943216,1503.2981708863563
04a41f5d6b4d1901,2026-05-22,Connecticut Valley Youth Lacrosse,Wethersfield 12U B,0,8,Connecticut Valley Youth Lacrosse,Wethersfield 12U B,0.5305496506530225,False,1518.5550613725413,1497.300514843395
1d3e30beaf706660,2026-05-22,Simsbury 12U A,Connecticut Valley Youth Lacrosse,1,12,Connecticut Valley Youth Lacrosse,Connecticut Valley Youth Lacrosse,0.6576953020222286,True,1381.9744601702344,1495.4192121663089
336662f91a9fb3dd,2026-05-22,Connecticut Valley Youth Lacrosse,East Longmeadow 12U White,8,4,Connecticut Valley Youth Lacrosse,Connecticut Valley Youth Lacrosse,0.5781489288309127,True,1512.3009234255237,1457.5486957744395
44f26fb7072b9e0f,2026-05-22,Connecticut Valley Youth Lacrosse,Burlington 12U,16,5,Burlington 12U,Connecticut Valley Youth Lacrosse,0.501264550310216,False,1525.776130136098,1526.6548315645005
4f63b168767322d8,2026-05-22,Suffield 12U,Connecticut Valley Youth Lacrosse,16,5,Suffield 12U,Suffield 12U,0.5679410277869644,True,1598.002443748333,1550.4983578121496
51a3400a218b5e85,2026-05-22,Connecticut Valley Youth Lacrosse,Westfield 12U Red,1,12,Westfield 12U Red,Westfield 12U Red,0.629931674536766,True,1529.1889160118521,1621.5935285496644
58d0fb9c0e88dac3,2026-05-22,Connecticut Valley Youth Lacrosse,Wethersfield 12U A,5,8,Wethersfield 12U A,Wethersfield 12U A,0.5046194772725241,True,1510.936542252859,1514.146575171211
9498f2663cea703d,2026-05-22,Somers 12U Red,Connecticut Valley Youth Lacrosse,8,4,Connecticut Valley Youth Lacrosse,Somers 12U Red,0.5186285966266329,False,1484.3549985077127,1497.305467655645
b7fb1ab9def5fab9,2026-05-22,Southington 12U Blue,Connecticut Valley Youth Lacrosse,5,8,Southington 12U Blue,Connecticut Valley Youth Lacrosse,0.5609410807101126,False,1523.2950685066096,1480.7372913881104
da656ced39399655,2026-05-22,Farmington 12U Red,Connecticut Valley Youth Lacrosse,5,5,Farmington 12U Red,Tie,0.522231850375025,False,1511.6314082854508,1496.1729437698214
dbb70c9a51405c23,2026-05-22,Southington 12U White,Connecticut Valley Youth Lacrosse,0,8,Connecticut Valley Youth Lacrosse,Connecticut Valley Youth Lacrosse,0.5165573747183186,True,1485.1047953723116,1496.6142459997657
e521fed12a829ec0,2026-05-22,Connecticut Valley Youth Lacrosse,West Hartford 12U White,5,5,Connecticut Valley Youth Lacrosse,Tie,0.6482573174704187,False,1517.6999489007303,1411.4910063486427
0a6caf79f666f7c9,2026-05-23,Glastonbury 12U White,West Hartford 12U Gold,9,10,West Hartford 12U Gold,West Hartford 12U Gold,0.6217450939623117,True,1575.7853748776638,1662.1164938501279
2dff4eb01f895107,2026-05-23,Connecticut Valley Youth Lacrosse,RHAM 12U,1,7,RHAM 12U,RHAM 12U,0.6559782841776276,True,1514.7569305091533,1626.8783724833283
512b619ece16b9a5,2026-05-23,Connecticut Valley Youth Lacrosse,Vernon 12U,2,4,Vernon 12U,Vernon 12U,0.5006126325998018,True,1501.4676446342037,1501.8933455792799
6bd8c07489a752a6,2026-05-23,Connecticut Valley Youth Lacrosse,Berlin 12U A,2,4,Berlin 12U A,Berlin 12U A,0.5113528995658486,True,1490.5762616391492,1498.4664203741893
72170503e7269833,2026-05-23,Meriden 12U,Connecticut Valley Youth Lacrosse,2,4,Meriden 12U,Connecticut Valley Youth Lacrosse,0.5109601171487328,False,1487.5360120726004,1479.918922482909
811ad39cf4bd2435,2026-05-23,Newington 12U,Connecticut Valley Youth Lacrosse,1,7,Connecticut Valley Youth Lacrosse,Connecticut Valley Youth Lacrosse,0.5689187781509861,True,1442.8666444889961,1491.0631098903996
b04013c039f13af6,2026-05-23,Glastonbury 12U White,Connecticut Valley Youth Lacrosse,9,10,Glastonbury 12U White,Connecticut Valley Youth Lacrosse,0.5862807129036643,False,1568.276592623814,1507.7166567770946
db9d582c66d1f68d,2026-05-23,Colchester 12U,Connecticut Valley Youth Lacrosse,2,4,Connecticut Valley Youth Lacrosse,Connecticut Valley Youth Lacrosse,0.5056860256798366,True,1515.4050384271584,1519.3562640846196
70a0bb071aad553c,2026-05-24,East Longmeadow 12U A,Connecticut Valley Youth Lacrosse,13,1,Connecticut Valley Youth Lacrosse,East Longmeadow 12U A,0.658540287329126,False,1416.0408287998275,1530.1379801092996
ba58baddbd8f3978,2026-05-24,Connecticut Valley Youth Lacrosse,Northampton 12U,13,1,Connecticut Valley Youth Lacrosse,Connecticut Valley Youth Lacrosse,0.6166509426040089,True,1496.6021175967094,1414.0241176081365
158c3d3b470b7109,2026-05-26,Connecticut Valley Youth Lacrosse,West Springfield 12U,4,7,West Springfield 12U,West Springfield 12U,0.6435520339935742,True,1516.124341171787,1618.759351739068
4787f30d719d6850,2026-05-26,Suffield 12U,Connecticut Valley Youth Lacrosse,14,0,Suffield 12U,Suffield 12U,0.6571168607190964,True,1619.3118855486305,1506.3132932213744
5da3b7ef7009381d,2026-05-26,Suffield 12U White,Connecticut Valley Youth Lacrosse,4,3,Suffield 12U White,Suffield 12U White,0.6297088929963685,True,1580.1155876648527,1487.8769698392096
88510bbb18ef2122,2026-05-26,Connecticut Valley Youth Lacrosse,Somers 12U Red,4,3,Somers 12U Red,Connecticut Valley Youth Lacrosse,0.5293221044886491,False,1480.5246837628001,1500.9231747752474
96946028be6fb5fd,2026-05-26,Wethersfield 12U A,Connecticut Valley Youth Lacrosse,4,7,Wethersfield 12U A,Connecticut Valley Youth Lacrosse,0.5526809896134001,False,1527.777649768425,1491.0347813182718
a388cc8087b3060d,2026-05-26,Connecticut Valley Youth Lacrosse,South Windsor 12U,14,0,South Windsor 12U,Connecticut Valley Youth Lacrosse,0.5196781353261825,False,1506.248110589796,1519.928945936224
a45fdd035023ec5c,2026-05-26,Connecticut Valley Youth Lacrosse,Agawam 12U,3,12,Connecticut Valley Youth Lacrosse,Agawam 12U,0.6326593588310785,False,1534.1923933043688,1439.7520104309651
c19c7337dd724f23,2026-05-26,Connecticut Valley Youth Lacrosse,RHAM 12U,4,8,RHAM 12U,RHAM 12U,0.6849375115801639,True,1505.2659572388582,1640.167658358278
d92c4829e34fb5b6,2026-05-26,Connecticut Valley Youth Lacrosse,Belchertown 12U,3,5,Belchertown 12U,Belchertown 12U,0.5264313893779151,True,1495.1969260392623,1513.5804734193725
eb6f2dee0eba9df0,2026-05-26,Northampton 12U,Connecticut Valley Youth Lacrosse,3,5,Connecticut Valley Youth Lacrosse,Connecticut Valley Youth Lacrosse,0.6271889026293208,True,1394.501894033059,1484.8657076366217
f023abf0071962d7,2026-05-26,South Hadley 12U,Connecticut Valley Youth Lacrosse,3,12,Connecticut Valley Youth Lacrosse,Connecticut Valley Youth Lacrosse,0.7354236751337456,True,1315.4043204024686,1492.9989713036762
03fc8f0dc937ca07,2026-05-27,Minnechaug 12U White,Connecticut Valley Youth Lacrosse,6,1,Minnechaug 12U White,Minnechaug 12U White,0.5848783572549429,True,1564.6528185563084,1505.096748640338
175063f672a1937c,2026-05-27,Westfield 12U Black,West Springfield 12U,4,3,West Springfield 12U,Westfield 12U Black,0.6843051804758444,False,1494.177450682974,1628.5703996894806
2b15c28ed761a22b,2026-05-27,Minnechaug 12U,Connecticut Valley Youth Lacrosse,11,5,Minnechaug 12U,Minnechaug 12U,0.6418157668831114,True,1591.6476072215444,1490.3260404079015
2ce4b71f78ea2af0,2026-05-27,Colchester 12U,Connecticut Valley Youth Lacrosse,4,12,Colchester 12U,Connecticut Valley Youth Lacrosse,0.5404069660665676,False,1504.6233224024784,1476.4843219349468
40a771476b928ecf,2026-05-27,Westfield 12U Red,Longmeadow 12U Black,14,1,Westfield 12U Red,Westfield 12U Red,0.7031144859437257,True,1639.8459023086575,1490.0710870977873
6430c25698fe98a8,2026-05-27,Connecticut Valley Youth Lacrosse,Somers 12U White,11,5,Somers 12U White,Connecticut Valley Youth Lacrosse,0.510011044512511,False,1500.065384148745,1507.0227001642843
681b1242eeb8db9b,2026-05-27,Suffield 12U White,Connecticut Valley Youth Lacrosse,7,0,Suffield 12U White,Suffield 12U White,0.5962032090470004,True,1587.467873741262,1519.7752953104095
742622ef21dfbac1,2026-05-27,Connecticut Valley Youth Lacrosse,Farmington 12U Black,14,5,Connecticut Valley Youth Lacrosse,Connecticut Valley Youth Lacrosse,0.6052659938327976,True,1503.0990223902934,1428.842329600668
8dd4018085328c94,2026-05-27,Berlin 12U A,Connecticut Valley Youth Lacrosse,5,4,Connecticut Valley Youth Lacrosse,Berlin 12U A,0.5173011981887288,False,1509.1237595304294,1521.1506649513942
99c79d7ed7b6f3b6,2026-05-27,Connecticut Valley Youth Lacrosse,West Hartford 12U White,7,0,Connecticut Valley Youth Lacrosse,Connecticut Valley Youth Lacrosse,0.6353336453010752,True,1510.876488376257,1414.4340247402197
ab594124b8ea069a,2026-05-27,Connecticut Valley Youth Lacrosse,South Windsor 12U,4,12,Connecticut Valley Youth Lacrosse,South Windsor 12U,0.54870704930468,False,1525.937459172099,1491.984663221651
cc89292542bf13cf,2026-05-27,Connecticut Valley Youth Lacrosse,Somers 12U Red,6,1,Connecticut Valley Youth Lacrosse,Connecticut Valley Youth Lacrosse,0.5166565014164601,True,1501.9914842022768,1490.4130772197757
d47250cfca6e7ba8,2026-05-27,Vernon 12U,Connecticut Valley Youth Lacrosse,3,4,Connecticut Valley Youth Lacrosse,Connecticut Valley Youth Lacrosse,0.5092208197047131,True,1512.7847285743344,1519.1927368683002
d728348c8fc7eb03,2026-05-27,Wolcott 12U,Connecticut Valley Youth Lacrosse,14,5,Wolcott 12U,Wolcott 12U,0.5692179423419959,True,1577.349171925348,1528.9407820548993
dfdfd9959373e6f4,2026-05-27,Connecticut Valley Youth Lacrosse,Longmeadow 12U Black,14,1,Connecticut Valley Youth Lacrosse,Connecticut Valley Youth Lacrosse,0.5498114858283772,True,1509.238724506936,1474.510965412325
ec1a58ae0cb9b5f2,2026-05-27,Connecticut Valley Youth Lacrosse,West Hartford 12U Green,3,4,West Hartford 12U Green,West Hartford 12U Green,0.5280789052089774,True,1532.8374407007466,1552.3692121881759
f42e3c50c3686c61,2026-05-27,Connecticut Valley Youth Lacrosse,Bristol 12U,5,4,Connecticut Valley Youth Lacrosse,Connecticut Valley Youth Lacrosse,0.6311068770143392,True,1523.4635182711845,1430.1825768540782
6e90620433302c4e,2026-05-28,Connecticut Valley Youth Lacrosse,Bristol 12U,12,0,Connecticut Valley Youth Lacrosse,Connecticut Valley Youth Lacrosse,0.6505209535226478,True,1530.791077123218,1422.8550180020447
836eb17cd1e3d779,2026-05-28,Longmeadow 12U Black,Connecticut Valley Youth Lacrosse,8,7,Connecticut Valley Youth Lacrosse,Longmeadow 12U Black,0.6369889087006889,False,1450.9122492185145,1548.5970395903498
919687a929ee913c,2026-05-28,Longmeadow 12U Black,Agawam 12U,8,7,Agawam 12U,Longmeadow 12U Black,0.5073575064621161,False,1463.5655583098992,1468.6784464964758
f18ea8676a87072a,2026-05-28,West Hartford 12U Gold,Connecticut Valley Youth Lacrosse,12,0,West Hartford 12U Gold,West Hartford 12U Gold,0.6834198279665169,True,1669.6252761039777,1535.9437304989651
452960cf89b5091a,2026-05-29,Suffield 12U,Connecticut Valley Youth Lacrosse,14,3,Suffield 12U,Suffield 12U,0.663490548060422,True,1637.7482089307953,1519.813219688178
7edd002b3bb04f0c,2026-05-29,Glastonbury 12U Blue,Connecticut Valley Youth Lacrosse,9,2,Connecticut Valley Youth Lacrosse,Glastonbury 12U Blue,0.6367420897909417,False,1405.7026822077578,1503.2020735272881
91466487f4f43c71,2026-05-29,Connecticut Valley Youth Lacrosse,Meriden 12U,2,7,Connecticut Valley Youth Lacrosse,Meriden 12U,0.50072965349552,False,1476.8988402039088,1476.3918246651099
ac7bcdf5c5e2bd7a,2026-05-29,Middletown 12U,Connecticut Valley Youth Lacrosse,2,7,Connecticut Valley Youth Lacrosse,Connecticut Valley Youth Lacrosse,0.5625859466319354,True,1415.357067141444,1459.0755260388437
b95f9560d9276ade,2026-05-29,Connecticut Valley Youth Lacrosse,Simsbury 12U Blue,9,2,Connecticut Valley Youth Lacrosse,Connecticut Valley Youth Lacrosse,0.574264952126159,True,1474.6453761987798,1422.6562131711396
c8f609f8e854878c,2026-05-29,Connecticut Valley Youth Lacrosse,Simsbury 12U A,14,3,Connecticut Valley Youth Lacrosse,Connecticut Valley Youth Lacrosse,0.6752171475332215,True,1492.2328973728052,1365.0927489110195
45aa932251d9a5d6,2026-05-30,Connecticut Valley Youth Lacrosse,Wolcott 12U,1,10,Wolcott 12U,Wolcott 12U,0.6250611669866337,True,1508.266391426797,1597.0512294733112
a7f97b20e0bb94a6,2026-05-30,Southington 12U White,Connecticut Valley Youth Lacrosse,1,10,Connecticut Valley Youth Lacrosse,Connecticut Valley Youth Lacrosse,0.5389148165191694,True,1464.019092471347,1491.114675314994
ae15fd5d3f235489,2026-05-30,Connecticut Valley Youth Lacrosse,Avon 12U,3,2,Avon 12U,Connecticut Valley Youth Lacrosse,0.5360049125997224,False,1512.207500698509,1537.2696557684685
b2b48602fbe00bea,2026-05-30,Granby 12U,Connecticut Valley Youth Lacrosse,3,2,Connecticut Valley Youth Lacrosse,Granby 12U,0.623619853752333,False,1435.1393143636562,1522.8566049223446
2648e4e3ac95f616,2026-05-31,Bristol 12U,Connecticut Valley Youth Lacrosse,6,3,Connecticut Valley Youth Lacrosse,Bristol 12U,0.6472178704108217,False,1405.049055534913,1510.466624568058
9bfd2783bf881df8,2026-05-31,Connecticut Valley Youth Lacrosse,West Hartford 12U White,6,3,Connecticut Valley Youth Lacrosse,Connecticut Valley Youth Lacrosse,0.6310884577699128,True,1492.6402515200018,1399.3730539443777
0b4e68bf5683cf1a,2026-06-01,Connecticut Valley Youth Lacrosse,Simsbury,6,3,Connecticut Valley Youth Lacrosse,Connecticut Valley Youth Lacrosse,0.5040313926415204,True,1502.8013592308687,1500.0
6278ef844168a52e,2026-06-01,Connecticut Valley Youth Lacrosse,Glastonbury 12U Blue,10,1,Connecticut Valley Youth Lacrosse,Connecticut Valley Youth Lacrosse,0.6192037189632585,True,1516.4622586439011,1432.0059155311371
fd1f2cde389d1955,2026-06-01,East Longmeadow 12U White,Connecticut Valley Youth Lacrosse,10,1,Connecticut Valley Youth Lacrosse,East Longmeadow 12U White,0.6264434674159194,False,1444.0734890638653,1533.8837087436025
053e6b33b4d2ec2c,2026-06-02,Connecticut Valley Youth Lacrosse,West Hartford 12U White,7,1,Connecticut Valley Youth Lacrosse,Connecticut Valley Youth Lacrosse,0.6610139622436729,True,1505.2234751186795,1389.2119462335108
0b565f798e5ae5ec,2026-06-02,Connecticut Valley Youth Lacrosse,Granby 12U,4,1,Connecticut Valley Youth Lacrosse,Connecticut Valley Youth Lacrosse,0.6005032826585078,True,1518.3301630171554,1447.5292947179428
58fdc6b13b748052,2026-06-02,Southington 12U White,Connecticut Valley Youth Lacrosse,7,1,Connecticut Valley Youth Lacrosse,Southington 12U White,0.6218494620429432,False,1442.926267087832,1529.334483247684
da55b86bc21ec738,2026-06-02,Bristol 12U,Connecticut Valley Youth Lacrosse,4,1,Connecticut Valley Youth Lacrosse,Bristol 12U,0.6164290316559627,False,1422.875428582969,1505.2903707224614
300a600e5597f458,2026-06-03,Westfield 12U Black,Simsbury 14U Blue,9,5,Westfield 12U Black,Westfield 12U Black,0.511175672905918,True,1507.7669465023062,1500.0
42cc10f7ace2c1e5,2026-06-03,Meriden 12U,Connecticut Valley Youth Lacrosse,9,1,Meriden 12U,Meriden 12U,0.5084972589775874,True,1494.215138830175,1488.3100700018126
50ecc1239acbfaea,2026-06-03,Connecticut Valley Youth Lacrosse,Wethersfield 12U B,2,3,Wethersfield 12U B,Wethersfield 12U B,0.5765104366249799,True,1466.8505792960068,1520.4363640496274
54ce4c1969e7f7ff,2026-06-03,Connecticut Valley Youth Lacrosse,Southington 12U Blue,3,16,Southington 12U Blue,Southington 12U Blue,0.570651071603164,True,1458.4353145817306,1507.8594161248986
5692e221e01aa7e8,2026-06-03,Ellington 12U,Connecticut Valley Youth Lacrosse,5,3,Ellington 12U,Ellington 12U,0.593025869444243,True,1501.3220970787893,1435.919363125117
82ef6448640b3b46,2026-06-03,Connecticut Valley Youth Lacrosse,West Hartford Green,6,3,West Hartford Green,Connecticut Valley Youth Lacrosse,0.6034887296419255,False,1427.0345488873247,1500.0
be5f46e80b98aafd,2026-06-03,Connecticut Valley Youth Lacrosse,Vernon 12U,5,3,Vernon 12U,Connecticut Valley Youth Lacrosse,0.5846279243509562,False,1443.6597799607719,1503.0366833877354
d58cebcc36a968c4,2026-06-03,South Windsor 12U,Connecticut Valley Youth Lacrosse,3,16,South Windsor 12U,Connecticut Valley Youth Lacrosse,0.5848101407981351,False,1515.930638191473,1456.4233752828807
e7162a052c6da1b9,2026-06-03,Connecticut Valley Youth Lacrosse,Northampton 12U,8,0,Connecticut Valley Youth Lacrosse,Connecticut Valley Youth Lacrosse,0.6410260393601211,True,1487.0937202774078,1386.3686303660045
e90cec658ee3ca5f,2026-06-03,Connecticut Valley Youth Lacrosse,Middletown 12U,9,1,Connecticut Valley Youth Lacrosse,Connecticut Valley Youth Lacrosse,0.6440089997786925,True,1502.768384082223,1399.787216981508
f2ce1e11101cba24,2026-06-03,South Hadley 12U,Connecticut Valley Youth Lacrosse,8,0,Connecticut Valley Youth Lacrosse,South Hadley 12U,0.775159350428565,False,1303.3065430658066,1518.313006587444
fe07997ac93e3741,2026-06-03,Avon 12U B,Connecticut Valley Youth Lacrosse,2,3,Avon 12U B,Connecticut Valley Youth Lacrosse,0.6022773345711685,False,1556.5510892782663,1484.464617897591
1d9aa11657f53c92,2026-06-04,Connecticut Valley Youth Lacrosse,Tolland,10,3,Tolland,Connecticut Valley Youth Lacrosse,0.5051315804870335,False,1496.434087452016,1500.0
f249adf23da252ee,2026-06-04,Connecticut Valley Youth Lacrosse,Berlin 12U A,9,4,Berlin 12U A,Connecticut Valley Youth Lacrosse,0.5030054404907165,False,1517.3095170000256,1519.3979361055667
f2a77740f5ad45c8,2026-06-04,Wolcott 12U,Connecticut Valley Youth Lacrosse,9,4,Wolcott 12U,Wolcott 12U,0.6117452072389504,True,1614.2029455851143,1535.221445584862
5e81041ad0a7a00b,2026-06-06,Connecticut Valley Youth Lacrosse,Wolcott 12U,6,3,Wolcott 12U,Connecticut Valley Youth Lacrosse,0.6488140241216216,False,1521.3955827954762,1628.0288083745002
9ebd0076052e0a41,2026-06-06,Ellington 12U,Connecticut Valley Youth Lacrosse,6,3,Connecticut Valley Youth Lacrosse,Ellington 12U,0.5417305240864014,False,1510.2069113165815,1539.2718616336526
