game_id,team,opponent,points_for,points_against,win,game_date,season,division,status,pregame_elo,opponent_pregame_elo,postgame_elo
d05ea47d15eae67c,Burlington 12U,Meriden 12U,9,2,True,2026-04-04,2026,U12 Boys,completed,1500.0,1500.0,1517.6752531042787
d05ea47d15eae67c,Meriden 12U,Burlington 12U,2,9,False,2026-04-04,2026,U12 Boys,completed,1500.0,1500.0,1482.3247468957213
cffc389569159931,Burlington 12U,Farmington 12U Black,13,4,True,2026-04-06,2026,U12 Boys,completed,1517.6752531042787,1500.0,1536.4085007371598
cffc389569159931,Farmington 12U Black,Burlington 12U,4,13,False,2026-04-06,2026,U12 Boys,completed,1500.0,1517.6752531042787,1481.266752367119
3e3ed7e49b8e8a61,Suffield 12U White,Westfield 12U Black,4,2,True,2026-04-09,2026,U12 Boys,completed,1500.0,1500.0,1509.4880152203154
3e3ed7e49b8e8a61,Westfield 12U Black,Suffield 12U White,2,4,False,2026-04-09,2026,U12 Boys,completed,1500.0,1500.0,1490.5119847796846
ad6481562c9661d8,Ellington 12U,West Hartford 12U Gold,2,15,False,2026-04-09,2026,U12 Boys,completed,1500.0,1500.0,1477.05167539465
ad6481562c9661d8,West Hartford 12U Gold,Ellington 12U,15,2,True,2026-04-09,2026,U12 Boys,completed,1500.0,1500.0,1522.94832460535
8a401abd81bd6384,East Longmeadow 12U A,Westfield 12U Red,0,14,False,2026-04-10,2026,U12 Boys,completed,1500.0,1500.0,1476.3045607403556
8a401abd81bd6384,Westfield 12U Red,East Longmeadow 12U A,14,0,True,2026-04-10,2026,U12 Boys,completed,1500.0,1500.0,1523.6954392596444
39cd61ca8b599f04,Minnechaug 12U White,Westfield 12U Black,5,5,False,2026-04-11,2026,U12 Boys,completed,1500.0,1490.5119847796846,1499.7597431356128
39cd61ca8b599f04,Westfield 12U Black,Minnechaug 12U White,5,5,False,2026-04-11,2026,U12 Boys,completed,1490.5119847796846,1500.0,1490.7522416440718
4ddca04c0f49d47c,Minnechaug 12U,South Hadley 12U,20,3,True,2026-04-11,2026,U12 Boys,completed,1500.0,1500.0,1525.5686732429276
4ddca04c0f49d47c,South Hadley 12U,Minnechaug 12U,3,20,False,2026-04-11,2026,U12 Boys,completed,1500.0,1500.0,1474.4313267570724
df4edf5d3e859650,Meriden 12U,Newington 12U,2,4,False,2026-04-11,2026,U12 Boys,completed,1482.3247468957213,1500.0,1473.0556781091998
df4edf5d3e859650,Newington 12U,Meriden 12U,4,2,True,2026-04-11,2026,U12 Boys,completed,1500.0,1482.3247468957213,1509.2690687865215
c1369fec51ccde34,East Longmeadow 12U White,Northampton 12U,10,6,True,2026-04-12,2026,U12 Boys,completed,1500.0,1500.0,1514.3699813610187
c1369fec51ccde34,Northampton 12U,East Longmeadow 12U White,6,10,False,2026-04-12,2026,U12 Boys,completed,1500.0,1500.0,1485.6300186389813
07d8018206c7ea62,Minnechaug 12U,Westfield 12U Red,2,6,False,2026-04-13,2026,U12 Boys,completed,1525.5686732429276,1523.6954392596444,1511.0614328454797
07d8018206c7ea62,Westfield 12U Red,Minnechaug 12U,6,2,True,2026-04-13,2026,U12 Boys,completed,1523.6954392596444,1525.5686732429276,1538.2026796570924
d479799de2f2eb4f,East Longmeadow 12U A,South Hadley 12U,11,6,True,2026-04-14,2026,U12 Boys,completed,1476.3045607403556,1474.4313267570724,1492.3434527396655
d479799de2f2eb4f,South Hadley 12U,East Longmeadow 12U A,6,11,False,2026-04-14,2026,U12 Boys,completed,1474.4313267570724,1476.3045607403556,1458.3924347577624
1b18cad2358eeed9,Granby 12U,Somers 12U White,1,7,False,2026-04-15,2026,U12 Boys,completed,1500.0,1500.0,1482.4240373633713
1b18cad2358eeed9,Somers 12U White,Granby 12U,7,1,True,2026-04-15,2026,U12 Boys,completed,1500.0,1500.0,1517.5759626366287
4a6cbe0bf830460d,Granby 12U,Somers Juniors,1,8,False,2026-04-15,2026,U12 Boys,completed,1482.4240373633713,1500.0,1464.5316078770093
4a6cbe0bf830460d,Somers Juniors,Granby 12U,8,1,True,2026-04-15,2026,U12 Boys,completed,1500.0,1482.4240373633713,1517.892429486362
7664ba11c25d5d22,Agawam 12U,Westfield 12U Red,3,10,False,2026-04-15,2026,U12 Boys,completed,1500.0,1538.2026796570924,1483.1662618621617
7664ba11c25d5d22,Westfield 12U Red,Agawam 12U,10,3,True,2026-04-15,2026,U12 Boys,completed,1538.2026796570924,1500.0,1555.0364177949307
9a562b0edd1b90b3,Northampton 12U,Westfield 12U Black,5,8,False,2026-04-15,2026,U12 Boys,completed,1485.6300186389813,1490.7522416440718,1473.1766094399047
9a562b0edd1b90b3,Westfield 12U Black,Northampton 12U,8,5,True,2026-04-15,2026,U12 Boys,completed,1490.7522416440718,1485.6300186389813,1503.2056508431483
f7e6b3881ea21f53,Newington 12U,Wolcott 12U,4,9,False,2026-04-15,2026,U12 Boys,completed,1509.2690687865215,1500.0,1492.4503293069345
f7e6b3881ea21f53,Wolcott 12U,Newington 12U,9,4,True,2026-04-15,2026,U12 Boys,completed,1500.0,1509.2690687865215,1516.818739479587
492b8ebbbdb273b9,Bristol 12U,Southington 12U Blue,1,14,False,2026-04-16,2026,U12 Boys,completed,1500.0,1500.0,1475.8086411451934
492b8ebbbdb273b9,Southington 12U Blue,Bristol 12U,14,1,True,2026-04-16,2026,U12 Boys,completed,1500.0,1500.0,1524.1913588548066
ffa588bc897c3391,East Longmeadow 12U A,Northampton 12U,10,7,True,2026-04-16,2026,U12 Boys,completed,1492.3434527396655,1473.1766094399047,1504.3803228583863
ffa588bc897c3391,Northampton 12U,East Longmeadow 12U A,7,10,False,2026-04-16,2026,U12 Boys,completed,1473.1766094399047,1492.3434527396655,1461.139739321184
3edbbdb8add73e9f,Agawam 12U,Minnechaug 12U,2,11,False,2026-04-17,2026,U12 Boys,completed,1483.1662618621617,1511.0614328454797,1463.6573574341298
3edbbdb8add73e9f,Minnechaug 12U,Agawam 12U,11,2,True,2026-04-17,2026,U12 Boys,completed,1511.0614328454797,1483.1662618621617,1530.5703372735115
c89d9b40be5b0a5d,Somers 12U Red,Westfield 12U Black,3,4,False,2026-04-17,2026,U12 Boys,completed,1500.0,1503.2056508431483,1490.8543970122512
c89d9b40be5b0a5d,Westfield 12U Black,Somers 12U Red,4,3,True,2026-04-17,2026,U12 Boys,completed,1503.2056508431483,1500.0,1512.3512538308971
d4c08072b854220f,Belchertown 12U,Minnechaug 12U White,3,8,False,2026-04-17,2026,U12 Boys,completed,1500.0,1499.7597431356128,1483.4147638999873
d4c08072b854220f,Minnechaug 12U White,Belchertown 12U,8,3,True,2026-04-17,2026,U12 Boys,completed,1499.7597431356128,1500.0,1516.3449792356255
c40f5ae40ba864be,Meriden 12U,Wolcott 12U,3,6,False,2026-04-18,2026,U12 Boys,completed,1473.0556781091998,1516.818739479587,1461.8170011286331
c40f5ae40ba864be,Wolcott 12U,Meriden 12U,6,3,True,2026-04-18,2026,U12 Boys,completed,1516.818739479587,1473.0556781091998,1528.0574164601537
966a774eec8e8383,Simsbury 12U Blue,Somers 12U Red,4,5,False,2026-04-19,2026,U12 Boys,completed,1500.0,1490.8543970122512,1490.4699127987
966a774eec8e8383,Somers 12U Red,Simsbury 12U Blue,5,4,True,2026-04-19,2026,U12 Boys,completed,1490.8543970122512,1500.0,1500.384484213551
f030d15991323a10,Bristol 12U,Middletown 12U,1,0,True,2026-04-19,2026,U12 Boys,completed,1475.8086411451934,1500.0,1485.7576274134262
f030d15991323a10,Middletown 12U,Bristol 12U,0,1,False,2026-04-19,2026,U12 Boys,completed,1500.0,1475.8086411451934,1490.0510137317672
946e2fa1a5112684,South Windsor 12U,Southington 12U Blue,7,6,True,2026-04-20,2026,U12 Boys,completed,1500.0,1524.1913588548066,1509.9659447675538
946e2fa1a5112684,Southington 12U Blue,South Windsor 12U,6,7,False,2026-04-20,2026,U12 Boys,completed,1524.1913588548066,1500.0,1514.2254140872528
a0f0cf8d6b4e03f0,Somers 12U White,Suffield 12U,0,13,False,2026-04-20,2026,U12 Boys,completed,1517.5759626366287,1500.0,1491.6997871992635
a0f0cf8d6b4e03f0,Suffield 12U,Somers 12U White,13,0,True,2026-04-20,2026,U12 Boys,completed,1500.0,1517.5759626366287,1525.8761754373652
11f1b5cfb0db3078,East Longmeadow 12U White,Suffield 12U White,3,9,False,2026-04-21,2026,U12 Boys,completed,1514.3699813610187,1509.4880152203154,1495.9243726339494
11f1b5cfb0db3078,Suffield 12U White,East Longmeadow 12U White,9,3,True,2026-04-21,2026,U12 Boys,completed,1509.4880152203154,1514.3699813610187,1527.9336239473848
5204869c10f67268,Simsbury 12U Blue,Wethersfield 12U B,4,6,False,2026-04-21,2026,U12 Boys,completed,1490.4699127987,1500.0,1480.4670732532995
5204869c10f67268,Wethersfield 12U B,Simsbury 12U Blue,6,4,True,2026-04-21,2026,U12 Boys,completed,1500.0,1490.4699127987,1510.0028395454005
63f0fbf7d9b56b7b,Somers 12U Red,West Springfield 12U,3,4,False,2026-04-21,2026,U12 Boys,completed,1500.384484213551,1500.0,1490.9991095191306
63f0fbf7d9b56b7b,West Springfield 12U,Somers 12U Red,4,3,True,2026-04-21,2026,U12 Boys,completed,1500.0,1500.384484213551,1509.3853746944205
c86ccfa2614ef767,Somers 12U White,West Springfield 12U,5,3,True,2026-04-21,2026,U12 Boys,completed,1491.6997871992635,1509.3853746944205,1502.5378277886007
c86ccfa2614ef767,West Springfield 12U,Somers 12U White,3,5,False,2026-04-21,2026,U12 Boys,completed,1509.3853746944205,1491.6997871992635,1498.5473341050833
02e00e81d2aab8fb,Farmington 12U Red,West Hartford 12U Green,0,7,False,2026-04-22,2026,U12 Boys,completed,1500.0,1500.0,1480.4532495082096
02e00e81d2aab8fb,West Hartford 12U Green,Farmington 12U Red,7,0,True,2026-04-22,2026,U12 Boys,completed,1500.0,1500.0,1519.5467504917904
1387c33a11e4f19a,Glastonbury 12U Blue,West Hartford 12U White,6,2,True,2026-04-22,2026,U12 Boys,completed,1500.0,1500.0,1515.1476509405563
1387c33a11e4f19a,West Hartford 12U White,Glastonbury 12U Blue,2,6,False,2026-04-22,2026,U12 Boys,completed,1500.0,1500.0,1484.8523490594437
1fb8d605946b98dd,South Windsor 12U,Suffield 12U,1,12,False,2026-04-22,2026,U12 Boys,completed,1509.9659447675538,1525.8761754373652,1487.6220014265416
1fb8d605946b98dd,Suffield 12U,South Windsor 12U,12,1,True,2026-04-22,2026,U12 Boys,completed,1525.8761754373652,1509.9659447675538,1548.2201187783774
53ce0a58eed0cce1,Granby 12U,Newington 12U,7,1,True,2026-04-22,2026,U12 Boys,completed,1464.5316078770093,1492.4503293069345,1484.361240520201
53ce0a58eed0cce1,Newington 12U,Granby 12U,1,7,False,2026-04-22,2026,U12 Boys,completed,1492.4503293069345,1464.5316078770093,1472.6206966637428
5814dd3acdfc68dd,RHAM 12U,Vernon 12U,10,2,True,2026-04-22,2026,U12 Boys,completed,1500.0,1500.0,1520.7515654526198
5814dd3acdfc68dd,Vernon 12U,RHAM 12U,2,10,False,2026-04-22,2026,U12 Boys,completed,1500.0,1500.0,1479.2484345473802
c015fc060c5fdc98,Southington 12U Blue,Wolcott 12U,9,3,True,2026-04-22,2026,U12 Boys,completed,1514.2254140872528,1528.0574164601537,1533.3551669285139
c015fc060c5fdc98,Wolcott 12U,Southington 12U Blue,3,9,False,2026-04-22,2026,U12 Boys,completed,1528.0574164601537,1514.2254140872528,1508.9276636188927
3651cbf6a3ac00f4,Farmington 12U Black,West Hartford 12U Gold,0,16,False,2026-04-23,2026,U12 Boys,completed,1481.266752367119,1522.94832460535,1457.653962168974
3651cbf6a3ac00f4,West Hartford 12U Gold,Farmington 12U Black,16,0,True,2026-04-23,2026,U12 Boys,completed,1522.94832460535,1481.266752367119,1546.561114803495
725324c21d412671,Ellington 12U,Suffield 12U,0,14,False,2026-04-23,2026,U12 Boys,completed,1477.05167539465,1548.2201187783774,1456.5793692455734
725324c21d412671,Suffield 12U,Ellington 12U,14,0,True,2026-04-23,2026,U12 Boys,completed,1548.2201187783774,1477.05167539465,1568.6924249274539
b9f6da52361d9b5e,Simsbury 12U A,Wethersfield 12U A,9,11,False,2026-04-24,2026,U12 Boys,completed,1500.0,1500.0,1489.5821248488369
b9f6da52361d9b5e,Wethersfield 12U A,Simsbury 12U A,11,9,True,2026-04-24,2026,U12 Boys,completed,1500.0,1500.0,1510.4178751511631
bb5e79aa53ad144c,Berlin 12U A,Wolcott 12U,2,4,False,2026-04-24,2026,U12 Boys,completed,1500.0,1508.9276636188927,1489.8403785444182
bb5e79aa53ad144c,Wolcott 12U,Berlin 12U A,4,2,True,2026-04-24,2026,U12 Boys,completed,1508.9276636188927,1500.0,1519.0872850744745
c09881889401d47d,Bristol 12U,Southington 12U White,7,2,True,2026-04-24,2026,U12 Boys,completed,1485.7576274134262,1500.0,1503.4767202846626
c09881889401d47d,Southington 12U White,Bristol 12U,2,7,False,2026-04-24,2026,U12 Boys,completed,1500.0,1485.7576274134262,1482.2809071287636
e5fe74c3450b96be,Colchester 12U,Middletown 12U,4,2,True,2026-04-24,2026,U12 Boys,completed,1500.0,1490.0510137317672,1510.1467823277292
e5fe74c3450b96be,Middletown 12U,Colchester 12U,2,4,False,2026-04-24,2026,U12 Boys,completed,1490.0510137317672,1500.0,1479.904231404038
2c16475e59ca2df5,Avon 12U B,West Hartford 12U White,4,1,True,2026-04-25,2026,U12 Boys,completed,1500.0,1484.8523490594437,1512.6173626885102
2c16475e59ca2df5,West Hartford 12U White,Avon 12U B,1,4,False,2026-04-25,2026,U12 Boys,completed,1484.8523490594437,1500.0,1472.2349863709335
3bf2d41b33a33585,Minnechaug 12U White,Westfield 12U Black,9,2,True,2026-04-25,2026,U12 Boys,completed,1516.3449792356255,1512.3512538308971,1535.921547741265
3bf2d41b33a33585,Westfield 12U Black,Minnechaug 12U White,2,9,False,2026-04-25,2026,U12 Boys,completed,1512.3512538308971,1516.3449792356255,1492.7746853252577
616512d7fe4b14aa,Ellington 12U,Vernon 12U,7,5,True,2026-04-25,2026,U12 Boys,completed,1456.5793692455734,1479.2484345473802,1467.7327588417158
616512d7fe4b14aa,Vernon 12U,Ellington 12U,5,7,False,2026-04-25,2026,U12 Boys,completed,1479.2484345473802,1456.5793692455734,1468.0950449512377
891dd55ea3c8ae28,Avon 12U,Southington 12U Blue,8,3,True,2026-04-25,2026,U12 Boys,completed,1500.0,1533.3551669285139,1518.7263732606293
891dd55ea3c8ae28,Southington 12U Blue,Avon 12U,3,8,False,2026-04-25,2026,U12 Boys,completed,1533.3551669285139,1500.0,1514.6287936678846
8b43b577819bdcab,Granby 12U,Suffield Juniors 1 Blue,0,13,False,2026-04-25,2026,U12 Boys,completed,1484.361240520201,1500.0,1460.303370138005
8b43b577819bdcab,Suffield Juniors 1 Blue,Granby 12U,13,0,True,2026-04-25,2026,U12 Boys,completed,1500.0,1484.361240520201,1524.057870382196
91bb3d8d88b59b33,Newington 12U,West Hartford 12U Gold,1,17,False,2026-04-25,2026,U12 Boys,completed,1472.6206966637428,1546.561114803495,1451.2313562893164
91bb3d8d88b59b33,West Hartford 12U Gold,Newington 12U,17,1,True,2026-04-25,2026,U12 Boys,completed,1546.561114803495,1472.6206966637428,1567.9504551779214
e41c1bef3e9002e6,Simsbury 12U Blue,Suffield 12U White,3,6,False,2026-04-25,2026,U12 Boys,completed,1480.4670732532995,1527.9336239473848,1469.014944645132
e41c1bef3e9002e6,Suffield 12U White,Simsbury 12U Blue,6,3,True,2026-04-25,2026,U12 Boys,completed,1527.9336239473848,1480.4670732532995,1539.3857525555525
072bfa5e327b2480,Simsbury 12U A,Somers 12U White,5,20,False,2026-04-26,2026,U12 Boys,completed,1489.5821248488369,1502.5378277886007,1464.0501861188861
072bfa5e327b2480,Somers 12U White,Simsbury 12U A,20,5,True,2026-04-26,2026,U12 Boys,completed,1502.5378277886007,1489.5821248488369,1528.0697665185514
1e090b21cb3dc379,Avon 12U B,West Hartford 12U Green,4,5,False,2026-04-26,2026,U12 Boys,completed,1512.6173626885102,1519.5467504917904,1503.2368050308937
1e090b21cb3dc379,West Hartford 12U Green,Avon 12U B,5,4,True,2026-04-26,2026,U12 Boys,completed,1519.5467504917904,1512.6173626885102,1528.9273081494068
42f096cf25d21849,Avon 12U,West Hartford 12U Gold,5,8,False,2026-04-26,2026,U12 Boys,completed,1518.7263732606293,1567.9504551779214,1507.3177908829557
42f096cf25d21849,West Hartford 12U Gold,Avon 12U,8,5,True,2026-04-26,2026,U12 Boys,completed,1567.9504551779214,1518.7263732606293,1579.359037555595
54c2dffcc1d63ff4,Farmington 12U Red,Simsbury 12U Blue,8,1,True,2026-04-26,2026,U12 Boys,completed,1480.4532495082096,1469.014944645132,1499.7253971217024
54c2dffcc1d63ff4,Simsbury 12U Blue,Farmington 12U Red,1,8,False,2026-04-26,2026,U12 Boys,completed,1469.014944645132,1480.4532495082096,1449.7427970316392
771b4767d7a54ca4,RHAM 12U,Tolland 12U,11,1,True,2026-04-26,2026,U12 Boys,completed,1520.7515654526198,1500.0,1542.3733602489494
771b4767d7a54ca4,Tolland 12U,RHAM 12U,1,11,False,2026-04-26,2026,U12 Boys,completed,1500.0,1520.7515654526198,1478.3782052036704
79234c725f75b9a8,Glastonbury 12U White,Wethersfield 12U A,8,9,False,2026-04-26,2026,U12 Boys,completed,1500.0,1510.4178751511631,1490.6930136609458
79234c725f75b9a8,Wethersfield 12U A,Glastonbury 12U White,9,8,True,2026-04-26,2026,U12 Boys,completed,1510.4178751511631,1500.0,1519.7248614902173
95fea15e499542c7,Minnechaug 12U,Suffield 12U,6,7,False,2026-04-26,2026,U12 Boys,completed,1530.5703372735115,1568.6924249274539,1522.0194824991247
95fea15e499542c7,Suffield 12U,Minnechaug 12U,7,6,True,2026-04-26,2026,U12 Boys,completed,1568.6924249274539,1530.5703372735115,1577.2432797018407
b3740402c9666a1a,Minnechaug 12U White,Suffield 12U White,4,2,True,2026-04-26,2026,U12 Boys,completed,1535.921547741265,1539.3857525555525,1546.579220685527
b3740402c9666a1a,Suffield 12U White,Minnechaug 12U White,2,4,False,2026-04-26,2026,U12 Boys,completed,1539.3857525555525,1535.921547741265,1528.7280796112905
c815a379a792b9e3,Glastonbury 12U Blue,Wethersfield 12U B,1,6,False,2026-04-26,2026,U12 Boys,completed,1515.1476509405563,1510.0028395454005,1497.6731772666685
c815a379a792b9e3,Wethersfield 12U B,Glastonbury 12U Blue,6,1,True,2026-04-26,2026,U12 Boys,completed,1510.0028395454005,1515.1476509405563,1527.4773132192884
2589d952bb384ca7,Longmeadow 12U Black,Minnechaug 12U,2,11,False,2026-04-27,2026,U12 Boys,completed,1500.0,1522.0194824991247,1479.261068754772
2589d952bb384ca7,Minnechaug 12U,Longmeadow 12U Black,11,2,True,2026-04-27,2026,U12 Boys,completed,1522.0194824991247,1500.0,1542.7584137443528
6492fbf7bb2df32d,East Longmeadow 12U White,Westfield 12U Black,8,8,False,2026-04-27,2026,U12 Boys,completed,1495.9243726339494,1492.7746853252577,1495.837162340846
6492fbf7bb2df32d,Westfield 12U Black,East Longmeadow 12U White,8,8,False,2026-04-27,2026,U12 Boys,completed,1492.7746853252577,1495.9243726339494,1492.8618956183611
69988470e0ef2a00,Farmington 12U Black,Simsbury 12U A,13,9,True,2026-04-27,2026,U12 Boys,completed,1457.653962168974,1464.0501861188861,1473.4299533188612
69988470e0ef2a00,Simsbury 12U A,Farmington 12U Black,9,13,False,2026-04-27,2026,U12 Boys,completed,1464.0501861188861,1457.653962168974,1448.274194968999
8f9432596e3c38a9,Bristol 12U,Newington 12U,1,0,True,2026-04-27,2026,U12 Boys,completed,1503.4767202846626,1451.2313562893164,1511.6691184206265
8f9432596e3c38a9,Newington 12U,Bristol 12U,0,1,False,2026-04-27,2026,U12 Boys,completed,1451.2313562893164,1503.4767202846626,1443.0389581533525
e260cfafeb9a0887,Southington 12U White,West Hartford 12U White,7,1,True,2026-04-27,2026,U12 Boys,completed,1482.2809071287636,1472.2349863709335,1500.4861761543305
e260cfafeb9a0887,West Hartford 12U White,Southington 12U White,1,7,False,2026-04-27,2026,U12 Boys,completed,1472.2349863709335,1482.2809071287636,1454.0297173453666
2b33716b4f521aa2,Agawam 12U,East Longmeadow 12U A,13,9,True,2026-04-28,2026,U12 Boys,completed,1463.6573574341298,1504.3803228583863,1480.9799711085243
2b33716b4f521aa2,East Longmeadow 12U A,Agawam 12U,9,13,False,2026-04-28,2026,U12 Boys,completed,1504.3803228583863,1463.6573574341298,1487.0577091839918
3be49081041bd4ba,Berlin 12U A,Southington 12U Blue,4,11,False,2026-04-28,2026,U12 Boys,completed,1489.8403785444182,1514.6287936678846,1471.2168269058188
3be49081041bd4ba,Southington 12U Blue,Berlin 12U A,11,4,True,2026-04-28,2026,U12 Boys,completed,1514.6287936678846,1489.8403785444182,1533.252345306484
4b79b06df5378d3b,Belchertown 12U,South Hadley 12U,8,7,True,2026-04-28,2026,U12 Boys,completed,1483.4147638999873,1458.3924347577624,1492.3682398041783
4b79b06df5378d3b,South Hadley 12U,Belchertown 12U,7,8,False,2026-04-28,2026,U12 Boys,completed,1458.3924347577624,1483.4147638999873,1449.4389588535714
4d7dc39c0a1c1123,Colchester 12U,Glastonbury 12U Blue,8,1,True,2026-04-28,2026,U12 Boys,completed,1510.1467823277292,1497.6731772666685,1529.4956038757516
4d7dc39c0a1c1123,Glastonbury 12U Blue,Colchester 12U,1,8,False,2026-04-28,2026,U12 Boys,completed,1497.6731772666685,1510.1467823277292,1478.324355718646
6dbce7b1c0f48074,Burlington 12U,Wolcott 12U,8,7,True,2026-04-28,2026,U12 Boys,completed,1536.4085007371598,1519.0872850744745,1545.5827180840854
6dbce7b1c0f48074,Wolcott 12U,Burlington 12U,7,8,False,2026-04-28,2026,U12 Boys,completed,1519.0872850744745,1536.4085007371598,1509.9130677275489
dc66565cc0513128,RHAM 12U,Wethersfield 12U B,13,4,True,2026-04-28,2026,U12 Boys,completed,1542.3733602489494,1527.4773132192884,1563.6612614031264
dc66565cc0513128,Wethersfield 12U B,RHAM 12U,4,13,False,2026-04-28,2026,U12 Boys,completed,1527.4773132192884,1542.3733602489494,1506.1894120651114
e520d55cebe7b092,Northampton 12U,West Springfield 12U,0,7,False,2026-04-28,2026,U12 Boys,completed,1461.139739321184,1498.5473341050833,1443.2013571818222
e520d55cebe7b092,West Springfield 12U,Northampton 12U,7,0,True,2026-04-28,2026,U12 Boys,completed,1498.5473341050833,1461.139739321184,1516.485716244445
19ced5952cdbcd5a,Southington 12U Blue,West Hartford 12U Gold,0,12,False,2026-04-29,2026,U12 Boys,completed,1533.252345306484,1579.359037555595,1511.7290281264802
19ced5952cdbcd5a,West Hartford 12U Gold,Southington 12U Blue,12,0,True,2026-04-29,2026,U12 Boys,completed,1579.359037555595,1533.252345306484,1600.8823547355987
502a2651ccd24c37,Granby 12U,South Windsor 12U,3,9,False,2026-04-29,2026,U12 Boys,completed,1460.303370138005,1487.6220014265416,1442.9623506519115
502a2651ccd24c37,South Windsor 12U,Granby 12U,9,3,True,2026-04-29,2026,U12 Boys,completed,1487.6220014265416,1460.303370138005,1504.963020912635
87d62cb0eb1cec38,Suffield 12U,Westfield 12U Red,5,9,False,2026-04-29,2026,U12 Boys,completed,1577.2432797018407,1555.0364177949307,1560.6799185217637
87d62cb0eb1cec38,Westfield 12U Red,Suffield 12U,9,5,True,2026-04-29,2026,U12 Boys,completed,1555.0364177949307,1577.2432797018407,1571.5997789750077
ab81ff7374e75252,Simsbury 12U Blue,West Hartford 12U White,10,6,True,2026-04-29,2026,U12 Boys,completed,1449.7427970316392,1454.0297173453666,1465.5101714286775
ab81ff7374e75252,West Hartford 12U White,Simsbury 12U Blue,6,10,False,2026-04-29,2026,U12 Boys,completed,1454.0297173453666,1449.7427970316392,1438.2623429483283
b8cfe4cdda448e90,Longmeadow 12U White,Somers 12U Red,3,5,False,2026-04-29,2026,U12 Boys,completed,1500.0,1490.9991095191306,1489.0890295045492
b8cfe4cdda448e90,Somers 12U Red,Longmeadow 12U White,5,3,True,2026-04-29,2026,U12 Boys,completed,1490.9991095191306,1500.0,1501.9100800145814
c5a1d57eb4e33346,Belchertown 12U,Northampton 12U,4,3,True,2026-04-29,2026,U12 Boys,completed,1492.3682398041783,1443.2013571818222,1500.6910777775136
c5a1d57eb4e33346,Northampton 12U,Belchertown 12U,3,4,False,2026-04-29,2026,U12 Boys,completed,1443.2013571818222,1492.3682398041783,1434.878519208487
cbc0a9e2e481ce52,Newington 12U,Vernon 12U,4,8,False,2026-04-29,2026,U12 Boys,completed,1443.0389581533525,1468.0950449512377,1428.569993603006
cbc0a9e2e481ce52,Vernon 12U,Newington 12U,8,4,True,2026-04-29,2026,U12 Boys,completed,1468.0950449512377,1443.0389581533525,1482.5640095015842
247f02c6f787cac0,Agawam 12U,Westfield 12U Black,8,6,True,2026-04-30,2026,U12 Boys,completed,1480.9799711085243,1492.8618956183611,1491.9902687357635
247f02c6f787cac0,Westfield 12U Black,Agawam 12U,6,8,False,2026-04-30,2026,U12 Boys,completed,1492.8618956183611,1480.9799711085243,1481.851597991122
4c35cd9df207f850,Bristol 12U,Wolcott 12U,7,11,False,2026-04-30,2026,U12 Boys,completed,1511.6691184206265,1509.9130677275489,1495.9885690858416
4c35cd9df207f850,Wolcott 12U,Bristol 12U,11,7,True,2026-04-30,2026,U12 Boys,completed,1509.9130677275489,1511.6691184206265,1525.5936170623338
5930e72177aa6fe6,Glastonbury 12U Blue,West Hartford 12U Green,1,5,False,2026-04-30,2026,U12 Boys,completed,1478.324355718646,1528.9273081494068,1464.9748122332524
5930e72177aa6fe6,West Hartford 12U Green,Glastonbury 12U Blue,5,1,True,2026-04-30,2026,U12 Boys,completed,1528.9273081494068,1478.324355718646,1542.2768516348006
69b9c4bbc5fd0a96,Glastonbury 12U White,West Hartford 12U Gold,7,8,False,2026-04-30,2026,U12 Boys,completed,1490.6930136609458,1600.8823547355987,1483.9702157054896
69b9c4bbc5fd0a96,West Hartford 12U Gold,Glastonbury 12U White,8,7,True,2026-04-30,2026,U12 Boys,completed,1600.8823547355987,1490.6930136609458,1607.6051526910549
df05d6c6dca12cd6,East Longmeadow 12U A,West Springfield 12U,3,9,False,2026-04-30,2026,U12 Boys,completed,1487.0577091839918,1516.485716244445,1469.7720287804107
df05d6c6dca12cd6,West Springfield 12U,East Longmeadow 12U A,9,3,True,2026-04-30,2026,U12 Boys,completed,1516.485716244445,1487.0577091839918,1533.7713966480262
f2e6bb9a1fe3f41a,Ellington 12U,Somers 12U White,1,7,False,2026-04-30,2026,U12 Boys,completed,1467.7327588417158,1528.0697665185514,1452.0933537530545
f2e6bb9a1fe3f41a,Somers 12U White,Ellington 12U,7,1,True,2026-04-30,2026,U12 Boys,completed,1528.0697665185514,1467.7327588417158,1543.7091716072127
485a34f801dee5c7,Berlin 12U A,Bristol 12U,6,2,True,2026-05-01,2026,U12 Boys,completed,1471.2168269058188,1495.9885690858416,1487.954641091384
485a34f801dee5c7,Bristol 12U,Berlin 12U A,2,6,False,2026-05-01,2026,U12 Boys,completed,1495.9885690858416,1471.2168269058188,1479.2507549002764
8b72e2246a5ce728,Middletown 12U,Wolcott 12U,4,11,False,2026-05-01,2026,U12 Boys,completed,1479.904231404038,1525.5936170623338,1462.3501315838416
8b72e2246a5ce728,Wolcott 12U,Middletown 12U,11,4,True,2026-05-01,2026,U12 Boys,completed,1525.5936170623338,1479.904231404038,1543.1477168825302
9607ceec5c868a57,Somers 12U White,South Hadley 12U,14,2,True,2026-05-01,2026,U12 Boys,completed,1543.7091716072127,1449.4389588535714,1562.026314935577
9607ceec5c868a57,South Hadley 12U,Somers 12U White,2,14,False,2026-05-01,2026,U12 Boys,completed,1449.4389588535714,1543.7091716072127,1431.1218155252072
97c34c6bbcbb0a44,East Longmeadow 12U A,Minnechaug 12U,4,16,False,2026-05-01,2026,U12 Boys,completed,1469.7720287804107,1542.7584137443528,1450.0085176837808
97c34c6bbcbb0a44,Minnechaug 12U,East Longmeadow 12U A,16,4,True,2026-05-01,2026,U12 Boys,completed,1542.7584137443528,1469.7720287804107,1562.5219248409826
2085dacc82877b69,Simsbury 12U Blue,Westfield 12U Black,4,13,False,2026-05-02,2026,U12 Boys,completed,1465.5101714286775,1481.851597991122,1444.1817721033938
2085dacc82877b69,Westfield 12U Black,Simsbury 12U Blue,13,4,True,2026-05-02,2026,U12 Boys,completed,1481.851597991122,1465.5101714286775,1503.1799973164057
302eb1dcb8003867,RHAM 12U,Vernon 12U,8,6,True,2026-05-02,2026,U12 Boys,completed,1563.6612614031264,1482.5640095015842,1571.8934141710747
302eb1dcb8003867,Vernon 12U,RHAM 12U,6,8,False,2026-05-02,2026,U12 Boys,completed,1482.5640095015842,1563.6612614031264,1474.331856733636
355a5457f34c1c2c,Burlington 12U,Middletown 12U,10,4,True,2026-05-02,2026,U12 Boys,completed,1545.5827180840854,1462.3501315838416,1560.0576553033472
355a5457f34c1c2c,Middletown 12U,Burlington 12U,4,10,False,2026-05-02,2026,U12 Boys,completed,1462.3501315838416,1545.5827180840854,1447.8751943645798
75792c0d182b5f74,Newington 12U,West Hartford 12U White,4,2,True,2026-05-02,2026,U12 Boys,completed,1428.569993603006,1438.2623429483283,1439.554537091383
75792c0d182b5f74,West Hartford 12U White,Newington 12U,2,4,False,2026-05-02,2026,U12 Boys,completed,1438.2623429483283,1428.569993603006,1427.2777994599512
b0e9706b9dc83d58,Granby 12U,Simsbury 12U A,4,9,False,2026-05-02,2026,U12 Boys,completed,1442.9623506519115,1448.274194968999,1425.7955278402922
b0e9706b9dc83d58,Simsbury 12U A,Granby 12U,9,4,True,2026-05-02,2026,U12 Boys,completed,1448.274194968999,1442.9623506519115,1465.4410177806183
d9cc3c6eac670ce6,South Windsor 12U,Tolland 12U,16,4,True,2026-05-02,2026,U12 Boys,completed,1504.963020912635,1478.3782052036704,1528.0191351868584
d9cc3c6eac670ce6,Tolland 12U,South Windsor 12U,4,16,False,2026-05-02,2026,U12 Boys,completed,1478.3782052036704,1504.963020912635,1455.322090929447
dff8b2aa3b2aa89e,Avon 12U B,Farmington 12U Red,6,5,True,2026-05-02,2026,U12 Boys,completed,1503.2368050308937,1499.7253971217024,1512.8729383909408
dff8b2aa3b2aa89e,Farmington 12U Red,Avon 12U B,5,6,False,2026-05-02,2026,U12 Boys,completed,1499.7253971217024,1503.2368050308937,1490.0892637616553
fd6ce41f0a0d9173,Somers 12U White,Westfield 12U Red,0,10,False,2026-05-02,2026,U12 Boys,completed,1562.026314935577,1571.5997789750077,1539.3215683533583
fd6ce41f0a0d9173,Westfield 12U Red,Somers 12U White,10,0,True,2026-05-02,2026,U12 Boys,completed,1571.5997789750077,1562.026314935577,1594.3045255572263
19fa9b98436540af,Simsbury 12U Blue,West Hartford 12U Green,0,5,False,2026-05-03,2026,U12 Boys,completed,1444.1817721033938,1542.2768516348006,1431.531608953055
19fa9b98436540af,West Hartford 12U Green,Simsbury 12U Blue,5,0,True,2026-05-03,2026,U12 Boys,completed,1542.2768516348006,1444.1817721033938,1554.9270147851394
1f5790410d92377e,East Longmeadow 12U White,Minnechaug 12U White,1,7,False,2026-05-03,2026,U12 Boys,completed,1495.837162340846,1546.579220685527,1479.630248567538
1f5790410d92377e,Minnechaug 12U White,East Longmeadow 12U White,7,1,True,2026-05-03,2026,U12 Boys,completed,1546.579220685527,1495.837162340846,1562.7861344588348
388b6189878496a4,Colchester 12U,RHAM 12U,0,6,False,2026-05-03,2026,U12 Boys,completed,1529.4956038757516,1571.8934141710747,1512.837757327136
388b6189878496a4,RHAM 12U,Colchester 12U,6,0,True,2026-05-03,2026,U12 Boys,completed,1571.8934141710747,1529.4956038757516,1588.5512607196904
4da350718624b6ed,Simsbury 12U A,West Hartford 12U Gold,3,12,False,2026-05-03,2026,U12 Boys,completed,1465.4410177806183,1607.6051526910549,1451.7024658504042
4da350718624b6ed,West Hartford 12U Gold,Simsbury 12U A,12,3,True,2026-05-03,2026,U12 Boys,completed,1607.6051526910549,1465.4410177806183,1621.343704621269
63a55d34ac9f6cb2,Berlin 12U A,Middletown 12U,3,4,False,2026-05-03,2026,U12 Boys,completed,1487.954641091384,1447.8751943645798,1477.0872062084097
63a55d34ac9f6cb2,Middletown 12U,Berlin 12U A,4,3,True,2026-05-03,2026,U12 Boys,completed,1447.8751943645798,1487.954641091384,1458.742629247554
887c2c4fe584fc29,Farmington 12U Red,Wethersfield 12U B,7,5,True,2026-05-03,2026,U12 Boys,completed,1490.0892637616553,1506.1894120651114,1501.296747577058
887c2c4fe584fc29,Wethersfield 12U B,Farmington 12U Red,5,7,False,2026-05-03,2026,U12 Boys,completed,1506.1894120651114,1490.0892637616553,1494.9819282497085
fbbd696c97a71b1b,Farmington 12U Black,Wethersfield 12U A,3,10,False,2026-05-03,2026,U12 Boys,completed,1473.4299533188612,1519.7248614902173,1455.8373282027783
fbbd696c97a71b1b,Wethersfield 12U A,Farmington 12U Black,10,3,True,2026-05-03,2026,U12 Boys,completed,1519.7248614902173,1473.4299533188612,1537.3174866063002
0ad70d3d180f9737,Bristol 12U,Wolcott 12U,2,7,False,2026-05-04,2026,U12 Boys,completed,1479.2507549002764,1543.1477168825302,1464.9522014411982
0ad70d3d180f9737,Wolcott 12U,Bristol 12U,7,2,True,2026-05-04,2026,U12 Boys,completed,1543.1477168825302,1479.2507549002764,1557.4462703416084
8a8779819c7d74d1,Minnechaug 12U,Westfield 12U Red,6,3,True,2026-05-04,2026,U12 Boys,completed,1562.5219248409826,1594.3045255572263,1577.2805277138089
8a8779819c7d74d1,Westfield 12U Red,Minnechaug 12U,3,6,False,2026-05-04,2026,U12 Boys,completed,1594.3045255572263,1562.5219248409826,1579.5459226844
e52bb8d442e74ffa,Belchertown 12U,West Springfield 12U,1,9,False,2026-05-04,2026,U12 Boys,completed,1500.6910777775136,1533.7713966480262,1481.2856974881117
e52bb8d442e74ffa,West Springfield 12U,Belchertown 12U,9,1,True,2026-05-04,2026,U12 Boys,completed,1533.7713966480262,1500.6910777775136,1553.176776937428
aa871ccbefa577c5,Colchester 12U,West Hartford 12U Green,5,8,False,2026-05-05,2026,U12 Boys,completed,1512.837757327136,1554.9270147851394,1500.9386408733696
aa871ccbefa577c5,West Hartford 12U Green,Colchester 12U,8,5,True,2026-05-05,2026,U12 Boys,completed,1554.9270147851394,1512.837757327136,1566.8261312389056
b2db52ab321da508,Belchertown 12U,Northampton 12U,7,6,True,2026-05-05,2026,U12 Boys,completed,1481.2856974881117,1434.878519208487,1489.751398228716
b2db52ab321da508,Northampton 12U,Belchertown 12U,6,7,False,2026-05-05,2026,U12 Boys,completed,1434.878519208487,1481.2856974881117,1426.4128184678827
c8f7e9bb590e3579,East Longmeadow 12U A,Longmeadow 12U Black,6,4,True,2026-05-05,2026,U12 Boys,completed,1450.0085176837808,1479.261068754772,1461.6361311351513
c8f7e9bb590e3579,Longmeadow 12U Black,East Longmeadow 12U A,4,6,False,2026-05-05,2026,U12 Boys,completed,1479.261068754772,1450.0085176837808,1467.6334553034014
e0e6c1d3295270be,West Hartford 12U White,Wethersfield 12U B,4,7,False,2026-05-05,2026,U12 Boys,completed,1427.2777994599512,1494.9819282497085,1416.3450060195978
e0e6c1d3295270be,Wethersfield 12U B,West Hartford 12U White,7,4,True,2026-05-05,2026,U12 Boys,completed,1494.9819282497085,1427.2777994599512,1505.914721690062
e4d831c631270100,Agawam 12U,South Hadley 12U,17,6,True,2026-05-05,2026,U12 Boys,completed,1491.9902687357635,1431.1218155252072,1512.0522728833837
e4d831c631270100,South Hadley 12U,Agawam 12U,6,17,False,2026-05-05,2026,U12 Boys,completed,1431.1218155252072,1491.9902687357635,1411.059811377587
1048a8626adef5ff,Somers 12U White,South Windsor 12U,14,4,True,2026-05-06,2026,U12 Boys,completed,1539.3215683533583,1528.0191351868584,1561.9853709844142
1048a8626adef5ff,South Windsor 12U,Somers 12U White,4,14,False,2026-05-06,2026,U12 Boys,completed,1528.0191351868584,1539.3215683533583,1505.3553325558025
490b6386fc0bec82,Granby 12U,West Springfield 12U,3,5,False,2026-05-06,2026,U12 Boys,completed,1425.7955278402922,1553.176776937428,1418.8292765890637
490b6386fc0bec82,West Springfield 12U,Granby 12U,5,3,True,2026-05-06,2026,U12 Boys,completed,1553.176776937428,1425.7955278402922,1560.1430281886564
cf07d773e14b264a,Simsbury 12U Blue,Southington 12U White,5,6,False,2026-05-06,2026,U12 Boys,completed,1431.531608953055,1500.4861761543305,1423.6733764182075
cf07d773e14b264a,Southington 12U White,Simsbury 12U Blue,6,5,True,2026-05-06,2026,U12 Boys,completed,1500.4861761543305,1431.531608953055,1508.344408689178
0233589df3007f39,Bristol 12U,Burlington 12U,3,5,False,2026-05-07,2026,U12 Boys,completed,1464.9522014411982,1560.0576553033472,1457.082060836124
0233589df3007f39,Burlington 12U,Bristol 12U,5,3,True,2026-05-07,2026,U12 Boys,completed,1560.0576553033472,1464.9522014411982,1567.9277959084216
122a20e601ca951b,Agawam 12U,Longmeadow 12U Black,1,11,False,2026-05-07,2026,U12 Boys,completed,1512.0522728833837,1467.6334553034014,1485.629366733248
122a20e601ca951b,Longmeadow 12U Black,Agawam 12U,11,1,True,2026-05-07,2026,U12 Boys,completed,1467.6334553034014,1512.0522728833837,1494.0563614535372
d96b7202084f33d1,Somers 12U Red,Suffield B,5,6,False,2026-05-07,2026,U12 Boys,completed,1501.9100800145814,1500.0,1492.0785479567533
d96b7202084f33d1,Suffield B,Somers 12U Red,6,5,True,2026-05-07,2026,U12 Boys,completed,1500.0,1501.9100800145814,1509.831532057828
fc4520e84414c277,Somers 12U Red,Suffield 12U White,5,6,False,2026-05-07,2026,U12 Boys,completed,1492.0785479567533,1528.7280796112905,1483.3269162735598
fc4520e84414c277,Suffield 12U White,Somers 12U Red,6,5,True,2026-05-07,2026,U12 Boys,completed,1528.7280796112905,1492.0785479567533,1537.4797112944839
42596b71e414a689,Farmington 12U Red,Southington 12U White,7,1,True,2026-05-08,2026,U12 Boys,completed,1501.296747577058,1508.344408689178,1520.7157647881654
42596b71e414a689,Southington 12U White,Farmington 12U Red,1,7,False,2026-05-08,2026,U12 Boys,completed,1508.344408689178,1501.296747577058,1488.9253914780707
66b11ff9f3979316,Belchertown 12U,Minnechaug 12U White,8,4,True,2026-05-08,2026,U12 Boys,completed,1489.751398228716,1562.7861344588348,1508.7576615429616
66b11ff9f3979316,Minnechaug 12U White,Belchertown 12U,4,8,False,2026-05-08,2026,U12 Boys,completed,1562.7861344588348,1489.751398228716,1543.7798711445892
e18fd02ae77e13cb,Farmington 12U Black,Southington 12U Blue,9,10,False,2026-05-08,2026,U12 Boys,completed,1455.8373282027783,1511.7290281264802,1447.613689524918
e18fd02ae77e13cb,Southington 12U Blue,Farmington 12U Black,10,9,True,2026-05-08,2026,U12 Boys,completed,1511.7290281264802,1455.8373282027783,1519.9526668043404
fa3465388573d634,Minnechaug 12U,South Hadley 12U,20,0,True,2026-05-08,2026,U12 Boys,completed,1577.2805277138089,1411.059811377587,1593.8161812409749
fa3465388573d634,South Hadley 12U,Minnechaug 12U,0,20,False,2026-05-08,2026,U12 Boys,completed,1411.059811377587,1577.2805277138089,1394.524157850421
4a382d3304b60238,Granby 12U,Tolland 12U,12,2,True,2026-05-09,2026,U12 Boys,completed,1418.8292765890637,1455.322090929447,1444.754049529882
4a382d3304b60238,Tolland 12U,Granby 12U,2,12,False,2026-05-09,2026,U12 Boys,completed,1455.322090929447,1418.8292765890637,1429.3973179886289
6b250c9e87ed2153,RHAM 12U,South Windsor 12U,9,8,True,2026-05-09,2026,U12 Boys,completed,1588.5512607196904,1505.3553325558025,1596.0398081867443
6b250c9e87ed2153,South Windsor 12U,RHAM 12U,8,9,False,2026-05-09,2026,U12 Boys,completed,1505.3553325558025,1588.5512607196904,1497.8667850887487
6ea0f27283433899,Bristol 12U,Meriden 12U,3,8,False,2026-05-09,2026,U12 Boys,completed,1457.082060836124,1461.8170011286331,1439.7794076918751
6ea0f27283433899,Meriden 12U,Bristol 12U,8,3,True,2026-05-09,2026,U12 Boys,completed,1461.8170011286331,1457.082060836124,1479.119654272882
7a3375828320c9eb,Belchertown 12U,Berkshire,5,9,False,2026-05-09,2026,U12 Boys,completed,1508.7576615429616,1500.0,1492.6014336534586
7a3375828320c9eb,Berkshire,Belchertown 12U,9,5,True,2026-05-09,2026,U12 Boys,completed,1500.0,1508.7576615429616,1516.156227889503
f1bce42044c64e75,Burlington 12U,Wolcott 12U,2,12,False,2026-05-09,2026,U12 Boys,completed,1567.9277959084216,1557.4462703416084,1543.736738073169
f1bce42044c64e75,Wolcott 12U,Burlington 12U,12,2,True,2026-05-09,2026,U12 Boys,completed,1557.4462703416084,1567.9277959084216,1581.637328176861
f4251bbac3d2907f,Middletown 12U,Newington 12U,3,5,False,2026-05-09,2026,U12 Boys,completed,1458.742629247554,1439.554537091383,1447.3885802602683
f4251bbac3d2907f,Newington 12U,Middletown 12U,5,3,True,2026-05-09,2026,U12 Boys,completed,1439.554537091383,1458.742629247554,1450.9085860786688
082d3835323f91b7,Middletown 12U,Vernon 12U,1,5,False,2026-05-10,2026,U12 Boys,completed,1447.3885802602683,1474.331856733636,1432.8428440852244
082d3835323f91b7,Vernon 12U,Middletown 12U,5,1,True,2026-05-10,2026,U12 Boys,completed,1474.331856733636,1447.3885802602683,1488.8775929086798
c2feb0da40937837,Avon 12U B,Simsbury 12U Blue,5,3,True,2026-05-10,2026,U12 Boys,completed,1512.8729383909408,1423.6733764182075,1520.9321544490952
c2feb0da40937837,Simsbury 12U Blue,Avon 12U B,3,5,False,2026-05-10,2026,U12 Boys,completed,1423.6733764182075,1512.8729383909408,1415.6141603600531
f5de61c3d069709c,Avon 12U,Simsbury 12U A,11,0,True,2026-05-10,2026,U12 Boys,completed,1507.3177908829557,1451.7024658504042,1527.801896833198
f5de61c3d069709c,Simsbury 12U A,Avon 12U,0,11,False,2026-05-10,2026,U12 Boys,completed,1451.7024658504042,1507.3177908829557,1431.2183599001619
22bbf2afe92d9de3,Berlin 12U A,Meriden 12U,1,6,False,2026-05-11,2026,U12 Boys,completed,1477.0872062084097,1479.119654272882,1459.6306812760722
22bbf2afe92d9de3,Meriden 12U,Berlin 12U A,6,1,True,2026-05-11,2026,U12 Boys,completed,1479.119654272882,1477.0872062084097,1496.5761792052194
32d636735b457d2b,Farmington 12U Black,Glastonbury 12U White,4,10,False,2026-05-11,2026,U12 Boys,completed,1447.613689524918,1483.9702157054896,1430.529733419921
32d636735b457d2b,Glastonbury 12U White,Farmington 12U Black,10,4,True,2026-05-11,2026,U12 Boys,completed,1483.9702157054896,1447.613689524918,1501.0541718104867
b4d80cff366a8d44,South Windsor 12U,Vernon 12U,12,9,True,2026-05-11,2026,U12 Boys,completed,1497.8667850887487,1488.8775929086798,1511.1045999355122
b4d80cff366a8d44,Vernon 12U,South Windsor 12U,9,12,False,2026-05-11,2026,U12 Boys,completed,1488.8775929086798,1497.8667850887487,1475.6397780619163
ceb132d6d7f70515,East Longmeadow 12U White,Minnechaug 12U White,4,6,False,2026-05-11,2026,U12 Boys,completed,1479.630248567538,1543.7798711445892,1470.825921431577
ceb132d6d7f70515,Minnechaug 12U White,East Longmeadow 12U White,6,4,True,2026-05-11,2026,U12 Boys,completed,1543.7798711445892,1479.630248567538,1552.5841982805503
d381cbfe385c039f,East Longmeadow 12U A,Minnechaug 12U,0,14,False,2026-05-11,2026,U12 Boys,completed,1461.6361311351513,1593.8161812409749,1444.724382701872
d381cbfe385c039f,Minnechaug 12U,East Longmeadow 12U A,14,0,True,2026-05-11,2026,U12 Boys,completed,1593.8161812409749,1461.6361311351513,1610.7279296742543
fbae43a7461850be,Tolland 12U,West Hartford 12U Green,0,8,False,2026-05-11,2026,U12 Boys,completed,1429.3973179886289,1566.8261312389056,1415.9549478692595
fbae43a7461850be,West Hartford 12U Green,Tolland 12U,8,0,True,2026-05-11,2026,U12 Boys,completed,1566.8261312389056,1429.3973179886289,1580.268501358275
0893268810469108,Glastonbury 12U White,Suffield 12U,5,10,False,2026-05-12,2026,U12 Boys,completed,1501.0541718104867,1560.6799185217637,1486.467707854859
0893268810469108,Suffield 12U,Glastonbury 12U White,10,5,True,2026-05-12,2026,U12 Boys,completed,1560.6799185217637,1501.0541718104867,1575.2663824773913
1a985386ba4c6b69,Agawam 12U,Somers 12U White,3,13,False,2026-05-12,2026,U12 Boys,completed,1485.629366733248,1561.9853709844142,1467.1961281921042
1a985386ba4c6b69,Somers 12U White,Agawam 12U,13,3,True,2026-05-12,2026,U12 Boys,completed,1561.9853709844142,1485.629366733248,1580.418609525558
40bda9c966f721c0,East Longmeadow 12U A,Longmeadow 12U Black,6,8,False,2026-05-12,2026,U12 Boys,completed,1444.724382701872,1494.0563614535372,1435.4669438369292
40bda9c966f721c0,Longmeadow 12U Black,East Longmeadow 12U A,8,6,True,2026-05-12,2026,U12 Boys,completed,1494.0563614535372,1444.724382701872,1503.31380031848
5c05511095b052a4,South Hadley 12U,West Springfield 12U,3,9,False,2026-05-12,2026,U12 Boys,completed,1394.524157850421,1560.1430281886564,1383.9011755956824
5c05511095b052a4,West Springfield 12U,South Hadley 12U,9,3,True,2026-05-12,2026,U12 Boys,completed,1560.1430281886564,1394.524157850421,1570.766010443395
ddd8b5c19b323bd1,Southington 12U Blue,Wolcott 12U,9,5,True,2026-05-12,2026,U12 Boys,completed,1519.9526668043404,1581.637328176861,1538.520045478353
ddd8b5c19b323bd1,Wolcott 12U,Southington 12U Blue,5,9,False,2026-05-12,2026,U12 Boys,completed,1581.637328176861,1519.9526668043404,1563.0699495028484
1b808e6ea65c033c,Suffield 12U White,West Hartford 12U White,5,2,True,2026-05-13,2026,U12 Boys,completed,1537.4797112944839,1416.3450060195978,1546.5243258160413
1b808e6ea65c033c,West Hartford 12U White,Suffield 12U White,2,5,False,2026-05-13,2026,U12 Boys,completed,1416.3450060195978,1537.4797112944839,1407.3003914980404
24480a4327977f5a,Granby 12U,RHAM 12U,2,14,False,2026-05-13,2026,U12 Boys,completed,1444.754049529882,1596.0398081867443,1429.897410646042
24480a4327977f5a,RHAM 12U,Granby 12U,14,2,True,2026-05-13,2026,U12 Boys,completed,1596.0398081867443,1444.754049529882,1610.8964470705841
532fd5e2eab9093d,Farmington 12U Red,Glastonbury 12U Blue,6,5,True,2026-05-13,2026,U12 Boys,completed,1520.7157647881654,1464.9748122332524,1528.9702641716258
532fd5e2eab9093d,Glastonbury 12U Blue,Farmington 12U Red,5,6,False,2026-05-13,2026,U12 Boys,completed,1464.9748122332524,1520.7157647881654,1456.720312849792
846a0e33f60b8447,Avon 12U B,Southington 12U White,5,1,True,2026-05-13,2026,U12 Boys,completed,1520.9321544490952,1488.9253914780707,1535.280689259797
846a0e33f60b8447,Southington 12U White,Avon 12U B,1,5,False,2026-05-13,2026,U12 Boys,completed,1488.9253914780707,1520.9321544490952,1474.5768566673687
880f09678b462075,West Hartford 12U Gold,Wethersfield 12U A,10,6,True,2026-05-13,2026,U12 Boys,completed,1621.343704621269,1537.3174866063002,1633.396659076082
880f09678b462075,Wethersfield 12U A,West Hartford 12U Gold,6,10,False,2026-05-13,2026,U12 Boys,completed,1537.3174866063002,1621.343704621269,1525.2645321514872
9c545ba9678bd3de,Ellington 12U,Tolland 12U,10,3,True,2026-05-13,2026,U12 Boys,completed,1452.0933537530545,1415.9549478692595,1470.3957570377354
9c545ba9678bd3de,Tolland 12U,Ellington 12U,3,10,False,2026-05-13,2026,U12 Boys,completed,1415.9549478692595,1452.0933537530545,1397.6525445845787
a0e7cb7ff9349848,Berlin 12U A,Newington 12U,15,2,True,2026-05-13,2026,U12 Boys,completed,1459.6306812760722,1450.9085860786688,1484.8966960758407
a0e7cb7ff9349848,Newington 12U,Berlin 12U A,2,15,False,2026-05-13,2026,U12 Boys,completed,1450.9085860786688,1459.6306812760722,1425.6425712789003
03587dc9a5efbf66,Burlington 12U,Southington 12U Blue,13,17,False,2026-05-14,2026,U12 Boys,completed,1543.736738073169,1538.520045478353,1527.6924370116428
03587dc9a5efbf66,Southington 12U Blue,Burlington 12U,17,13,True,2026-05-14,2026,U12 Boys,completed,1538.520045478353,1543.736738073169,1554.5643465398791
5c09ce9961199508,Agawam 12U,East Longmeadow 12U A,10,9,True,2026-05-14,2026,U12 Boys,completed,1467.1961281921042,1435.4669438369292,1476.1240708767662
5c09ce9961199508,East Longmeadow 12U A,Agawam 12U,9,10,False,2026-05-14,2026,U12 Boys,completed,1435.4669438369292,1467.1961281921042,1426.5390011522672
7deb99b80a88b533,Bristol 12U,Meriden 12U,5,5,False,2026-05-14,2026,U12 Boys,completed,1439.7794076918751,1496.5761792052194,1441.3711478536575
7deb99b80a88b533,Meriden 12U,Bristol 12U,5,5,False,2026-05-14,2026,U12 Boys,completed,1496.5761792052194,1439.7794076918751,1494.984439043437
ae63c32982e3b27b,Suffield 12U,Westfield 12U Red,5,7,False,2026-05-14,2026,U12 Boys,completed,1575.2663824773913,1579.5459226844,1564.6059394455426
ae63c32982e3b27b,Westfield 12U Red,Suffield 12U,7,5,True,2026-05-14,2026,U12 Boys,completed,1579.5459226844,1575.2663824773913,1590.2063657162487
04c932faba87d7ee,Berlin 12U A,Middletown 12U,7,2,True,2026-05-15,2026,U12 Boys,completed,1484.8966960758407,1432.8428440852244,1499.8836884732857
04c932faba87d7ee,Middletown 12U,Berlin 12U A,2,7,False,2026-05-15,2026,U12 Boys,completed,1432.8428440852244,1484.8966960758407,1417.8558516877795
228fc14a07acfd56,Meriden 12U,Wolcott 12U,3,9,False,2026-05-15,2026,U12 Boys,completed,1494.984439043437,1563.0699495028484,1479.5627293125171
228fc14a07acfd56,Wolcott 12U,Meriden 12U,9,3,True,2026-05-15,2026,U12 Boys,completed,1563.0699495028484,1494.984439043437,1578.4916592337684
b72d8c3e18e91ae4,Glastonbury 12U Blue,Suffield 12U White,3,5,False,2026-05-15,2026,U12 Boys,completed,1456.720312849792,1546.5243258160413,1448.6537714658298
b72d8c3e18e91ae4,Suffield 12U White,Glastonbury 12U Blue,5,3,True,2026-05-15,2026,U12 Boys,completed,1546.5243258160413,1456.720312849792,1554.5908672000035
eb32d0d8165ca954,Glastonbury 12U White,Simsbury 12U A,12,7,True,2026-05-15,2026,U12 Boys,completed,1486.467707854859,1431.2183599001619,1501.3010939445842
eb32d0d8165ca954,Simsbury 12U A,Glastonbury 12U White,7,12,False,2026-05-15,2026,U12 Boys,completed,1431.2183599001619,1486.467707854859,1416.3849738104368
f5d4154715a39e04,East Longmeadow 12U A,South Hadley 12U,6,4,True,2026-05-15,2026,U12 Boys,completed,1426.5390011522672,1383.9011755956824,1436.019221247118
f5d4154715a39e04,South Hadley 12U,East Longmeadow 12U A,4,6,False,2026-05-15,2026,U12 Boys,completed,1383.9011755956824,1426.5390011522672,1374.4209555008317
1d50dd2b5afa4217,Agawam 12U,West Springfield 12U,6,7,False,2026-05-16,2026,U12 Boys,completed,1476.1240708767662,1570.766010443395,1468.9070809765735
1d50dd2b5afa4217,West Springfield 12U,Agawam 12U,7,6,True,2026-05-16,2026,U12 Boys,completed,1570.766010443395,1476.1240708767662,1577.9830003435877
2d4f76a8539a4161,Belchertown 12U,Northampton 12U,4,2,True,2026-05-16,2026,U12 Boys,completed,1492.6014336534586,1426.4128184678827,1501.369283559028
2d4f76a8539a4161,Northampton 12U,Belchertown 12U,2,4,False,2026-05-16,2026,U12 Boys,completed,1426.4128184678827,1492.6014336534586,1417.6449685623134
34db78dcbf69d606,Longmeadow 12U Black,South Hadley 12U,8,3,True,2026-05-16,2026,U12 Boys,completed,1503.31380031848,1374.4209555008317,1514.6795729601893
34db78dcbf69d606,South Hadley 12U,Longmeadow 12U Black,3,8,False,2026-05-16,2026,U12 Boys,completed,1374.4209555008317,1503.31380031848,1363.0551828591224
68026e6b7c350b93,Avon 12U B,Glastonbury 12U Blue,7,2,True,2026-05-16,2026,U12 Boys,completed,1535.280689259797,1448.6537714658298,1548.5955033880343
68026e6b7c350b93,Glastonbury 12U Blue,Avon 12U B,2,7,False,2026-05-16,2026,U12 Boys,completed,1448.6537714658298,1535.280689259797,1435.3389573375925
8de26f0a17979e98,Minnechaug 12U,Suffield 12U,3,14,False,2026-05-17,2026,U12 Boys,completed,1610.7279296742543,1564.6059394455426,1583.0656158945371
8de26f0a17979e98,Suffield 12U,Minnechaug 12U,14,3,True,2026-05-17,2026,U12 Boys,completed,1564.6059394455426,1610.7279296742543,1592.2682532252597
ac68cd92b5ae355c,Avon 12U,Wethersfield 12U A,8,7,True,2026-05-17,2026,U12 Boys,completed,1527.801896833198,1525.2645321514872,1537.5652355305967
ac68cd92b5ae355c,Wethersfield 12U A,Avon 12U,7,8,False,2026-05-17,2026,U12 Boys,completed,1525.2645321514872,1527.801896833198,1515.5011934540885
d70b5d653ddfffe2,Minnechaug 12U White,Suffield 12U White,3,3,False,2026-05-17,2026,U12 Boys,completed,1552.5841982805503,1554.5908672000035,1552.6410073940383
d70b5d653ddfffe2,Suffield 12U White,Minnechaug 12U White,3,3,False,2026-05-17,2026,U12 Boys,completed,1554.5908672000035,1552.5841982805503,1554.5340580865154
df09488d0e9ec6f3,Avon 12U,Wethersfield 12U B,4,5,False,2026-05-17,2026,U12 Boys,completed,1537.5652355305967,1505.914721690062,1526.8346275436686
df09488d0e9ec6f3,Wethersfield 12U B,Avon 12U,5,4,True,2026-05-17,2026,U12 Boys,completed,1505.914721690062,1537.5652355305967,1516.64532967699
ecf5fd6c69d08979,RHAM 12U,West Hartford 12U Green,7,4,True,2026-05-17,2026,U12 Boys,completed,1610.8964470705841,1580.268501358275,1623.3354300711044
ecf5fd6c69d08979,West Hartford 12U Green,RHAM 12U,4,7,False,2026-05-17,2026,U12 Boys,completed,1580.268501358275,1610.8964470705841,1567.8295183577548
f402056dd658d86b,Glastonbury 12U White,Simsbury 12U A,13,6,True,2026-05-17,2026,U12 Boys,completed,1501.3010939445842,1416.3849738104368,1516.8570052235075
f402056dd658d86b,Simsbury 12U A,Glastonbury 12U White,6,13,False,2026-05-17,2026,U12 Boys,completed,1416.3849738104368,1501.3010939445842,1400.8290625315135
0d4c7c70fbfaee16,Glastonbury 12U White,Southington 12U Blue,14,5,True,2026-05-18,2026,U12 Boys,completed,1516.8570052235075,1554.5643465398791,1541.9627633574914
0d4c7c70fbfaee16,Southington 12U Blue,Glastonbury 12U White,5,14,False,2026-05-18,2026,U12 Boys,completed,1554.5643465398791,1516.8570052235075,1529.4585884058952
7e42707211736740,East Longmeadow 12U White,Northampton 12U,5,7,False,2026-05-18,2026,U12 Boys,completed,1470.825921431577,1417.6449685623134,1458.373133047245
7e42707211736740,Northampton 12U,East Longmeadow 12U White,7,5,True,2026-05-18,2026,U12 Boys,completed,1417.6449685623134,1470.825921431577,1430.0977569466454
85b347c366e4f209,Glastonbury 12U Blue,Southington 12U White,1,2,False,2026-05-18,2026,U12 Boys,completed,1435.3389573375925,1474.5768566673687,1426.60441745179
85b347c366e4f209,Southington 12U White,Glastonbury 12U Blue,2,1,True,2026-05-18,2026,U12 Boys,completed,1474.5768566673687,1435.3389573375925,1483.3113965531713
92a15b78c7420f09,Ellington 12U,Granby 12U,5,4,True,2026-05-18,2026,U12 Boys,completed,1470.3957570377354,1429.897410646042,1479.0957987283537
92a15b78c7420f09,Granby 12U,Ellington 12U,4,5,False,2026-05-18,2026,U12 Boys,completed,1429.897410646042,1470.3957570377354,1421.1973689554238
9faee70e6335be8c,Berlin 12U A,Bristol 12U,3,4,False,2026-05-18,2026,U12 Boys,completed,1499.8836884732857,1441.3711478536575,1488.3985788005687
9faee70e6335be8c,Bristol 12U,Berlin 12U A,4,3,True,2026-05-18,2026,U12 Boys,completed,1441.3711478536575,1499.8836884732857,1452.8562575263745
ba09045dca3590a9,Minnechaug 12U,Somers 12U White,6,4,True,2026-05-18,2026,U12 Boys,completed,1583.0656158945371,1580.418609525558,1593.7976900779406
ba09045dca3590a9,Somers 12U White,Minnechaug 12U,4,6,False,2026-05-18,2026,U12 Boys,completed,1580.418609525558,1583.0656158945371,1569.6865353421545
ce6171fad65f5185,Minnechaug 12U White,Somers 12U Red,7,4,True,2026-05-18,2026,U12 Boys,completed,1552.6410073940383,1483.3269162735598,1563.6013259746153
ce6171fad65f5185,Somers 12U Red,Minnechaug 12U White,4,7,False,2026-05-18,2026,U12 Boys,completed,1483.3269162735598,1552.6410073940383,1472.3665976929829
fe86de5188ff4433,Longmeadow 12U Black,Westfield 12U Red,2,14,False,2026-05-18,2026,U12 Boys,completed,1514.6795729601893,1590.2063657162487,1494.831409522757
fe86de5188ff4433,Westfield 12U Red,Longmeadow 12U Black,14,2,True,2026-05-18,2026,U12 Boys,completed,1590.2063657162487,1514.6795729601893,1610.054529153681
07f5cd9636eaebcd,Meriden 12U,Newington 12U,4,5,False,2026-05-19,2026,U12 Boys,completed,1479.5627293125171,1425.6425712789003,1468.2006556812505
07f5cd9636eaebcd,Newington 12U,Meriden 12U,5,4,True,2026-05-19,2026,U12 Boys,completed,1425.6425712789003,1479.5627293125171,1437.004644910167
25cc1f9060d71813,Bristol 12U,Wolcott 12U,4,6,False,2026-05-19,2026,U12 Boys,completed,1452.8562575263745,1578.4916592337684,1445.7881153288017
25cc1f9060d71813,Wolcott 12U,Bristol 12U,6,4,True,2026-05-19,2026,U12 Boys,completed,1578.4916592337684,1452.8562575263745,1585.5598014313412
2f9278ac0a65120b,Agawam 12U,Suffield 12U,1,13,False,2026-05-19,2026,U12 Boys,completed,1468.9070809765735,1592.2682532252597,1452.2578618896682
2f9278ac0a65120b,Suffield 12U,Agawam 12U,13,1,True,2026-05-19,2026,U12 Boys,completed,1592.2682532252597,1468.9070809765735,1608.917472312165
3922383cce818a9d,Suffield 12U White,Wethersfield 12U B,9,5,True,2026-05-19,2026,U12 Boys,completed,1554.5340580865154,1516.64532967699,1568.6628629484019
3922383cce818a9d,Wethersfield 12U B,Suffield 12U White,5,9,False,2026-05-19,2026,U12 Boys,completed,1516.64532967699,1554.5340580865154,1502.5165248151036
3e7c91c772daf7ef,Longmeadow 12U Black,South Hadley 12U,19,2,True,2026-05-19,2026,U12 Boys,completed,1494.831409522757,1363.0551828591224,1512.991586606369
3e7c91c772daf7ef,South Hadley 12U,Longmeadow 12U Black,2,19,False,2026-05-19,2026,U12 Boys,completed,1363.0551828591224,1494.831409522757,1344.8950057755103
ad265f1c3e1d3c2c,Belchertown 12U,West Springfield 12U,5,9,False,2026-05-19,2026,U12 Boys,completed,1501.369283559028,1577.9830003435877,1488.9565084220542
ad265f1c3e1d3c2c,West Springfield 12U,Belchertown 12U,9,5,True,2026-05-19,2026,U12 Boys,completed,1577.9830003435877,1501.369283559028,1590.3957754805615
03c94946054d5d0d,South Hadley 12U,Westfield 12U Red,1,19,False,2026-05-20,2026,U12 Boys,completed,1344.8950057755103,1610.054529153681,1334.5388671739418
03c94946054d5d0d,Westfield 12U Red,South Hadley 12U,19,1,True,2026-05-20,2026,U12 Boys,completed,1610.054529153681,1344.8950057755103,1620.4106677552495
35ce0d367e024916,Ellington 12U,Simsbury 12U A,9,2,True,2026-05-20,2026,U12 Boys,completed,1479.0957987283537,1400.8290625315135,1495.0431111989778
35ce0d367e024916,Simsbury 12U A,Ellington 12U,2,9,False,2026-05-20,2026,U12 Boys,completed,1400.8290625315135,1479.0957987283537,1384.8817500608893
4894a46f2651e3fd,Tolland 12U,Vernon 12U,2,11,False,2026-05-20,2026,U12 Boys,completed,1397.6525445845787,1475.6397780619163,1379.9752673984726
4894a46f2651e3fd,Vernon 12U,Tolland 12U,11,2,True,2026-05-20,2026,U12 Boys,completed,1475.6397780619163,1397.6525445845787,1493.3170552480224
4c6e4524278f20af,Belchertown 12U,East Longmeadow 12U A,9,5,True,2026-05-20,2026,U12 Boys,completed,1488.9565084220542,1436.019221247118,1502.416560808077
4c6e4524278f20af,East Longmeadow 12U A,Belchertown 12U,5,9,False,2026-05-20,2026,U12 Boys,completed,1436.019221247118,1488.9565084220542,1422.559168861095
ae768dd98bc5d392,South Windsor 12U,West Hartford 12U Green,8,5,True,2026-05-20,2026,U12 Boys,completed,1511.1045999355122,1567.8295183577548,1526.9753084393556
ae768dd98bc5d392,West Hartford 12U Green,South Windsor 12U,5,8,False,2026-05-20,2026,U12 Boys,completed,1567.8295183577548,1511.1045999355122,1551.9588098539114
b91a3e56ed62854e,Glastonbury 12U Blue,Simsbury 12U Blue,4,5,False,2026-05-20,2026,U12 Boys,completed,1426.60441745179,1415.6141603600531,1416.4384340965005
b91a3e56ed62854e,Simsbury 12U Blue,Glastonbury 12U Blue,5,4,True,2026-05-20,2026,U12 Boys,completed,1415.6141603600531,1426.60441745179,1425.7801437153425
2b822f5dc366539f,Suffield 12U White,Westfield 12U Black,6,4,True,2026-05-21,2026,U12 Boys,completed,1568.6628629484019,1503.1799973164057,1577.4729918507326
2b822f5dc366539f,Westfield 12U Black,Suffield 12U White,4,6,False,2026-05-21,2026,U12 Boys,completed,1503.1799973164057,1568.6628629484019,1494.369868414075
62f37654ff91d34f,Northampton 12U,West Springfield 12U,3,9,False,2026-05-21,2026,U12 Boys,completed,1430.0977569466454,1590.3957754805615,1419.1891369010816
62f37654ff91d34f,West Springfield 12U,Northampton 12U,9,3,True,2026-05-21,2026,U12 Boys,completed,1590.3957754805615,1430.0977569466454,1601.3043955261253
75e23ba5b7d97a7d,Farmington 12U Red,Meriden 12U,3,8,False,2026-05-21,2026,U12 Boys,completed,1528.9702641716258,1468.2006556812505,1508.2520159078745
75e23ba5b7d97a7d,Meriden 12U,Farmington 12U Red,8,3,True,2026-05-21,2026,U12 Boys,completed,1468.2006556812505,1528.9702641716258,1488.9189039450018
a10e5bf322ed299f,Longmeadow 12U Black,West Hartford 12U Gold,2,12,False,2026-05-21,2026,U12 Boys,completed,1512.991586606369,1633.396659076082,1497.2335702797918
a10e5bf322ed299f,West Hartford 12U Gold,Longmeadow 12U Black,12,2,True,2026-05-21,2026,U12 Boys,completed,1633.396659076082,1512.991586606369,1649.1546754026592
b110612ba52b8eee,Colchester 12U,Tolland 12U,11,5,True,2026-05-21,2026,U12 Boys,completed,1500.9386408733696,1379.9752673984726,1513.6998833018326
b110612ba52b8eee,Tolland 12U,Colchester 12U,5,11,False,2026-05-21,2026,U12 Boys,completed,1379.9752673984726,1500.9386408733696,1367.2140249700096
14ca7dce521e6af3,Burlington 12U,Suffield 12U,5,16,False,2026-05-22,2026,U12 Boys,completed,1527.6924370116428,1608.917472312165,1508.8200188541084
14ca7dce521e6af3,Suffield 12U,Burlington 12U,16,5,True,2026-05-22,2026,U12 Boys,completed,1608.917472312165,1527.6924370116428,1627.7898904696995
48a393b702f69e68,Simsbury 12U A,Westfield 12U Red,1,12,False,2026-05-22,2026,U12 Boys,completed,1384.8817500608893,1620.4106677552495,1374.8409702824242
48a393b702f69e68,Westfield 12U Red,Simsbury 12U A,12,1,True,2026-05-22,2026,U12 Boys,completed,1620.4106677552495,1384.8817500608893,1630.4514475337146
935b471bfcefd76e,Southington 12U Blue,Wethersfield 12U A,5,8,False,2026-05-22,2026,U12 Boys,completed,1529.4585884058952,1515.5011934540885,1515.241176827946
935b471bfcefd76e,Wethersfield 12U A,Southington 12U Blue,8,5,True,2026-05-22,2026,U12 Boys,completed,1515.5011934540885,1529.4585884058952,1529.7186050320377
a76bd6b07db441ef,East Longmeadow 12U White,Somers 12U Red,4,8,False,2026-05-22,2026,U12 Boys,completed,1458.373133047245,1472.3665976929829,1443.1421603837832
a76bd6b07db441ef,Somers 12U Red,East Longmeadow 12U White,8,4,True,2026-05-22,2026,U12 Boys,completed,1472.3665976929829,1458.373133047245,1487.5975703564445
d4f3716295ad7972,Southington 12U White,Wethersfield 12U B,0,8,False,2026-05-22,2026,U12 Boys,completed,1483.3113965531713,1502.5165248151036,1462.840789160323
d4f3716295ad7972,Wethersfield 12U B,Southington 12U White,8,0,True,2026-05-22,2026,U12 Boys,completed,1502.5165248151036,1483.3113965531713,1522.9871322079518
e7fc0fe0fc9feea5,Farmington 12U Red,West Hartford 12U White,5,5,False,2026-05-22,2026,U12 Boys,completed,1508.2520159078745,1407.3003914980404,1505.464571070401
e7fc0fe0fc9feea5,West Hartford 12U White,Farmington 12U Red,5,5,False,2026-05-22,2026,U12 Boys,completed,1407.3003914980404,1508.2520159078745,1410.0878363355139
0a6caf79f666f7c9,Glastonbury 12U White,West Hartford 12U Gold,9,10,False,2026-05-23,2026,U12 Boys,completed,1541.9627633574914,1649.1546754026592,1535.0501477752139
0a6caf79f666f7c9,West Hartford 12U Gold,Glastonbury 12U White,10,9,True,2026-05-23,2026,U12 Boys,completed,1649.1546754026592,1541.9627633574914,1656.0672909849368
64747ad2d0d99fea,Berlin 12U A,Meriden 12U,4,2,True,2026-05-23,2026,U12 Boys,completed,1488.3985788005687,1488.9189039450018,1499.2504344526353
64747ad2d0d99fea,Meriden 12U,Berlin 12U A,2,4,False,2026-05-23,2026,U12 Boys,completed,1488.9189039450018,1488.3985788005687,1478.0670482929352
addc70bd6ce14e16,Newington 12U,RHAM 12U,1,7,False,2026-05-23,2026,U12 Boys,completed,1437.004644910167,1623.3354300711044,1427.2193728697894
addc70bd6ce14e16,RHAM 12U,Newington 12U,7,1,True,2026-05-23,2026,U12 Boys,completed,1623.3354300711044,1437.004644910167,1633.120702111482
cd639f273cfc65d0,Colchester 12U,Vernon 12U,2,4,False,2026-05-23,2026,U12 Boys,completed,1513.6998833018326,1493.3170552480224,1502.2278534691068
cd639f273cfc65d0,Vernon 12U,Colchester 12U,4,2,True,2026-05-23,2026,U12 Boys,completed,1493.3170552480224,1513.6998833018326,1504.7890850807482
936f2e07b41ea50f,East Longmeadow 12U A,Northampton 12U,13,1,True,2026-05-24,2026,U12 Boys,completed,1422.559168861095,1419.1891369010816,1447.616624219122
936f2e07b41ea50f,Northampton 12U,East Longmeadow 12U A,1,13,False,2026-05-24,2026,U12 Boys,completed,1419.1891369010816,1422.559168861095,1394.1316815430546
003c068f9b787df7,West Springfield 12U,Wethersfield 12U A,7,4,True,2026-05-26,2026,U12 Boys,completed,1601.3043955261253,1529.7186050320377,1612.2021508054165
003c068f9b787df7,Wethersfield 12U A,West Springfield 12U,4,7,False,2026-05-26,2026,U12 Boys,completed,1529.7186050320377,1601.3043955261253,1518.8208497527464
569cc83219b2a62d,Somers 12U Red,Suffield 12U White,3,4,False,2026-05-26,2026,U12 Boys,completed,1487.5975703564445,1577.4729918507326,1480.2282325248843
569cc83219b2a62d,Suffield 12U White,Somers 12U Red,4,3,True,2026-05-26,2026,U12 Boys,completed,1577.4729918507326,1487.5975703564445,1584.8423296822928
5bd2b12d3aff3a91,Belchertown 12U,Northampton 12U,5,3,True,2026-05-26,2026,U12 Boys,completed,1502.416560808077,1394.1316815430546,1509.9831222093076
5bd2b12d3aff3a91,Northampton 12U,Belchertown 12U,3,5,False,2026-05-26,2026,U12 Boys,completed,1394.1316815430546,1502.416560808077,1386.565120141824
df3f5238b0349561,Agawam 12U,South Hadley 12U,12,3,True,2026-05-26,2026,U12 Boys,completed,1452.2578618896682,1334.5388671739418,1467.5616018077967
df3f5238b0349561,South Hadley 12U,Agawam 12U,3,12,False,2026-05-26,2026,U12 Boys,completed,1334.5388671739418,1452.2578618896682,1319.2351272558133
e059cee17036615a,South Windsor 12U,Suffield 12U,0,14,False,2026-05-26,2026,U12 Boys,completed,1526.9753084393556,1627.7898904696995,1507.7962013433387
e059cee17036615a,Suffield 12U,South Windsor 12U,14,0,True,2026-05-26,2026,U12 Boys,completed,1627.7898904696995,1526.9753084393556,1646.9689975657163
ff40a5bcfce273f8,Ellington 12U,RHAM 12U,4,8,False,2026-05-26,2026,U12 Boys,completed,1495.0431111989778,1633.120702111482,1485.1599756577011
ff40a5bcfce273f8,RHAM 12U,Ellington 12U,8,4,True,2026-05-26,2026,U12 Boys,completed,1633.120702111482,1495.0431111989778,1643.0038376527586
10fff4401c661083,Berlin 12U A,Bristol 12U,5,4,True,2026-05-27,2026,U12 Boys,completed,1499.2504344526353,1445.7881153288017,1507.6126928950043
10fff4401c661083,Bristol 12U,Berlin 12U A,4,5,False,2026-05-27,2026,U12 Boys,completed,1445.7881153288017,1499.2504344526353,1437.4258568864327
175063f672a1937c,West Springfield 12U,Westfield 12U Black,3,4,False,2026-05-27,2026,U12 Boys,completed,1612.2021508054165,1494.369868414075,1599.108030231163
175063f672a1937c,Westfield 12U Black,West Springfield 12U,4,3,True,2026-05-27,2026,U12 Boys,completed,1494.369868414075,1612.2021508054165,1507.4639889883285
40a771476b928ecf,Longmeadow 12U Black,Westfield 12U Red,1,14,False,2026-05-27,2026,U12 Boys,completed,1497.2335702797918,1630.4514475337146,1480.7110130884937
40a771476b928ecf,Westfield 12U Red,Longmeadow 12U Black,14,1,True,2026-05-27,2026,U12 Boys,completed,1630.4514475337146,1497.2335702797918,1646.9740047250127
7524ef621a602afd,Vernon 12U,West Hartford 12U Green,3,4,False,2026-05-27,2026,U12 Boys,completed,1504.7890850807482,1551.9588098539114,1496.2503199590728
7524ef621a602afd,West Hartford 12U Green,Vernon 12U,4,3,True,2026-05-27,2026,U12 Boys,completed,1551.9588098539114,1504.7890850807482,1560.4975749755868
a8c32ac06c749c76,Colchester 12U,South Windsor 12U,4,12,False,2026-05-27,2026,U12 Boys,completed,1502.2278534691068,1507.7962013433387,1480.8860973200938
a8c32ac06c749c76,South Windsor 12U,Colchester 12U,12,4,True,2026-05-27,2026,U12 Boys,completed,1507.7962013433387,1502.2278534691068,1529.1379574923517
bf683cbd611b689c,Minnechaug 12U White,Somers 12U Red,6,1,True,2026-05-27,2026,U12 Boys,completed,1563.6013259746153,1480.2282325248843,1577.124337352739
bf683cbd611b689c,Somers 12U Red,Minnechaug 12U White,1,6,False,2026-05-27,2026,U12 Boys,completed,1480.2282325248843,1563.6013259746153,1466.7052211467606
c4c528249508b8d5,Minnechaug 12U,Somers 12U White,11,5,True,2026-05-27,2026,U12 Boys,completed,1593.7976900779406,1569.6865353421545,1611.6773402523806
c4c528249508b8d5,Somers 12U White,Minnechaug 12U,5,11,False,2026-05-27,2026,U12 Boys,completed,1569.6865353421545,1593.7976900779406,1551.8068851677144
f17d7f718cd7a63d,Suffield 12U White,West Hartford 12U White,7,0,True,2026-05-27,2026,U12 Boys,completed,1584.8423296822928,1410.0878363355139,1595.8369967793037
f17d7f718cd7a63d,West Hartford 12U White,Suffield 12U White,0,7,False,2026-05-27,2026,U12 Boys,completed,1410.0878363355139,1584.8423296822928,1399.093169238503
919687a929ee913c,Agawam 12U,Longmeadow 12U Black,7,8,False,2026-05-28,2026,U12 Boys,completed,1467.5616018077967,1480.7110130884937,1458.0616854833456
919687a929ee913c,Longmeadow 12U Black,Agawam 12U,8,7,True,2026-05-28,2026,U12 Boys,completed,1480.7110130884937,1467.5616018077967,1490.2109294129448
adf9f77a17c5c134,Bristol 12U,West Hartford 12U Gold,0,12,False,2026-05-28,2026,U12 Boys,completed,1437.4258568864327,1656.0672909849368,1426.2208064270126
adf9f77a17c5c134,West Hartford 12U Gold,Bristol 12U,12,0,True,2026-05-28,2026,U12 Boys,completed,1656.0672909849368,1437.4258568864327,1667.272341444357
5215d7cb27776444,Meriden 12U,Middletown 12U,7,2,True,2026-05-29,2026,U12 Boys,completed,1478.0670482929352,1417.8558516877795,1492.723893766175
5215d7cb27776444,Middletown 12U,Meriden 12U,2,7,False,2026-05-29,2026,U12 Boys,completed,1417.8558516877795,1478.0670482929352,1403.1990062145396
63d1a5043b1ca31c,Simsbury 12U A,Suffield 12U,3,14,False,2026-05-29,2026,U12 Boys,completed,1374.8409702824242,1646.9689975657163,1366.3645712718117
63d1a5043b1ca31c,Suffield 12U,Simsbury 12U A,14,3,True,2026-05-29,2026,U12 Boys,completed,1646.9689975657163,1374.8409702824242,1655.445396576329
99d349be09e617c3,Glastonbury 12U Blue,Simsbury 12U Blue,9,2,True,2026-05-29,2026,U12 Boys,completed,1416.4384340965005,1425.7801437153425,1437.5260169075507
99d349be09e617c3,Simsbury 12U Blue,Glastonbury 12U Blue,2,9,False,2026-05-29,2026,U12 Boys,completed,1425.7801437153425,1416.4384340965005,1404.6925609042923
6eff1a5399693578,Southington 12U White,Wolcott 12U,1,10,False,2026-05-30,2026,U12 Boys,completed,1462.840789160323,1585.5598014313412,1447.814441132254
6eff1a5399693578,Wolcott 12U,Southington 12U White,10,1,True,2026-05-30,2026,U12 Boys,completed,1585.5598014313412,1462.840789160323,1600.5861494594103
ec77514f25180931,Avon 12U,Granby 12U,2,3,False,2026-05-30,2026,U12 Boys,completed,1526.8346275436686,1421.1973689554238,1514.0443743732767
ec77514f25180931,Granby 12U,Avon 12U,3,2,True,2026-05-30,2026,U12 Boys,completed,1421.1973689554238,1526.8346275436686,1433.9876221258157
02accb7325716161,Bristol 12U,West Hartford 12U White,6,3,True,2026-05-31,2026,U12 Boys,completed,1426.2208064270126,1399.093169238503,1438.846366341754
02accb7325716161,West Hartford 12U White,Bristol 12U,3,6,False,2026-05-31,2026,U12 Boys,completed,1399.093169238503,1426.2208064270126,1386.4676093237615
48a5cdc65bfc651d,Belchertown 12U,Simsbury,6,3,True,2026-06-01,2026,U12 Boys,completed,1509.9831222093076,1500.0,1523.2829671441295
48a5cdc65bfc651d,Simsbury,Belchertown 12U,3,6,False,2026-06-01,2026,U12 Boys,completed,1500.0,1509.9831222093076,1486.700155065178
50041c0bda200c23,East Longmeadow 12U White,Glastonbury 12U Blue,10,1,True,2026-06-01,2026,U12 Boys,completed,1443.1421603837832,1437.5260169075507,1465.5195765748479
50041c0bda200c23,Glastonbury 12U Blue,East Longmeadow 12U White,1,10,False,2026-06-01,2026,U12 Boys,completed,1437.5260169075507,1443.1421603837832,1415.148600716486
4f0aa3750d23e549,Southington 12U White,West Hartford 12U White,7,1,True,2026-06-02,2026,U12 Boys,completed,1447.814441132254,1386.4676093237615,1463.6778670333536
4f0aa3750d23e549,West Hartford 12U White,Southington 12U White,1,7,False,2026-06-02,2026,U12 Boys,completed,1386.4676093237615,1447.814441132254,1370.604183422662
fe49ba6727f5d94a,Bristol 12U,Granby 12U,4,1,True,2026-06-02,2026,U12 Boys,completed,1438.846366341754,1433.9876221258157,1452.3501031284554
fe49ba6727f5d94a,Granby 12U,Bristol 12U,1,4,False,2026-06-02,2026,U12 Boys,completed,1433.9876221258157,1438.846366341754,1420.4838853391143
069658ff99bec57d,Ellington 12U,Vernon 12U,5,3,True,2026-06-03,2026,U12 Boys,completed,1485.1599756577011,1496.2503199590728,1496.3600762732292
069658ff99bec57d,Vernon 12U,Ellington 12U,3,5,False,2026-06-03,2026,U12 Boys,completed,1496.2503199590728,1485.1599756577011,1485.0502193435448
2b6c619802c8dbb4,RHAM 12U,West Hartford Green,6,3,True,2026-06-03,2026,U12 Boys,completed,1643.0038376527586,1500.0,1651.3611014658604
2b6c619802c8dbb4,West Hartford Green,RHAM 12U,3,6,False,2026-06-03,2026,U12 Boys,completed,1500.0,1643.0038376527586,1491.6427361868982
8e4572946b2e6d65,Meriden 12U,Middletown 12U,9,1,True,2026-06-03,2026,U12 Boys,completed,1492.723893766175,1403.1990062145396,1508.9601337841673
8e4572946b2e6d65,Middletown 12U,Meriden 12U,1,9,False,2026-06-03,2026,U12 Boys,completed,1403.1990062145396,1492.723893766175,1386.9627661965474
9fb17b5ae0b2cbb3,Avon 12U B,Wethersfield 12U B,2,3,False,2026-06-03,2026,U12 Boys,completed,1548.5955033880343,1522.9871322079518,1537.9875734623272
9fb17b5ae0b2cbb3,Wethersfield 12U B,Avon 12U B,3,2,True,2026-06-03,2026,U12 Boys,completed,1522.9871322079518,1548.5955033880343,1533.595062133659
b8c347bc867b87dd,South Windsor 12U,Southington 12U Blue,3,16,False,2026-06-03,2026,U12 Boys,completed,1529.1379574923517,1515.241176827946,1502.0178143652706
b8c347bc867b87dd,Southington 12U Blue,South Windsor 12U,16,3,True,2026-06-03,2026,U12 Boys,completed,1515.241176827946,1529.1379574923517,1542.361319955027
