snapshot_date,snapshot_label,team,power_rank,power_rating,elo,offense_strength,defense_strength,sos_rank,momentum_score,last3_win_pct,last5_win_pct,wins,losses,games_played
2026-04-10,Week 1,Agawam 12U,,,,,,,,,,0,0,0
2026-04-10,Week 1,Avon 12U,,,,,,,,,,0,0,0
2026-04-10,Week 1,Avon 12U B,,,,,,,,,,0,0,0
2026-04-10,Week 1,Belchertown 12U,,,,,,,,,,0,0,0
2026-04-10,Week 1,Berkshire,,,,,,,,,,0,0,0
2026-04-10,Week 1,Berlin 12U A,,,,,,,,,,0,0,0
2026-04-10,Week 1,Bristol 12U,,,,,,,,,,0,0,0
2026-04-10,Week 1,Burlington 12U,1.0,2.15318875355381,1537.8824209096213,4.659511561944138,3.4757703956540547,2.0,15.4,1.0,1.0,2,0,2
2026-04-10,Week 1,Colchester 12U,,,,,,,,,,0,0,0
2026-04-10,Week 1,Connecticut Valley Youth Lacrosse,5.0,0.010604328886173119,1503.4223619082256,-0.0001674857443267961,0.0003349714886532799,1.0,4.45,0.3333333333333333,0.6,5,5,10
2026-04-10,Week 1,East Longmeadow 12U A,8.0,-1.3298959985898113,1474.156278523573,-6.446060285563194,-7.471443680592279,3.0,-22.5,0.0,0.0,0,1,1
2026-04-10,Week 1,East Longmeadow 12U White,,,,,,,,,,0,0,0
2026-04-10,Week 1,Ellington 12U,9.0,-1.3298959985898113,1475.8369755981405,-4.446060285563194,-8.47144368059228,4.0,-21.25,0.0,0.0,0,1,1
2026-04-10,Week 1,Farmington 12U Black,10.0,-1.3298959985898113,1480.1743938793818,-2.4460602855631937,-6.471443680592279,5.0,-16.25,0.0,0.0,0,1,1
2026-04-10,Week 1,Farmington 12U Red,,,,,,,,,,0,0,0
2026-04-10,Week 1,Glastonbury 12U Blue,,,,,,,,,,0,0,0
2026-04-10,Week 1,Glastonbury 12U White,,,,,,,,,,0,0,0
2026-04-10,Week 1,Granby 12U,,,,,,,,,,0,0,0
2026-04-10,Week 1,Longmeadow 12U Black,,,,,,,,,,0,0,0
2026-04-10,Week 1,Longmeadow 12U White,,,,,,,,,,0,0,0
2026-04-10,Week 1,Meriden 12U,7.0,-1.1632293319231446,1481.2702390751554,-4.446060285563194,-2.4714436805922793,6.0,-13.75,0.0,0.0,0,1,1
2026-04-10,Week 1,Middletown 12U,,,,,,,,,,0,0,0
2026-04-10,Week 1,Minnechaug 12U,,,,,,,,,,0,0,0
2026-04-10,Week 1,Minnechaug 12U White,,,,,,,,,,0,0,0
2026-04-10,Week 1,Newington 12U,,,,,,,,,,0,0,0
2026-04-10,Week 1,Northampton 12U,,,,,,,,,,0,0,0
2026-04-10,Week 1,RHAM 12U,,,,,,,,,,0,0,0
2026-04-10,Week 1,Simsbury,,,,,,,,,,0,0,0
2026-04-10,Week 1,Simsbury 12U A,,,,,,,,,,0,0,0
2026-04-10,Week 1,Simsbury 12U Blue,,,,,,,,,,0,0,0
2026-04-10,Week 1,Simsbury 14U Blue,,,,,,,,,,0,0,0
2026-04-10,Week 1,Somers 12U Red,,,,,,,,,,0,0,0
2026-04-10,Week 1,Somers 12U White,,,,,,,,,,0,0,0
2026-04-10,Week 1,Somers Juniors,,,,,,,,,,0,0,0
2026-04-10,Week 1,South Hadley 12U,,,,,,,,,,0,0,0
2026-04-10,Week 1,South Windsor 12U,,,,,,,,,,0,0,0
2026-04-10,Week 1,Southington 12U Blue,,,,,,,,,,0,0,0
2026-04-10,Week 1,Southington 12U White,,,,,,,,,,0,0,0
2026-04-10,Week 1,Suffield 12U,,,,,,,,,,0,0,0
2026-04-10,Week 1,Suffield 12U White,4.0,0.3367706680768553,1510.1023558843287,-2.4460602855631937,4.528556319407721,7.0,7.5,1.0,1.0,1,0,1
2026-04-10,Week 1,Suffield B,,,,,,,,,,0,0,0
2026-04-10,Week 1,Suffield Juniors 1 Blue,,,,,,,,,,0,0,0
2026-04-10,Week 1,Tolland,,,,,,,,,,0,0,0
2026-04-10,Week 1,Tolland 12U,,,,,,,,,,0,0,0
2026-04-10,Week 1,Vernon 12U,,,,,,,,,,0,0,0
2026-04-10,Week 1,West Hartford 12U Gold,2.0,1.3333333333333333,1523.1364778690015,8.553939714436806,4.528556319407721,8.0,21.05,1.0,1.0,1,0,1
2026-04-10,Week 1,West Hartford 12U Green,,,,,,,,,,0,0,0
2026-04-10,Week 1,West Hartford 12U White,,,,,,,,,,0,0,0
2026-04-10,Week 1,West Hartford Green,,,,,,,,,,0,0,0
2026-04-10,Week 1,West Springfield 12U,,,,,,,,,,0,0,0
2026-04-10,Week 1,Westfield 12U Black,6.0,-0.32989599858981133,1489.7080082253797,-4.446060285563194,2.5285563194077207,9.0,-7.7,0.0,0.0,0,1,1
2026-04-10,Week 1,Westfield 12U Red,3.0,1.3333333333333333,1524.3104881271925,7.553939714436807,6.528556319407721,10.0,22.3,1.0,1.0,1,0,1
2026-04-10,Week 1,Wethersfield 12U A,,,,,,,,,,0,0,0
2026-04-10,Week 1,Wethersfield 12U B,,,,,,,,,,0,0,0
2026-04-10,Week 1,Wolcott 12U,,,,,,,,,,0,0,0
2026-04-17,Week 2,Agawam 12U,24.0,-2.137551308682315,1460.776765575511,-3.8625411796136286,-4.021194634650156,6.0,-16.0,0.0,0.0,0,2,2
2026-04-17,Week 2,Avon 12U,,,,,,,,,,0,0,0
2026-04-17,Week 2,Avon 12U B,,,,,,,,,,0,0,0
2026-04-17,Week 2,Belchertown 12U,16.0,-0.8267397211239649,1484.0778540551794,-3.341549925969314,-1.500203381005842,7.0,-11.25,0.0,0.0,0,1,1
2026-04-17,Week 2,Berkshire,,,,,,,,,,0,0,0
2026-04-17,Week 2,Berlin 12U A,,,,,,,,,,0,0,0
2026-04-17,Week 2,Bristol 12U,19.0,-1.3267397211239649,1476.258936346545,-5.341549925969314,-7.500203381005841,8.0,-20.85,0.0,0.0,0,1,1
2026-04-17,Week 2,Burlington 12U,2.0,2.150323431004838,1537.8824209096213,4.684901212899167,3.486571049559919,9.0,15.4,1.0,1.0,2,0,2
2026-04-17,Week 2,Colchester 12U,,,,,,,,,,0,0,0
2026-04-17,Week 2,Connecticut Valley Youth Lacrosse,13.0,0.10344481256137894,1503.5191601967458,-0.013665933549661379,-0.00010364642123341304,23.0,-1.6499999999999995,0.3333333333333333,0.4,19,20,39
2026-04-17,Week 2,East Longmeadow 12U A,12.0,0.12650755176129988,1505.899217997783,0.9284816197720112,-2.310928933056315,2.0,-0.23333333333333361,0.6666666666666666,0.6666666666666666,2,1,3
2026-04-17,Week 2,East Longmeadow 12U White,9.0,0.6732602788760351,1515.304556741488,3.6584500740306867,0.49979661899415806,10.0,9.6,1.0,1.0,1,0,1
2026-04-17,Week 2,Ellington 12U,20.0,-1.3267397211239649,1475.8369755981405,-4.341549925969314,-8.500203381005843,11.0,-20.85,0.0,0.0,0,1,1
2026-04-17,Week 2,Farmington 12U Black,21.0,-1.3267397211239649,1480.1743938793818,-2.341549925969314,-6.500203381005842,12.0,-15.85,0.0,0.0,0,1,1
2026-04-17,Week 2,Farmington 12U Red,,,,,,,,,,0,0,0
2026-04-17,Week 2,Glastonbury 12U Blue,,,,,,,,,,0,0,0
2026-04-17,Week 2,Glastonbury 12U White,,,,,,,,,,0,0,0
2026-04-17,Week 2,Granby 12U,22.0,-1.6024027870456188,1464.1756981510034,-2.694763959658172,-0.2523481128727077,1.0,-14.125,0.0,0.0,0,2,2
2026-04-17,Week 2,Longmeadow 12U Black,,,,,,,,,,0,0,0
2026-04-17,Week 2,Longmeadow 12U White,,,,,,,,,,0,0,0
2026-04-17,Week 2,Meriden 12U,18.0,-1.2442511033081178,1471.9765884699336,-4.341549925969314,0.10535608415953454,13.0,-10.225,0.0,0.0,0,2,2
2026-04-17,Week 2,Middletown 12U,,,,,,,,,,0,0,0
2026-04-17,Week 2,Minnechaug 12U,3.0,1.5672010118375668,1535.612395178946,4.5702688125487505,2.912329789028859,3.0,11.833333333333334,0.6666666666666666,0.6666666666666666,2,1,3
2026-04-17,Week 2,Minnechaug 12U White,8.0,0.798893875402813,1519.2830750386229,0.3123902084228671,2.602423375255612,14.0,4.125,0.5,0.5,1,1,2
2026-04-17,Week 2,Newington 12U,15.0,-0.45138053808057366,1491.3813207467983,-2.3415499259693138,0.8804030624559395,15.0,-2.875,0.5,0.5,1,1,2
2026-04-17,Week 2,Northampton 12U,17.0,-1.227261636966611,1460.9613362340422,-0.3318234822003172,-2.8221891966086785,4.0,-8.966666666666669,0.0,0.0,0,3,3
2026-04-17,Week 2,RHAM 12U,,,,,,,,,,0,0,0
2026-04-17,Week 2,Simsbury,,,,,,,,,,0,0,0
2026-04-17,Week 2,Simsbury 12U A,,,,,,,,,,0,0,0
2026-04-17,Week 2,Simsbury 12U Blue,,,,,,,,,,0,0,0
2026-04-17,Week 2,Simsbury 14U Blue,,,,,,,,,,0,0,0
2026-04-17,Week 2,Somers 12U Red,14.0,-0.16007305445729816,1490.8757089808034,-3.341549925969314,2.499796618994158,16.0,-6.25,0.0,0.0,0,1,1
2026-04-17,Week 2,Somers 12U White,,,,,,,,,,0,0,0
2026-04-17,Week 2,Somers Juniors,6.0,0.8960204590818363,1519.438257889616,0.5044910179640718,0.0,24.0,13.55,1.0,1.0,1,0,1
2026-04-17,Week 2,South Hadley 12U,23.0,-1.8308796918409167,1458.4440497260923,-1.7891905206687326,-8.843125165104098,17.0,-18.55,0.0,0.0,0,2,2
2026-04-17,Week 2,South Windsor 12U,,,,,,,,,,0,0,0
2026-04-17,Week 2,Southington 12U Blue,4.0,1.3333333333333333,1527.7149419768982,7.658450074030687,5.499796618994158,18.0,20.85,1.0,1.0,1,0,1
2026-04-17,Week 2,Southington 12U White,,,,,,,,,,0,0,0
2026-04-17,Week 2,Suffield 12U,,,,,,,,,,0,0,0
2026-04-17,Week 2,Suffield 12U White,10.0,0.33992694554270175,1510.1023558843287,-2.341549925969314,4.499796618994158,19.0,7.3,1.0,1.0,1,0,1
2026-04-17,Week 2,Suffield B,,,,,,,,,,0,0,0
2026-04-17,Week 2,Suffield Juniors 1 Blue,,,,,,,,,,0,0,0
2026-04-17,Week 2,Tolland,,,,,,,,,,0,0,0
2026-04-17,Week 2,Tolland 12U,,,,,,,,,,0,0,0
2026-04-17,Week 2,Vernon 12U,,,,,,,,,,0,0,0
2026-04-17,Week 2,West Hartford 12U Gold,5.0,1.3333333333333333,1523.1364778690015,8.658450074030686,4.499796618994158,20.0,20.85,1.0,1.0,1,0,1
2026-04-17,Week 2,West Hartford 12U Green,,,,,,,,,,0,0,0
2026-04-17,Week 2,West Hartford 12U White,,,,,,,,,,0,0,0
2026-04-17,Week 2,West Hartford Green,,,,,,,,,,0,0,0
2026-04-17,Week 2,West Springfield 12U,,,,,,,,,,0,0,0
2026-04-17,Week 2,Westfield 12U Black,11.0,0.2994630938293491,1515.8354086380123,-1.4850105016889634,2.277487482573632,21.0,0.825,0.6666666666666666,0.5,2,2,4
2026-04-17,Week 2,Westfield 12U Red,1.0,2.370051361988895,1554.828325670665,3.5448283826168705,4.77201525467309,5.0,15.416666666666668,1.0,1.0,3,0,3
2026-04-17,Week 2,Wethersfield 12U A,,,,,,,,,,0,0,0
2026-04-17,Week 2,Wethersfield 12U B,,,,,,,,,,0,0,0
2026-04-17,Week 2,Wolcott 12U,7.0,0.8399269455427018,1516.5037782448405,2.6584500740306867,2.499796618994158,22.0,11.05,1.0,1.0,1,0,1
2026-04-24,Week 3,Agawam 12U,40.0,-2.1328409825612686,1460.776765575511,-3.250816096910224,-4.585013528585052,3.0,-16.2,0.0,0.0,0,2,2
2026-04-24,Week 3,Avon 12U,,,,,,,,,,0,0,0
2026-04-24,Week 3,Avon 12U B,,,,,,,,,,0,0,0
2026-04-24,Week 3,Belchertown 12U,30.0,-0.8254952289638662,1484.0778540551794,-2.738844031728981,-2.0730414634038077,4.0,-11.25,0.0,0.0,0,1,1
2026-04-24,Week 3,Berkshire,,,,,,,,,,0,0,0
2026-04-24,Week 3,Berlin 12U A,24.0,-0.3254952289638662,1489.2767610897533,-3.7388440317289806,1.9269585365961925,5.0,-7.1,0.0,0.0,0,1,1
2026-04-24,Week 3,Bristol 12U,22.0,-0.12147779549529307,1504.9174262136594,-2.569637188805186,0.8217226630866016,30.0,0.7499999999999996,0.6666666666666666,0.6666666666666666,2,1,3
2026-04-24,Week 3,Burlington 12U,4.0,2.1504991885241114,1537.8824209096213,5.27472551218357,2.920173764639917,6.0,15.2,1.0,1.0,2,0,2
2026-04-24,Week 3,Colchester 12U,13.0,0.5230749757594855,1520.8921602858131,-0.15425858177442323,1.4773082424072201,41.0,7.3,1.0,1.0,2,0,2
2026-04-24,Week 3,Connecticut Valley Youth Lacrosse,20.0,0.06026830010220219,1507.9393603812418,-0.06718507657921224,-0.049678886306044265,36.0,2.05,0.6666666666666666,0.6,35,38,73
2026-04-24,Week 3,East Longmeadow 12U A,19.0,0.07915815401795384,1505.899217997783,1.4099220440443938,-2.9687661766467692,31.0,0.7666666666666664,0.6666666666666666,0.6666666666666666,2,1,3
2026-04-24,Week 3,East Longmeadow 12U White,26.0,-0.3678592249135518,1496.1430233280412,0.526980828881055,-1.673402237428078,7.0,-4.65,0.5,0.5,1,1,2
2026-04-24,Week 3,Ellington 12U,41.0,-2.272277535366628,1448.9896018636177,-4.859427500124442,-8.512749729206076,8.0,-21.875,0.0,0.0,0,2,2
2026-04-24,Week 3,Farmington 12U Black,42.0,-2.272277535366628,1453.8480730394995,-4.0009894507051795,-8.769650527635955,9.0,-21.625,0.0,0.0,0,2,2
2026-04-24,Week 3,Farmington 12U Red,33.0,-1.1588285622971994,1479.362511308046,-5.738844031728981,-1.0730414634038077,10.0,-13.35,0.0,0.0,0,1,1
2026-04-24,Week 3,Glastonbury 12U Blue,12.0,0.6745047710361338,1515.8109065295562,0.2611559682710194,3.926958536596192,11.0,9.6,1.0,1.0,1,0,1
2026-04-24,Week 3,Glastonbury 12U White,,,,,,,,,,0,0,0
2026-04-24,Week 3,Granby 12U,28.0,-0.6429356605336762,1484.3485075923998,-1.1976721217377626,0.33807099716893213,38.0,-1.7833333333333328,0.3333333333333333,0.3333333333333333,1,2,3
2026-04-24,Week 3,Longmeadow 12U Black,,,,,,,,,,0,0,0
2026-04-24,Week 3,Longmeadow 12U White,,,,,,,,,,0,0,0
2026-04-24,Week 3,Meriden 12U,38.0,-1.4513007341051676,1459.999161831658,-3.373686666571615,-0.35536274572509,32.0,-10.4,0.0,0.0,0,3,3
2026-04-24,Week 3,Middletown 12U,25.0,-0.35516770633882583,1480.2449933731384,-2.695258942006604,2.3139553853070782,2.0,-7.675,0.0,0.0,0,2,2
2026-04-24,Week 3,Minnechaug 12U,5.0,1.5406137087650174,1535.612395178946,5.21192519904025,2.30450839414605,33.0,12.033333333333335,0.6666666666666666,0.6666666666666666,2,1,3
2026-04-24,Week 3,Minnechaug 12U White,11.0,0.7686920788361717,1519.2830750386229,0.8471921580968981,1.9843159964801116,12.0,4.925,0.5,0.5,1,1,2
2026-04-24,Week 3,Newington 12U,35.0,-1.255473534868369,1471.208511305402,-2.62757122000977,-1.1817760659725407,37.0,-6.816666666666667,0.3333333333333333,0.3333333333333333,1,2,3
2026-04-24,Week 3,Northampton 12U,34.0,-1.2279379798435373,1460.9613362340422,0.2666037040558339,-3.4000191049881914,34.0,-9.366666666666667,0.0,0.0,0,3,3
2026-04-24,Week 3,RHAM 12U,7.0,1.3333333333333333,1520.493334402028,4.2611559682710185,3.9269585365961923,13.0,14.2,1.0,1.0,1,0,1
2026-04-24,Week 3,Simsbury,,,,,,,,,,0,0,0
2026-04-24,Week 3,Simsbury 12U A,23.0,-0.3254952289638661,1489.2717652054532,3.2611559682710185,-5.073041463403808,14.0,-7.1,0.0,0.0,0,1,1
2026-04-24,Week 3,Simsbury 12U Blue,27.0,-0.4164693759147436,1479.8761629469402,-1.7388440317289808,0.4222870946777869,15.0,-7.875,0.0,0.0,0,2,2
2026-04-24,Week 3,Simsbury 14U Blue,,,,,,,,,,0,0,0
2026-04-24,Week 3,Somers 12U Red,21.0,0.01895069603529296,1500.7082961198953,-1.7195452218222582,1.9269585365961923,16.0,0.4,0.5,0.5,1,1,2
2026-04-24,Week 3,Somers 12U White,36.0,-1.325495228963866,1472.4068265552048,-5.738844031728981,-7.073041463403808,17.0,-20.85,0.0,0.0,0,1,1
2026-04-24,Week 3,Somers Juniors,10.0,1.0833558436880963,1519.438257889616,2.841058887088061,2.159481361426256,42.0,13.15,1.0,1.0,1,0,1
2026-04-24,Week 3,South Hadley 12U,39.0,-1.8355543430957075,1458.4440497260923,-1.2103128587807592,-9.487447944559145,18.0,-18.55,0.0,0.0,0,2,2
2026-04-24,Week 3,South Windsor 12U,32.0,-1.0776858634275424,1471.2554181580836,0.045509521481033176,-0.4705427857800249,1.0,-7.85,0.3333333333333333,0.5,2,2,4
2026-04-24,Week 3,Southington 12U Blue,6.0,1.4505904256615996,1535.7753348638962,2.72063864411716,1.5475345559748444,39.0,9.566666666666666,0.6666666666666666,0.6666666666666666,2,1,3
2026-04-24,Week 3,Southington 12U White,31.0,-0.8254952289638662,1482.1772851830883,-3.738844031728981,-1.0730414634038077,19.0,-11.25,0.0,0.0,0,1,1
2026-04-24,Week 3,Suffield 12U,1.0,2.8400480375079336,1570.3850828275986,6.169767551021587,4.9320773858684035,40.0,20.833333333333332,1.0,1.0,3,0,3
2026-04-24,Week 3,Suffield 12U White,8.0,1.2098831373494157,1528.4150779647014,0.9956089114037091,3.3800679479696543,20.0,11.4,1.0,1.0,2,0,2
2026-04-24,Week 3,Suffield B,,,,,,,,,,0,0,0
2026-04-24,Week 3,Suffield Juniors 1 Blue,,,,,,,,,,0,0,0
2026-04-24,Week 3,Tolland,,,,,,,,,,0,0,0
2026-04-24,Week 3,Tolland 12U,,,,,,,,,,0,0,0
2026-04-24,Week 3,Vernon 12U,37.0,-1.3254952289638662,1477.9927268362965,-3.7388440317289806,-4.073041463403808,21.0,-14.6,0.0,0.0,0,1,1
2026-04-24,Week 3,West Hartford 12U Gold,3.0,2.2857142857142856,1549.8414934734828,9.821920424331132,5.048487448716415,22.0,23.325,1.0,1.0,2,0,2
2026-04-24,Week 3,West Hartford 12U Green,9.0,1.1745047710361338,1520.570082167446,1.2611559682710194,5.926958536596192,23.0,13.15,1.0,1.0,1,0,1
2026-04-24,Week 3,West Hartford 12U White,29.0,-0.6588285622971994,1484.067299719925,-3.7388440317289806,-0.07304146340380768,24.0,-10.0,0.0,0.0,0,1,1
2026-04-24,Week 3,West Hartford Green,,,,,,,,,,0,0,0
2026-04-24,Week 3,West Springfield 12U,18.0,0.17450477103613382,1509.958904665764,-1.7388440317289806,2.9269585365961923,25.0,6.05,1.0,1.0,1,0,1
2026-04-24,Week 3,Westfield 12U Black,17.0,0.2761111464462223,1515.8354086380123,-0.9299339971269047,1.6922699552813136,26.0,0.425,0.6666666666666666,0.5,2,2,4
2026-04-24,Week 3,Westfield 12U Red,2.0,2.3787006173570235,1554.828325670665,4.199205950671582,4.226970269554071,35.0,15.416666666666668,1.0,1.0,3,0,3
2026-04-24,Week 3,Wethersfield 12U A,15.0,0.34117143770280045,1511.2257821478217,5.2611559682710185,-3.0730414634038077,27.0,7.1,1.0,1.0,1,0,1
2026-04-24,Week 3,Wethersfield 12U B,16.0,0.34117143770280045,1511.2750778845368,0.2611559682710194,1.9269585365961923,28.0,7.1,1.0,1.0,1,0,1
2026-04-24,Week 3,Wolcott 12U,14.0,0.3875922763987326,1518.2839438219203,-0.39620287159322015,1.409371372140777,29.0,4.55,0.6666666666666666,0.75,3,1,4
2026-05-01,Week 4,Agawam 12U,33.0,-0.7603825879267706,1489.6110176843397,0.8070589378535277,-2.652097488993915,3.0,-2.925,0.6666666666666666,0.5,2,2,4
2026-05-01,Week 4,Avon 12U,20.0,0.28340092100180697,1504.7642179942197,0.4210540924239546,0.6646796069704705,4.0,0.44999999999999996,0.5,0.5,1,1,2
2026-05-01,Week 4,Avon 12U B,19.0,0.2868970809238909,1504.3823440951535,-2.064180806904905,3.1621510660266234,5.0,1.05,0.5,0.5,1,1,2
2026-05-01,Week 4,Belchertown 12U,27.0,-0.2778999143912662,1504.1551084861887,-0.9550952874147608,0.30785932492615115,6.0,0.6166666666666663,0.6666666666666666,0.6666666666666666,2,1,3
2026-05-01,Week 4,Berkshire,,,,,,,,,,0,0,0
2026-05-01,Week 4,Berlin 12U A,29.0,-0.5670395335828007,1489.0338996544192,-1.9627418554873244,0.5444669084879558,7.0,-2.150000000000001,0.3333333333333333,0.3333333333333333,1,2,3
2026-05-01,Week 4,Bristol 12U,35.0,-1.0177641331676375,1471.7995280858843,-2.3518038095229423,-0.4840891601243769,8.0,-5.95,0.3333333333333333,0.4,2,3,5
2026-05-01,Week 4,Burlington 12U,6.0,1.8704040794299974,1546.5113059564042,3.769781457246039,1.6273520949635258,9.0,11.883333333333335,1.0,1.0,3,0,3
2026-05-01,Week 4,Colchester 12U,7.0,1.8659287947551726,1557.967331548637,0.29830075496974995,2.687708731902531,47.0,11.425,1.0,1.0,4,0,4
2026-05-01,Week 4,Connecticut Valley Youth Lacrosse,23.0,0.044496497764007915,1524.8604399676422,0.016122466695619904,0.011839657631961965,45.0,5.6,0.6666666666666666,0.6,76,80,156
2026-05-01,Week 4,East Longmeadow 12U A,44.0,-1.8023129828860522,1447.093336001114,-0.0005666060821102687,-4.8357766488818585,10.0,-6.9,0.0,0.4,2,4,6
2026-05-01,Week 4,East Longmeadow 12U White,25.0,-0.2666106269094658,1496.1545536617848,0.9090718598679027,-1.5262030557383774,11.0,-2.5,0.3333333333333333,0.3333333333333333,1,2,3
2026-05-01,Week 4,Ellington 12U,48.0,-2.1587337873946835,1442.7899705140085,-3.5664860166789945,-3.750661177295932,12.0,-12.5875,0.3333333333333333,0.25,1,3,4
2026-05-01,Week 4,Farmington 12U Black,40.0,-1.335253607748266,1472.3519972452868,-0.10837532615090513,-6.3540351930356245,13.0,-8.616666666666667,0.3333333333333333,0.3333333333333333,1,2,3
2026-05-01,Week 4,Farmington 12U Red,22.0,0.09497742573021695,1503.2341396235245,-1.8920984270422039,2.3183498929860638,14.0,2.2,0.5,0.5,1,1,2
2026-05-01,Week 4,Glastonbury 12U Blue,37.0,-1.2642107024487699,1460.9724483339992,-2.7340398290313295,0.8427721786276487,2.0,-7.45,0.0,0.25,1,3,4
2026-05-01,Week 4,Glastonbury 12U White,26.0,-0.27677804991541904,1480.5685950511897,1.413371077889674,-2.28826377670554,15.0,-6.85,0.0,0.0,0,2,2
2026-05-01,Week 4,Granby 12U,45.0,-1.8161009337829637,1441.4174843336907,-2.070532295856617,-0.7823903230621208,46.0,-11.5,0.3333333333333333,0.2,1,4,5
2026-05-01,Week 4,Longmeadow 12U Black,38.0,-1.3281205291173275,1477.0008311996778,-4.064180806904905,-4.8107118919109615,16.0,-16.25,0.0,0.0,0,1,1
2026-05-01,Week 4,Longmeadow 12U White,28.0,-0.32812052911732775,1489.3998710621472,-3.064180806904905,1.1892881080890385,17.0,-7.9,0.0,0.0,0,1,1
2026-05-01,Week 4,Meriden 12U,41.0,-1.4729412061038023,1459.999161831658,-3.7151421788085948,-0.11887056158011088,18.0,-11.0,0.0,0.0,0,3,3
2026-05-01,Week 4,Middletown 12U,36.0,-1.1885447691882096,1459.8236974120048,-2.440748808825385,0.4516439958240473,1.0,-11.566666666666668,0.0,0.0,0,3,3
2026-05-01,Week 4,Minnechaug 12U,3.0,2.526353175467189,1570.6154129877461,5.003589578365095,2.1772194093423263,19.0,7.85,0.6666666666666666,0.6,4,2,6
2026-05-01,Week 4,Minnechaug 12U White,9.0,1.5997545478405368,1549.280211810923,0.4271778104738761,3.266100398055433,20.0,6.475,1.0,0.75,3,1,4
2026-05-01,Week 4,Newington 12U,47.0,-2.1306508752296796,1425.3312194365362,-4.0449600083667105,-1.7776374744753383,44.0,-12.8,0.0,0.0,1,5,6
2026-05-01,Week 4,Northampton 12U,43.0,-1.7942306899040128,1433.2963550478112,-2.0744454269256227,-1.4201854769943028,21.0,-8.7,0.0,0.0,0,5,5
2026-05-01,Week 4,RHAM 12U,2.0,3.0,1564.1637224627411,5.3221929499601695,3.83081994718656,22.0,16.65,1.0,1.0,3,0,3
2026-05-01,Week 4,Simsbury,,,,,,,,,,0,0,0
2026-05-01,Week 4,Simsbury 12U A,42.0,-1.7505081700692775,1447.7742678145453,1.592139145341029,-8.517770539873952,23.0,-13.75,0.0,0.0,0,3,3
2026-05-01,Week 4,Simsbury 12U Blue,34.0,-0.8400189396195051,1466.5239832231239,-1.5538738898183269,-0.03233351353258317,24.0,-3.45,0.3333333333333333,0.2,1,4,5
2026-05-01,Week 4,Simsbury 14U Blue,,,,,,,,,,0,0,0
2026-05-01,Week 4,Somers 12U Red,18.0,0.29572974101838323,1511.3661112467648,-1.6824077902925778,2.564850908896367,25.0,3.3,0.6666666666666666,0.6666666666666666,2,1,3
2026-05-01,Week 4,Somers 12U White,15.0,0.9074006344007934,1520.3105213814335,3.0853519033754684,0.22147917766328568,26.0,6.0,0.6666666666666666,0.6666666666666666,2,1,3
2026-05-01,Week 4,Somers Juniors,14.0,0.947215667767815,1519.438257889616,0.3054270882491741,1.4277489381783859,48.0,13.95,1.0,1.0,1,0,1
2026-05-01,Week 4,South Hadley 12U,49.0,-2.4087109148745793,1430.0504615104974,-1.608691877015606,-6.846574438036423,27.0,-16.7375,0.0,0.0,0,4,4
2026-05-01,Week 4,South Windsor 12U,32.0,-0.6611946911672547,1489.717977294386,-0.8084807268858952,-1.4442756038380413,43.0,-0.8999999999999999,0.3333333333333333,0.6,3,2,5
2026-05-01,Week 4,Southington 12U Blue,16.0,0.4773536916937557,1508.3984063717926,0.6636304208285143,0.0180890038133575,41.0,-3.85,0.3333333333333333,0.4,3,3,6
2026-05-01,Week 4,Southington 12U White,21.0,0.2056142761001607,1503.1127696010576,-1.4785566518801192,2.2920370941187818,28.0,2.425,0.5,0.5,1,1,2
2026-05-01,Week 4,Suffield 12U,5.0,1.8943968859722322,1557.5218742680515,3.625830726064932,2.5610173000137944,42.0,11.15,0.6666666666666666,0.8,4,1,5
2026-05-01,Week 4,Suffield 12U White,13.0,0.977655163885923,1530.354770068375,-0.8501494678735657,3.143704062504993,29.0,4.5125,0.6666666666666666,0.75,3,1,4
2026-05-01,Week 4,Suffield B,,,,,,,,,,0,0,0
2026-05-01,Week 4,Suffield Juniors 1 Blue,12.0,1.1138823344344817,1524.4684641224067,5.305427088249175,2.427748938178386,49.0,21.45,1.0,1.0,1,0,1
2026-05-01,Week 4,Tolland,,,,,,,,,,0,0,0
2026-05-01,Week 4,Tolland 12U,39.0,-1.3281205291173277,1478.7864131732952,-5.064180806904905,-4.8107118919109615,30.0,-17.5,0.0,0.0,0,1,1
2026-05-01,Week 4,Vernon 12U,31.0,-0.6352125796958468,1484.9673744333477,-0.9267693258140502,-0.6733004108201072,31.0,-2.166666666666667,0.3333333333333333,0.3333333333333333,1,2,3
2026-05-01,Week 4,West Hartford 12U Gold,1.0,3.204358996295275,1616.3492669435366,6.400217334303311,3.6075912110721,32.0,17.0,1.0,1.0,6,0,6
2026-05-01,Week 4,West Hartford 12U Green,10.0,1.4865261565751797,1543.7004744687777,-0.4466421186219279,4.504542345377175,33.0,10.4,1.0,1.0,3,0,3
2026-05-01,Week 4,West Hartford 12U White,46.0,-1.8829916347827125,1439.5559554489573,-3.5010416339391424,-0.6418590684338604,34.0,-10.7125,0.0,0.0,0,4,4
2026-05-01,Week 4,West Hartford Green,,,,,,,,,,0,0,0
2026-05-01,Week 4,West Springfield 12U,8.0,1.8257865270198996,1547.4305300773153,0.7418241486409342,4.220770399300232,35.0,11.233333333333334,1.0,1.0,3,0,3
2026-05-01,Week 4,Westfield 12U Black,30.0,-0.6156924572089906,1482.7456722643415,-0.9836858718311401,0.02204356393239967,36.0,-2.85,0.0,0.4,2,5,7
2026-05-01,Week 4,Westfield 12U Red,4.0,2.516291582642246,1567.9730753542326,3.6194052987702423,3.5280845855841463,37.0,13.8625,1.0,1.0,4,0,4
2026-05-01,Week 4,Wethersfield 12U A,17.0,0.4342386221996512,1519.7414546373568,3.912935897900588,-2.2992702443137074,38.0,7.275,1.0,1.0,2,0,2
2026-05-01,Week 4,Wethersfield 12U B,24.0,-0.18899686354752634,1501.8324187911899,-0.772558006483789,0.008208246455710343,39.0,-1.166666666666667,0.6666666666666666,0.6666666666666666,2,1,3
2026-05-01,Week 4,Wolcott 12U,11.0,1.2374592863741822,1541.3012981268673,1.3729360544230942,0.8422531981064612,40.0,3.7,0.6666666666666666,0.6,5,2,7
2026-05-08,Week 5,Agawam 12U,32.0,-0.6398633145575201,1494.4943092280982,1.5820171951205129,-2.6031977862736557,2.0,-1.9000000000000008,0.6666666666666666,0.6,3,3,6
2026-05-08,Week 5,Avon 12U,19.0,0.2882665956393729,1504.7642179942197,0.4972726061573468,0.6266262695855921,3.0,0.25,0.5,0.5,1,1,2
2026-05-08,Week 5,Avon 12U B,18.0,0.38450322793188824,1514.3224733502525,-1.2768697279966186,2.4171774601534537,4.0,2.916666666666666,0.6666666666666666,0.6666666666666666,2,1,3
2026-05-08,Week 5,Belchertown 12U,30.0,-0.4630397402603143,1509.9411445211665,-0.7564559152998513,0.02251551582774181,5.0,3.55,0.6666666666666666,0.8,4,2,6
2026-05-08,Week 5,Berkshire,,,,,,,,,,0,0,0
2026-05-08,Week 5,Berlin 12U A,31.0,-0.6150767021333738,1479.443007176262,-2.199186517622067,0.9302297288271096,6.0,-4.375,0.3333333333333333,0.25,1,3,4
2026-05-08,Week 5,Bristol 12U,38.0,-1.4368856004652495,1445.8295331416732,-2.68036949654338,-0.29738613653228374,7.0,-5.1,0.0,0.2,2,5,7
2026-05-08,Week 5,Burlington 12U,6.0,2.2971091890624904,1574.0638671057975,2.7891719308042697,2.0996406317761034,8.0,11.45,1.0,1.0,5,0,5
2026-05-08,Week 5,Colchester 12U,25.0,-0.019087813687294015,1495.0865771181675,-0.7479503890584481,1.3042403737733277,1.0,-6.15,0.0,0.2,4,4,8
2026-05-08,Week 5,Connecticut Valley Youth Lacrosse,23.0,0.10261479054110277,1511.728827364673,0.04211650699910133,0.022446729091717656,43.0,-1.0499999999999998,0.3333333333333333,0.4,108,109,217
2026-05-08,Week 5,East Longmeadow 12U A,36.0,-1.3763998775565858,1460.6420460944128,0.0838387299073943,-3.699476821591397,9.0,-4.05,0.3333333333333333,0.4,3,4,7
2026-05-08,Week 5,East Longmeadow 12U White,35.0,-0.9655078910325401,1480.3356422486438,-0.6980593337059969,-1.359367630112085,10.0,-6.4,0.0,0.25,1,3,4
2026-05-08,Week 5,Ellington 12U,47.0,-2.1684609798017647,1442.7899705140085,-3.4934140326344116,-3.8753528846139136,11.0,-13.3875,0.3333333333333333,0.25,1,3,4
2026-05-08,Week 5,Farmington 12U Black,45.0,-1.8820011987428684,1446.620441148935,-0.027822060044320404,-5.286515652540339,12.0,-9.85,0.3333333333333333,0.2,1,4,5
2026-05-08,Week 5,Farmington 12U Red,15.0,0.8272160647914651,1526.6646428137963,-0.45463067971266946,2.224028600300733,13.0,3.9499999999999997,0.6666666666666666,0.6,3,2,5
2026-05-08,Week 5,Glastonbury 12U Blue,37.0,-1.3811341462087594,1460.9724483339992,-3.4101358023969555,0.34502003349761884,39.0,-6.45,0.0,0.25,1,3,4
2026-05-08,Week 5,Glastonbury 12U White,27.0,-0.2747651627614159,1480.5685950511897,1.4913080584448595,-2.3380203371046813,14.0,-6.45,0.0,0.0,0,2,2
2026-05-08,Week 5,Granby 12U,48.0,-2.221286409302031,1396.0381632174706,-2.457295640021462,-0.3165149745527714,42.0,-9.8,0.0,0.0,1,8,9
2026-05-08,Week 5,Longmeadow 12U Black,26.0,-0.12517252651641858,1496.120380673734,-0.16668741582529714,0.3509325166183065,15.0,0.5166666666666662,0.3333333333333333,0.3333333333333333,1,2,3
2026-05-08,Week 5,Longmeadow 12U White,28.0,-0.32694634494415925,1489.3998710621472,-2.991706576743689,1.1449942980838665,16.0,-7.3,0.0,0.0,0,1,1
2026-05-08,Week 5,Meriden 12U,39.0,-1.474636852822905,1459.999161831658,-3.647111702400957,-0.17028744745498986,17.0,-10.4,0.0,0.0,0,3,3
2026-05-08,Week 5,Middletown 12U,40.0,-1.5201819587617633,1456.763028444499,-2.783830245043072,-0.19487261486397303,36.0,-5.75,0.3333333333333333,0.2,1,4,5
2026-05-08,Week 5,Minnechaug 12U,3.0,2.9988543324952737,1607.7332502459578,5.64192919063716,2.853660126680281,18.0,14.15,1.0,0.8,6,2,8
2026-05-08,Week 5,Minnechaug 12U White,10.0,1.4092530615424592,1549.460277612725,0.11409876913385936,2.584497634699117,19.0,6.6000000000000005,0.6666666666666666,0.8,4,2,6
2026-05-08,Week 5,Newington 12U,42.0,-1.6958012812608825,1438.785450923916,-3.604439283316773,-0.7869244523095897,46.0,-8.05,0.3333333333333333,0.2,2,5,7
2026-05-08,Week 5,Northampton 12U,41.0,-1.6773140179964159,1426.0737840290576,-1.5718904951018813,-1.3882194135530819,20.0,-8.35,0.0,0.0,0,6,6
2026-05-08,Week 5,RHAM 12U,2.0,3.1541379627528743,1592.4039332096186,3.8624250593443192,3.1104997476392473,37.0,13.95,1.0,1.0,5,0,5
2026-05-08,Week 5,Simsbury,,,,,,,,,,0,0,0
2026-05-08,Week 5,Simsbury 12U A,44.0,-1.77635686358167,1447.203031416817,0.6692591989082388,-6.388347496991336,47.0,-11.05,0.3333333333333333,0.2,1,4,5
2026-05-08,Week 5,Simsbury 12U Blue,43.0,-1.7602866673362667,1425.3085963229046,-2.106304469443398,-0.771049675682395,21.0,-7.3,0.0,0.2,1,7,8
2026-05-08,Week 5,Simsbury 14U Blue,,,,,,,,,,0,0,0
2026-05-08,Week 5,Somers 12U Red,22.0,0.12282838465183896,1501.8412274021198,-1.4422362261921984,1.833565882663969,22.0,-0.2875000000000001,0.6666666666666666,0.5,2,2,4
2026-05-08,Week 5,Somers 12U White,16.0,0.6753854941059352,1521.8831872998298,1.7516146275747781,-0.020266093141163146,40.0,5.199999999999999,0.6666666666666666,0.6,3,2,5
2026-05-08,Week 5,Somers Juniors,13.0,0.9839658345955529,1519.438257889616,0.676374825575154,1.9388052047181175,49.0,13.75,1.0,1.0,1,0,1
2026-05-08,Week 5,South Hadley 12U,50.0,-3.4748648348976574,1389.2363551042754,-2.080424030938482,-8.966652546446296,23.0,-17.25,0.0,0.0,0,6,6
2026-05-08,Week 5,South Windsor 12U,33.0,-0.6612827911971267,1490.0768752610056,0.5034598101042015,-2.236163856940998,45.0,1.9,0.3333333333333333,0.6,5,4,9
2026-05-08,Week 5,Southington 12U Blue,17.0,0.5849925157060804,1519.246950168999,1.2137463666825694,-0.1541144610397773,35.0,-0.15000000000000036,0.6666666666666666,0.6,4,3,7
2026-05-08,Week 5,Southington 12U White,29.0,-0.45847776750286684,1494.6446804994093,-2.0133560612797714,1.0967468754034542,24.0,-3.6500000000000004,0.6666666666666666,0.5,2,2,4
2026-05-08,Week 5,Suffield 12U,8.0,1.9720654143454046,1557.5218742680515,3.595343018332453,3.0216019533048994,41.0,10.95,0.6666666666666666,0.8,4,1,5
2026-05-08,Week 5,Suffield 12U White,14.0,0.9755304416458519,1541.1798246438193,-0.5872096884297988,2.6532363627266364,25.0,5.1,0.6666666666666666,0.8,4,1,5
2026-05-08,Week 5,Suffield B,20.0,0.17305365505584072,1510.8156720394425,0.008293423256310994,1.1449942980838665,26.0,6.65,1.0,1.0,1,0,1
2026-05-08,Week 5,Suffield Juniors 1 Blue,12.0,1.1506325012622196,1524.4684641224067,5.676374825575154,2.9388052047181175,50.0,21.05,1.0,1.0,1,0,1
2026-05-08,Week 5,Tolland,,,,,,,,,,0,0,0
2026-05-08,Week 5,Tolland 12U,49.0,-2.2804946487575712,1456.3394610722323,-4.676612199947261,-6.82173582007057,44.0,-20.95,0.0,0.0,0,2,2
2026-05-08,Week 5,Vernon 12U,34.0,-0.8054596281616734,1474.5895596751648,-0.6471887215509402,-1.0501296508076918,27.0,-5.2,0.3333333333333333,0.25,1,3,4
2026-05-08,Week 5,West Hartford 12U Gold,1.0,3.6415200510123675,1635.3998496080528,6.442428679114005,3.5145107936563145,28.0,15.25,1.0,1.0,7,0,7
2026-05-08,Week 5,West Hartford 12U Green,7.0,1.9928919777651652,1571.6905522869627,0.358320745824313,3.6807385389409912,38.0,10.4,1.0,1.0,5,0,5
2026-05-08,Week 5,West Hartford 12U White,46.0,-1.962644048321046,1420.1630729398114,-3.2738891968838377,-0.20932576736628108,29.0,-9.5,0.0,0.0,0,6,6
2026-05-08,Week 5,West Hartford Green,,,,,,,,,,0,0,0
2026-05-08,Week 5,West Springfield 12U,5.0,2.3277609023902577,1572.647524432557,0.5814170617880685,3.4606740807295457,48.0,11.2,1.0,1.0,5,0,5
2026-05-08,Week 5,Westfield 12U Black,21.0,0.1585397781196718,1508.031259553073,0.1962753733334234,0.3239227267124151,30.0,1.4500000000000002,0.3333333333333333,0.4,3,5,8
2026-05-08,Week 5,Westfield 12U Red,4.0,2.4392249087215725,1572.9168274303604,2.4894314711466774,3.3637780466408245,31.0,8.1,0.6666666666666666,0.8,5,1,6
2026-05-08,Week 5,Wethersfield 12U A,11.0,1.326742581003083,1542.612063674857,3.9975024445145397,-0.34455643750118414,32.0,10.166666666666668,1.0,1.0,3,0,3
2026-05-08,Week 5,Wethersfield 12U B,24.0,-0.0037636172017758034,1504.7051903411295,-0.3829952354433558,0.29211492808535244,33.0,1.95,0.3333333333333333,0.6,3,2,5
2026-05-08,Week 5,Wolcott 12U,9.0,1.548458137418779,1556.9945980910238,1.3509278437058483,1.2802824206048007,34.0,7.45,1.0,0.8,6,2,8
2026-05-15,Week 6,Agawam 12U,38.0,-1.1336180719979216,1481.9976120140159,1.196082171256616,-3.1883324123721333,12.0,-0.1000000000000002,0.3333333333333333,0.6,4,4,8
2026-05-15,Week 6,Avon 12U,10.0,1.3412378426501204,1528.502929226763,2.0918346994347177,2.7016565519009688,13.0,8.883333333333333,0.6666666666666666,0.6666666666666666,2,1,3
2026-05-15,Week 6,Avon 12U B,15.0,0.9515825407321262,1542.6369594608768,-1.221548264826999,3.22770629394165,14.0,5.850000000000001,1.0,0.8,4,1,5
2026-05-15,Week 6,Belchertown 12U,32.0,-0.47733469082835617,1509.9411445211665,-0.8328040737415813,0.06068342153999317,15.0,3.55,0.6666666666666666,0.8,4,2,6
2026-05-15,Week 6,Berkshire,19.0,0.6723884970916887,1514.7821951821531,2.9454565558972456,1.1918673743032855,16.0,9.6,1.0,1.0,1,0,1
2026-05-15,Week 6,Berlin 12U A,22.0,0.3056462932335812,1510.0272408695557,-0.4515292254468776,1.856041135143448,17.0,6.0,0.6666666666666666,0.6,3,4,7
2026-05-15,Week 6,Bristol 12U,41.0,-1.570302259259975,1431.3342163608265,-2.5723334221239242,-0.25480867245000893,18.0,-9.0,0.0,0.0,2,7,9
2026-05-15,Week 6,Burlington 12U,17.0,0.7520253748198548,1527.56079959026,2.388685270381743,-1.180764429985334,19.0,-1.4500000000000004,0.3333333333333333,0.6,5,2,7
2026-05-15,Week 6,Colchester 12U,28.0,0.02430052332246589,1495.0865771181675,-0.8127829862295072,1.5158264007740343,1.0,-7.15,0.0,0.2,4,4,8
2026-05-15,Week 6,Connecticut Valley Youth Lacrosse,27.0,0.07454642673359435,1489.77095831683,-0.0020467679148512973,0.027848252723291653,2.0,0.1499999999999999,0.6666666666666666,0.6,140,143,283
2026-05-15,Week 6,East Longmeadow 12U A,40.0,-1.5612087135591322,1432.2364698380823,-0.2888723705493005,-3.297468755947467,43.0,-3.25,0.3333333333333333,0.4,4,7,11
2026-05-15,Week 6,East Longmeadow 12U White,36.0,-1.0472370588471411,1469.0821988455539,-1.0196929133970267,-0.9717882566468571,20.0,-5.7,0.0,0.2,1,4,5
2026-05-15,Week 6,Ellington 12U,37.0,-1.0605153345721656,1470.2034370996446,-1.8088504572771475,-2.2310186251127124,21.0,-4.8,0.6666666666666666,0.4,2,3,5
2026-05-15,Week 6,Farmington 12U Black,48.0,-2.2963442764945343,1427.5939638291754,-0.4834919149867091,-5.001150360649933,22.0,-9.9,0.0,0.2,1,5,6
2026-05-15,Week 6,Farmington 12U Red,16.0,0.8190933897248702,1535.9399484776116,-0.45407900997906825,2.0587431721250624,23.0,6.75,1.0,0.8,4,2,6
2026-05-15,Week 6,Glastonbury 12U Blue,39.0,-1.3537921706443052,1442.4603919711185,-2.9252225282423554,0.5082125896217895,9.0,-10.15,0.0,0.0,1,5,6
2026-05-15,Week 6,Glastonbury 12U White,21.0,0.471578477189235,1499.6072173403818,2.4073903415231173,-1.3612404394942481,24.0,0.8000000000000005,0.6666666666666666,0.4,2,3,5
2026-05-15,Week 6,Granby 12U,43.0,-1.7370620865004993,1419.2631365322525,-1.6299728948715728,-0.8220176224558683,4.0,-3.5,0.3333333333333333,0.4,3,10,13
2026-05-15,Week 6,Longmeadow 12U Black,26.0,0.11093138852415145,1507.9750637440175,0.32553801746004213,0.31405971849816033,25.0,0.3125,0.6666666666666666,0.5,2,2,4
2026-05-15,Week 6,Longmeadow 12U White,31.0,-0.3276115029083112,1489.3998710621472,-3.0545434441027544,1.1918673743032855,26.0,-7.5,0.0,0.0,0,1,1
2026-05-15,Week 6,Meriden 12U,33.0,-0.4965761251778538,1480.3624886712435,-1.7392228279360273,0.9909424181386766,27.0,-2.75,0.3333333333333333,0.4,2,5,7
2026-05-15,Week 6,Middletown 12U,46.0,-2.0209940432967874,1416.2830898798845,-3.3368351766319018,0.12870810604883876,11.0,-7.8,0.0,0.2,1,7,8
2026-05-15,Week 6,Minnechaug 12U,2.0,3.3729461427256013,1624.2378435546043,5.8536077359849825,3.3007898040238732,28.0,19.5,1.0,1.0,7,2,9
2026-05-15,Week 6,Minnechaug 12U White,9.0,1.4657035018256093,1558.0559573349685,0.044725052737103435,2.570902469471483,29.0,6.250000000000001,0.6666666666666666,0.8,5,2,7
2026-05-15,Week 6,Newington 12U,45.0,-1.8838432600678154,1431.3959419644739,-3.415254250050206,-1.1710420936737258,46.0,-5.7,0.6666666666666666,0.4,3,6,9
2026-05-15,Week 6,Northampton 12U,42.0,-1.6856122489541625,1426.0737840290576,-1.6178345833432608,-1.3694615920889723,30.0,-8.35,0.0,0.0,0,6,6
2026-05-15,Week 6,RHAM 12U,3.0,3.2862388999106407,1614.485999712327,3.7171083643835114,2.5713584302386554,45.0,12.5,1.0,1.0,7,0,7
2026-05-15,Week 6,Simsbury,,,,,,,,,,0,0,0
2026-05-15,Week 6,Simsbury 12U A,49.0,-2.5815565140960843,1411.2121627994568,-0.3798665016155607,-5.852792581621657,47.0,-9.0,0.0,0.2,1,6,7
2026-05-15,Week 6,Simsbury 12U Blue,44.0,-1.7674802690132148,1416.5087979627983,-2.2801431889121586,-0.48065366484783034,31.0,-6.45,0.0,0.2,1,8,9
2026-05-15,Week 6,Simsbury 14U Blue,,,,,,,,,,0,0,0
2026-05-15,Week 6,Somers 12U Red,25.0,0.12215101348052664,1501.8412274021198,-1.5152784705394364,1.8931111985210196,32.0,-0.6875,0.6666666666666666,0.5,2,2,4
2026-05-15,Week 6,Somers 12U White,18.0,0.6740238692155379,1521.8831872998298,1.6556585305820224,0.16263938553016843,5.0,5.0,0.6666666666666666,0.6,3,2,5
2026-05-15,Week 6,Somers Juniors,14.0,1.0278848239424012,1519.438257889616,0.40937261120341706,3.259863163414218,50.0,13.75,1.0,1.0,1,0,1
2026-05-15,Week 6,South Hadley 12U,50.0,-3.4978774506312735,1367.6277692821682,-2.2429490924751527,-6.7754882350723555,33.0,-17.55,0.0,0.0,0,8,8
2026-05-15,Week 6,South Windsor 12U,30.0,-0.13536584099515817,1500.6120864074262,1.829245049501671,-1.9979015087217324,3.0,-2.4999999999999996,0.6666666666666666,0.4,7,6,13
2026-05-15,Week 6,Southington 12U Blue,13.0,1.1588920281013344,1549.0581770655567,2.6146588684182985,-0.6890044190054527,8.0,4.400000000000001,1.0,0.8,6,3,9
2026-05-15,Week 6,Southington 12U White,35.0,-0.8318676020172713,1478.41447999347,-2.7223159176038467,1.1615736612197025,34.0,-3.3999999999999995,0.3333333333333333,0.4,2,3,5
2026-05-15,Week 6,Suffield 12U,8.0,1.8671533136587901,1560.6232565058492,2.8467135294862222,2.2576114751144916,7.0,4.1,0.3333333333333333,0.6,5,2,7
2026-05-15,Week 6,Suffield 12U White,11.0,1.2529984873731723,1562.5723387053358,-0.7817392592145856,3.0327296137904223,35.0,5.15,1.0,0.8,6,1,7
2026-05-15,Week 6,Suffield B,23.0,0.1723884970916888,1510.8156720394425,-0.05454344410275436,1.1918673743032855,36.0,6.05,1.0,1.0,1,0,1
2026-05-15,Week 6,Suffield Juniors 1 Blue,12.0,1.194551490609068,1524.4684641224067,5.409372611203417,4.2598631634142174,51.0,21.25,1.0,1.0,1,0,1
2026-05-15,Week 6,Tolland,,,,,,,,,,0,0,0
2026-05-15,Week 6,Tolland 12U,51.0,-3.883284032837635,1397.750044117256,-4.856008239841599,-5.141380824320052,49.0,-16.95,0.0,0.0,0,5,5
2026-05-15,Week 6,Vernon 12U,34.0,-0.5492087992299374,1478.2163727978345,-0.5789672251314465,-0.3910988779217501,6.0,-1.75,0.3333333333333333,0.4,2,4,6
2026-05-15,Week 6,West Hartford 12U Gold,1.0,3.6516609900727053,1646.306061481332,6.054242899603347,3.0877849597615463,37.0,12.25,1.0,1.0,8,0,8
2026-05-15,Week 6,West Hartford 12U Green,5.0,2.575388291854568,1588.1431482009782,0.6069041036867528,4.182173877047645,10.0,10.65,1.0,1.0,6,0,6
2026-05-15,Week 6,West Hartford 12U White,47.0,-2.0445038945592837,1410.2625608416756,-3.4609388552108244,0.05906798361673687,38.0,-9.5,0.0,0.0,0,7,7
2026-05-15,Week 6,West Hartford Green,,,,,,,,,,0,0,0
2026-05-15,Week 6,West Springfield 12U,4.0,2.6959240152166264,1587.3492777123097,0.9190254569551249,3.679064008474515,48.0,12.45,1.0,1.0,6,0,6
2026-05-15,Week 6,Westfield 12U Black,24.0,0.1433878991955625,1508.031259553073,0.09325374456208606,0.3859887197921255,39.0,1.25,0.3333333333333333,0.4,3,5,8
2026-05-15,Week 6,Westfield 12U Red,6.0,2.3912634719349577,1581.6543760548125,2.210571810093037,3.0584834425621694,40.0,7.6,0.6666666666666666,0.8,6,1,7
2026-05-15,Week 6,Wethersfield 12U A,20.0,0.6314857412418693,1524.9332693491313,2.8252781467124763,-1.3014422812678714,41.0,2.375,0.6666666666666666,0.75,3,1,4
2026-05-15,Week 6,Wethersfield 12U B,29.0,-0.001136181294454754,1504.7051903411295,-0.44758880852633626,0.34965151624292357,42.0,1.3499999999999999,0.3333333333333333,0.6,3,2,5
2026-05-15,Week 6,Wolcott 12U,7.0,1.892152638176304,1571.2751255278324,1.6722156880662928,1.384952936490001,44.0,9.2,0.6666666666666666,0.8,8,3,11
2026-05-22,Week 7,Agawam 12U,41.0,-1.6415862334658533,1447.597444097381,0.3028213072076446,-3.3525980385188907,12.0,-11.6,0.3333333333333333,0.2,4,6,10
2026-05-22,Week 7,Avon 12U,13.0,1.260729731290269,1538.723096347304,1.989084062174877,1.694016403239915,13.0,6.475,0.6666666666666666,0.75,3,1,4
2026-05-22,Week 7,Avon 12U B,12.0,1.333118758184675,1557.7426842189097,-0.8769979251743062,3.3776952739689716,14.0,6.350000000000001,1.0,0.8,5,1,6
2026-05-22,Week 7,Belchertown 12U,34.0,-0.21260388427783047,1517.7260777490058,-0.5911147703520891,0.31704390915378017,15.0,4.75,0.6666666666666666,0.8,6,3,9
2026-05-22,Week 7,Berkshire,18.0,0.669813682895709,1514.7821951821531,2.9027899792957808,1.1727384102012337,16.0,9.8,1.0,1.0,1,0,1
2026-05-22,Week 7,Berlin 12U A,27.0,0.16896489009059323,1500.2819399846578,-0.8769991385406648,1.8684161307421223,17.0,0.9500000000000004,0.6666666666666666,0.4,3,5,8
2026-05-22,Week 7,Bristol 12U,38.0,-1.41225056051477,1434.8818885737494,-2.5155457519186615,0.1193741133574821,18.0,-4.6,0.3333333333333333,0.2,3,8,11
2026-05-22,Week 7,Burlington 12U,29.0,0.006986338036920562,1501.0823460575928,1.8692077661973103,-2.3863884688134007,19.0,-7.85,0.0,0.4,5,3,8
2026-05-22,Week 7,Colchester 12U,16.0,0.7327756816214896,1523.9650786605553,-0.25889576816271387,0.9040643587245799,48.0,-0.19999999999999973,0.6666666666666666,0.4,6,4,10
2026-05-22,Week 7,Connecticut Valley Youth Lacrosse,28.0,0.03364258047210593,1500.5617885195252,-0.005389101707226981,0.0273858768237387,42.0,0.7500000000000002,0.3333333333333333,0.4,176,185,361
2026-05-22,Week 7,East Longmeadow 12U A,44.0,-1.7232981438921182,1418.1169530608813,-0.3952621405534155,-3.2796393925634995,20.0,-8.35,0.3333333333333333,0.2,4,8,12
2026-05-22,Week 7,East Longmeadow 12U White,37.0,-1.387912243467434,1444.2049504600423,-1.2159315676136855,-1.106700271922012,9.0,-8.5,0.0,0.0,1,6,7
2026-05-22,Week 7,Ellington 12U,32.0,-0.1896849440760102,1499.5423401663065,-1.1655905398387196,-0.8637439918956762,49.0,6.550000000000001,1.0,0.8,4,3,7
2026-05-22,Week 7,Farmington 12U Black,48.0,-2.3138764643302494,1427.5939638291754,-0.5394797463492594,-5.046586708368216,21.0,-9.7,0.0,0.2,1,5,6
2026-05-22,Week 7,Farmington 12U Red,23.0,0.2250248128424856,1511.4738764507567,-0.954934443252047,1.3772460562438467,22.0,2.1999999999999997,0.3333333333333333,0.6,4,4,8
2026-05-22,Week 7,Glastonbury 12U Blue,39.0,-1.532839637224514,1409.9768208031937,-3.2615746353041937,1.0241554027637871,8.0,-6.9,0.0,0.0,1,8,9
2026-05-22,Week 7,Glastonbury 12U White,8.0,1.6962701264128934,1542.9712231787478,3.883230055127549,-0.7639726114611354,10.0,9.5,1.0,0.8,4,3,7
2026-05-22,Week 7,Granby 12U,43.0,-1.6808592389104484,1403.4068954567485,-1.7586051576892632,-0.6239310437253368,41.0,-7.0,0.0,0.2,3,12,15
2026-05-22,Week 7,Longmeadow 12U Black,33.0,-0.20012761266893986,1497.5282236341147,0.9792620197846094,-0.720662095909123,23.0,-1.3000000000000005,0.3333333333333333,0.6,4,4,8
2026-05-22,Week 7,Longmeadow 12U White,35.0,-0.330186317104291,1489.3998710621472,-3.0972100207042192,1.1727384102012337,24.0,-8.3,0.0,0.0,0,1,1
2026-05-22,Week 7,Meriden 12U,31.0,-0.11669546627580321,1488.5675240920048,-1.384460105482389,1.2595801167316782,25.0,0.15000000000000036,0.3333333333333333,0.4,3,6,9
2026-05-22,Week 7,Middletown 12U,47.0,-1.9974875116811595,1416.2830898798845,-3.390161733066002,0.3023007153440343,5.0,-7.6,0.0,0.2,1,7,8
2026-05-22,Week 7,Minnechaug 12U,6.0,2.435074336964186,1598.6445178151955,4.273023246562133,2.0179282257218927,26.0,10.0,0.6666666666666666,0.8,8,3,11
2026-05-22,Week 7,Minnechaug 12U White,10.0,1.4585136750595722,1569.6452160038093,-0.262809991176297,2.5882553333917255,27.0,2.7499999999999996,0.6666666666666666,0.6,6,3,9
2026-05-22,Week 7,Newington 12U,42.0,-1.6528195377928387,1443.5875845279872,-3.1486155554837114,-0.7963887398296396,45.0,-1.2,0.6666666666666666,0.6,4,6,10
2026-05-22,Week 7,Northampton 12U,45.0,-1.7384217857518658,1414.144968092574,-1.8184916680293128,-0.8290737065730504,28.0,-6.2,0.3333333333333333,0.2,1,8,9
2026-05-22,Week 7,RHAM 12U,3.0,3.2970512465776785,1624.0633940823657,3.422552510452017,2.6966489662453808,43.0,10.8,1.0,1.0,8,0,8
2026-05-22,Week 7,Simsbury,,,,,,,,,,0,0,0
2026-05-22,Week 7,Simsbury 12U A,49.0,-3.5803860027966348,1360.5585214921564,-1.2583662960163662,-5.648189044436175,46.0,-15.25,0.0,0.0,1,9,10
2026-05-22,Week 7,Simsbury 12U Blue,40.0,-1.551079144821406,1428.3410852811398,-2.180616287114161,-0.18997012229550106,29.0,-6.0,0.3333333333333333,0.2,2,8,10
2026-05-22,Week 7,Simsbury 14U Blue,,,,,,,,,,0,0,0
2026-05-22,Week 7,Somers 12U Red,25.0,0.20683538523594971,1503.1151904175506,-1.0013294784290214,1.4371739768176899,30.0,2.55,0.3333333333333333,0.6,3,3,6
2026-05-22,Week 7,Somers 12U White,20.0,0.38634799109323864,1510.6061262433298,1.0159941869916829,0.11694578543932653,3.0,5.35,0.3333333333333333,0.6,3,3,6
2026-05-22,Week 7,Somers Juniors,15.0,1.0419279621657285,1519.438257889616,0.801585107363378,3.204685984614102,50.0,13.55,1.0,1.0,1,0,1
2026-05-22,Week 7,South Hadley 12U,50.0,-4.188972849182044,1320.1757689688322,-2.822892266764406,-7.544738701638442,31.0,-17.0,0.0,0.0,0,11,11
2026-05-22,Week 7,South Windsor 12U,21.0,0.268253490339562,1529.5779583895223,2.077550693165654,-1.4870073294938382,2.0,6.950000000000001,1.0,0.8,9,6,15
2026-05-22,Week 7,Southington 12U Blue,24.0,0.21137188821176825,1507.021508356124,1.8365940603420925,-1.5174009357292342,7.0,-0.35000000000000064,0.3333333333333333,0.6,6,5,11
2026-05-22,Week 7,Southington 12U White,36.0,-1.3174448129405187,1466.9656861799608,-3.4921534066348268,1.2903228765738404,11.0,-5.2,0.3333333333333333,0.4,3,4,7
2026-05-22,Week 7,Suffield 12U,4.0,3.2238924867935737,1625.211932668075,4.697379510667088,2.571031978097176,6.0,12.25,1.0,0.8,8,2,10
2026-05-22,Week 7,Suffield 12U White,11.0,1.4019734165977296,1582.358751863813,-0.5757317000598696,2.735338117079225,32.0,5.3500000000000005,0.6666666666666666,0.8,8,2,10
2026-05-22,Week 7,Suffield B,26.0,0.16981368289570892,1510.8156720394425,-0.09721002070421925,1.1727384102012337,33.0,6.05,1.0,1.0,1,0,1
2026-05-22,Week 7,Suffield Juniors 1 Blue,14.0,1.208594628832395,1524.4684641224067,5.801585107363378,4.204685984614102,51.0,20.85,1.0,1.0,1,0,1
2026-05-22,Week 7,Tolland,,,,,,,,,,0,0,0
2026-05-22,Week 7,Tolland 12U,51.0,-4.363686487294849,1366.986232589341,-3.7994787252476394,-5.138656472874515,44.0,-15.0,0.0,0.0,0,7,7
2026-05-22,Week 7,Vernon 12U,22.0,0.25382804003234,1502.1366540278216,0.35132678348765595,0.3128531938764312,4.0,5.999999999999999,0.6666666666666666,0.6,3,4,7
2026-05-22,Week 7,West Hartford 12U Gold,1.0,3.9927748008510417,1658.2087594783254,6.020726355132694,3.2297272463573927,34.0,14.0,1.0,1.0,9,0,9
2026-05-22,Week 7,West Hartford 12U Green,9.0,1.6201199143888212,1555.5513769243264,-0.31723267529098065,3.1264302725654445,1.0,3.1,0.3333333333333333,0.6,6,2,8
2026-05-22,Week 7,West Hartford 12U White,46.0,-1.8532569478221363,1412.8547149604883,-3.157720049167845,0.20282380107963435,35.0,-7.6,0.0,0.0,0,8,8
2026-05-22,Week 7,West Hartford Green,,,,,,,,,,0,0,0
2026-05-22,Week 7,West Springfield 12U,5.0,2.8907521117016604,1617.163993685734,1.4150156298179106,2.886560274583358,47.0,9.75,1.0,1.0,9,0,9
2026-05-22,Week 7,Westfield 12U Black,30.0,-0.058553984971002206,1495.1033210092733,-0.26497043858724634,0.3502141413797605,36.0,-4.3,0.3333333333333333,0.2,3,6,9
2026-05-22,Week 7,Westfield 12U Red,2.0,3.6263335227046793,1639.691719525436,4.465796804653097,3.6673148057313454,37.0,13.2,1.0,0.8,9,1,10
2026-05-22,Week 7,Wethersfield 12U A,17.0,0.7056365297934254,1528.0087743800366,2.2966468750743982,-0.9463336116636907,38.0,3.5,0.3333333333333333,0.6,4,2,6
2026-05-22,Week 7,Wethersfield 12U B,19.0,0.4364541468210426,1519.9380498116197,-0.32035518199454194,0.9721416360076854,39.0,4.7,0.6666666666666666,0.6,5,3,8
2026-05-22,Week 7,Wolcott 12U,7.0,1.874445040973594,1579.2055277088598,1.4498239910793909,1.44076532503787,40.0,7.950000000000001,0.6666666666666666,0.8,9,3,12
2026-05-29,Week 8,Agawam 12U,37.0,-0.9507250757495327,1468.7434477526672,0.9454369010637719,-2.6389451239983694,2.0,-2.1999999999999997,0.3333333333333333,0.4,5,7,12
2026-05-29,Week 8,Avon 12U,13.0,1.2599542872550293,1538.723096347304,2.046830445797084,1.6538524235932945,7.0,6.675,0.6666666666666666,0.75,3,1,4
2026-05-29,Week 8,Avon 12U B,12.0,1.3321834014668197,1557.7426842189097,-0.8161075194263088,3.3359395627664843,3.0,6.350000000000001,1.0,0.8,5,1,6
2026-05-29,Week 8,Belchertown 12U,27.0,-0.046426209705773325,1528.2452795058275,-0.5867105321974826,0.5945670249564955,8.0,5.400000000000001,0.6666666666666666,0.8,7,3,10
2026-05-29,Week 8,Berkshire,16.0,0.6709719892954262,1514.7821951821531,2.9687323774464156,1.1345953656438148,9.0,10.4,1.0,1.0,1,0,1
2026-05-29,Week 8,Berlin 12U A,19.0,0.3626583941565664,1520.625543156422,-0.9755292830916142,2.1102724566853794,10.0,8.8,0.6666666666666666,0.8,5,5,10
2026-05-29,Week 8,Bristol 12U,42.0,-1.7859314456079571,1410.281282769434,-2.728880756780785,-0.3493502532335157,11.0,-7.1,0.0,0.2,3,10,13
2026-05-29,Week 8,Burlington 12U,26.0,0.040544410958598884,1501.0823460575928,1.9503255866206175,-2.382988022583025,12.0,-7.25,0.0,0.4,5,3,8
2026-05-29,Week 8,Colchester 12U,30.0,-0.13811163527981873,1478.5274075801651,-1.1605997992822772,0.6048990937159054,45.0,-3.0,0.0,0.4,6,7,13
2026-05-29,Week 8,Connecticut Valley Youth Lacrosse,25.0,0.05353784955150863,1520.680923402359,0.00929535791480099,0.038900142056671964,48.0,4.35,1.0,0.6,199,206,405
2026-05-29,Week 8,East Longmeadow 12U A,38.0,-1.0954367053004337,1450.9963456405294,0.31402640680159316,-2.5816864331454092,13.0,1.75,0.6666666666666666,0.4,5,8,13
2026-05-29,Week 8,East Longmeadow 12U White,40.0,-1.3776253959378755,1444.2049504600423,-1.1387080962158878,-1.1454396323599398,14.0,-8.9,0.0,0.0,1,6,7
2026-05-29,Week 8,Ellington 12U,31.0,-0.21311294190951874,1499.5423401663065,-1.1321671399127022,-0.9338846097679729,46.0,6.950000000000001,1.0,0.8,4,3,7
2026-05-29,Week 8,Farmington 12U Black,48.0,-2.836523310847405,1408.6885958203181,-0.5709715600989109,-5.556288129087639,15.0,-7.75,0.0,0.2,1,6,7
2026-05-29,Week 8,Farmington 12U Red,21.0,0.23091236056293915,1511.4738764507567,-0.8905945512120856,1.3433229444445347,16.0,2.5999999999999996,0.3333333333333333,0.6,4,4,8
2026-05-29,Week 8,Glastonbury 12U Blue,36.0,-0.9007961731723843,1436.9221741001747,-2.5577607732432077,1.2699151086664147,37.0,-2.5,0.3333333333333333,0.2,2,8,10
2026-05-29,Week 8,Glastonbury 12U White,11.0,1.459982123719901,1531.8312097189933,3.806464551555827,-1.222578743767352,17.0,4.15,0.6666666666666666,0.6,4,4,8
2026-05-29,Week 8,Granby 12U,41.0,-1.7200884220071693,1403.4068954567485,-1.7828746885016151,-0.785745106672276,44.0,-6.4,0.0,0.2,3,12,15
2026-05-29,Week 8,Longmeadow 12U Black,35.0,-0.6679566513870705,1485.2819571633083,0.48479123790615275,-1.5348212064833784,18.0,-5.25,0.3333333333333333,0.4,5,5,10
2026-05-29,Week 8,Longmeadow 12U White,33.0,-0.3290280107045737,1489.3998710621472,-3.0312676225535844,1.1345953656438148,19.0,-7.7,0.0,0.0,0,1,1
2026-05-29,Week 8,Meriden 12U,24.0,0.1103676987790421,1495.8760781433573,-1.366984924221146,1.6050155661265166,20.0,0.4500000000000004,0.6666666666666666,0.4,4,7,11
2026-05-29,Week 8,Middletown 12U,46.0,-2.2451530819076524,1401.404025023586,-3.478312848207215,0.0477460488995075,38.0,-6.75,0.0,0.2,1,8,9
2026-05-29,Week 8,Minnechaug 12U,5.0,2.6780537442845618,1612.5985002221314,4.407202642552696,1.9036921732228294,4.0,10.950000000000001,0.6666666666666666,0.8,9,3,12
2026-05-29,Week 8,Minnechaug 12U White,9.0,1.7321495853863784,1584.636206069488,-0.17324614055568777,2.8489663259529285,21.0,2.7,0.6666666666666666,0.6,7,3,10
2026-05-29,Week 8,Newington 12U,44.0,-1.9580819455484555,1426.4622452188462,-3.2982369140856496,-0.8375784673495127,41.0,-2.9,0.3333333333333333,0.6,4,7,11
2026-05-29,Week 8,Northampton 12U,45.0,-2.17737055313441,1386.286694759235,-2.215668138923905,-1.2833405343120916,22.0,-7.6,0.0,0.2,1,10,11
2026-05-29,Week 8,RHAM 12U,4.0,3.48395768095045,1647.423963370926,2.9189748109265445,2.7325075363431583,47.0,11.5,1.0,1.0,10,0,10
2026-05-29,Week 8,Simsbury,,,,,,,,,,0,0,0
2026-05-29,Week 8,Simsbury 12U A,49.0,-3.865753714527405,1345.6294532314823,-1.374306119380736,-5.913556266016819,42.0,-15.25,0.0,0.0,1,10,11
2026-05-29,Week 8,Simsbury 12U Blue,43.0,-1.9402068963388472,1411.2357815668784,-2.3210617240751596,-0.5133632918090805,23.0,-7.1,0.3333333333333333,0.2,2,9,11
2026-05-29,Week 8,Simsbury 14U Blue,,,,,,,,,,0,0,0
2026-05-29,Week 8,Somers 12U Red,34.0,-0.33896601991204073,1476.1218807248465,-1.8021122625033117,1.3287882874639183,24.0,-5.9,0.3333333333333333,0.2,3,5,8
2026-05-29,Week 8,Somers 12U White,32.0,-0.24741072232264544,1489.7609374396031,0.6612481157252015,-0.8465108176914198,35.0,-3.5,0.3333333333333333,0.4,3,4,7
2026-05-29,Week 8,Somers Juniors,15.0,1.041638705903063,1519.438257889616,0.8014342382693842,3.197894703404131,50.0,13.55,1.0,1.0,1,0,1
2026-05-29,Week 8,South Hadley 12U,51.0,-4.41942431859936,1308.327244659423,-2.775030876843155,-7.423130680240126,5.0,-17.95,0.0,0.0,0,12,12
2026-05-29,Week 8,South Windsor 12U,29.0,-0.07190606800485289,1506.937898221462,1.5926897046624784,-1.8891246174741703,1.0,-1.7,0.3333333333333333,0.6,10,8,18
2026-05-29,Week 8,Southington 12U Blue,22.0,0.20814540309369733,1507.021508356124,1.8547398692781314,-1.5947169508373542,34.0,-0.35000000000000064,0.3333333333333333,0.6,6,5,11
2026-05-29,Week 8,Southington 12U White,39.0,-1.3061459059278282,1466.9656861799608,-3.4161249375831777,1.2545134775960027,25.0,-6.0,0.3333333333333333,0.4,3,4,7
2026-05-29,Week 8,Suffield 12U,3.0,3.7980324901599474,1660.2840716055075,5.083508326098553,2.993746638166517,36.0,19.75,1.0,1.0,10,2,12
2026-05-29,Week 8,Suffield 12U White,8.0,1.742923838826709,1605.6141368733183,-0.5141242731393874,3.0607621854615648,6.0,7.100000000000001,1.0,0.8,10,2,12
2026-05-29,Week 8,Suffield B,23.0,0.17097198929542626,1510.8156720394425,-0.031267622553584395,1.1345953656438148,26.0,6.65,1.0,1.0,1,0,1
2026-05-29,Week 8,Suffield Juniors 1 Blue,14.0,1.2083053725697297,1524.4684641224067,5.801434238269384,4.197894703404131,51.0,21.05,1.0,1.0,1,0,1
2026-05-29,Week 8,Tolland,,,,,,,,,,0,0,0
2026-05-29,Week 8,Tolland 12U,50.0,-4.3961577824238125,1366.986232589341,-3.920615316553727,-5.393731135698711,49.0,-14.8,0.0,0.0,0,7,7
2026-05-29,Week 8,Vernon 12U,20.0,0.2547152817134673,1504.257954929611,-0.26921925047377426,0.7423471808612216,39.0,3.95,0.6666666666666666,0.6,4,5,9
2026-05-29,Week 8,West Hartford 12U Gold,1.0,4.035000429528259,1681.356347364734,5.864419782654542,2.8824208467711885,27.0,14.0,1.0,1.0,11,0,11
2026-05-29,Week 8,West Hartford 12U Green,10.0,1.525360167661499,1565.1444703005184,-0.606134202087592,2.9298923645189823,40.0,2.3,0.3333333333333333,0.6,7,2,9
2026-05-29,Week 8,West Hartford 12U White,47.0,-2.261641825356479,1397.1356931048801,-3.4715766067321843,0.030962907939778732,28.0,-9.15,0.0,0.0,0,9,9
2026-05-29,Week 8,West Hartford Green,,,,,,,,,,0,0,0
2026-05-29,Week 8,West Springfield 12U,6.0,2.6161988480132985,1613.0358553727806,0.9659054376113362,2.7136298390685223,43.0,6.05,0.6666666666666666,0.8,10,1,11
2026-05-29,Week 8,Westfield 12U Black,28.0,-0.0548180852697207,1495.1033210092733,-0.20451162454183694,0.3165764772449882,29.0,-3.9,0.3333333333333333,0.2,3,6,9
2026-05-29,Week 8,Westfield 12U Red,2.0,3.9219583836512664,1655.850346618046,4.873242380476832,3.7852788041556154,30.0,19.0,1.0,1.0,10,1,11
2026-05-29,Week 8,Wethersfield 12U A,18.0,0.36840770079842516,1513.2371449405473,1.6784876989387993,-0.9694358331095405,31.0,-0.6999999999999997,0.3333333333333333,0.4,4,3,7
2026-05-29,Week 8,Wethersfield 12U B,17.0,0.43624176126761705,1519.9380498116197,-0.25692266992754614,0.9293813055198238,32.0,5.300000000000001,0.6666666666666666,0.6,5,3,8
2026-05-29,Week 8,Wolcott 12U,7.0,2.264821652029129,1599.4634562288484,2.0905695699974447,1.3769897169786742,33.0,8.75,1.0,0.8,10,3,13
2026-06-05,Week 9,Agawam 12U,40.0,-0.9467921521562249,1468.7434477526672,1.058840894217129,-2.698430655440211,1.0,-1.9999999999999998,0.3333333333333333,0.4,5,7,12
2026-06-05,Week 9,Avon 12U,15.0,0.9167059025193676,1525.4358939406666,0.7249152940703618,1.387978228609486,48.0,3.85,0.6666666666666666,0.6,3,2,5
2026-06-05,Week 9,Avon 12U B,13.0,1.105747824452539,1546.7603482850966,-1.2269520875050102,3.24513031295491,6.0,5.550000000000001,0.6666666666666666,0.8,5,2,7
2026-06-05,Week 9,Belchertown 12U,29.0,-0.04002348790751828,1528.2452795058275,-0.4724993151587429,0.5350746096858703,7.0,5.400000000000001,0.6666666666666666,0.8,7,3,10
2026-06-05,Week 9,Berkshire,17.0,0.6734783625771336,1514.7821951821531,3.0852599928435724,1.078220709007634,8.0,10.2,1.0,1.0,1,0,1
2026-06-05,Week 9,Berlin 12U A,27.0,-0.006504200082516695,1503.4050066443729,-0.9690083856042814,1.5440731964093575,9.0,0.09999999999999964,0.6666666666666666,0.6,5,6,11
2026-06-05,Week 9,Bristol 12U,44.0,-1.2641831236042753,1441.3497778175715,-2.380422490070281,0.08501462746831087,37.0,-3.25,0.6666666666666666,0.4,5,10,15
2026-06-05,Week 9,Burlington 12U,26.0,0.06393788287033864,1501.0823460575928,2.0745877929682113,-2.4181888428591156,10.0,-7.25,0.0,0.4,5,3,8
2026-06-05,Week 9,Colchester 12U,23.0,0.17189870583316882,1500.4656145240413,-1.1357959347989872,0.4464165267807374,50.0,0.6500000000000004,0.3333333333333333,0.4,7,7,14
2026-06-05,Week 9,Connecticut Valley Youth Lacrosse,24.0,0.10307105119571873,1534.8801153918162,0.0367479254755779,0.05355583268563073,51.0,1.8499999999999999,0.6666666666666666,0.6,213,216,429
2026-06-05,Week 9,East Longmeadow 12U A,41.0,-1.0883989444792874,1450.9963456405294,0.42855019457888355,-2.6449820812694558,11.0,1.9500000000000002,0.6666666666666666,0.4,5,8,13
2026-06-05,Week 9,East Longmeadow 12U White,36.0,-0.5300880038878467,1472.8663448755458,-0.28640221884592026,-0.3034376447634813,12.0,-3.05,0.3333333333333333,0.2,2,6,8
2026-06-05,Week 9,Ellington 12U,28.0,-0.007399000161433872,1510.1561315437225,-0.8923570915977477,-0.4834556689460278,46.0,6.550000000000001,1.0,0.8,5,3,8
2026-06-05,Week 9,Farmington 12U Black,52.0,-2.826768713754846,1408.6885958203181,-0.45615069102406186,-5.613921796381124,13.0,-7.75,0.0,0.2,1,6,7
2026-06-05,Week 9,Farmington 12U Red,21.0,0.24099164021845226,1511.4738764507567,-0.774887705049601,1.2891096467929906,14.0,2.1999999999999997,0.3333333333333333,0.6,4,4,8
2026-06-05,Week 9,Glastonbury 12U Blue,45.0,-1.3765513173075337,1419.1854618348054,-2.6906962212601493,0.729148380543043,35.0,-6.45,0.3333333333333333,0.2,2,9,11
2026-06-05,Week 9,Glastonbury 12U White,11.0,1.4648963251547673,1531.8312097189933,3.91851742654301,-1.2798626020022776,15.0,4.15,0.6666666666666666,0.6,4,4,8
2026-06-05,Week 9,Granby 12U,46.0,-1.5716727152266068,1406.1455356205345,-2.1560144692970042,-0.022260911878191885,49.0,-2.85,0.3333333333333333,0.4,5,14,19
2026-06-05,Week 9,Longmeadow 12U Black,37.0,-0.6591609955326769,1485.2819571633083,0.600518859836069,-1.5877377843623988,16.0,-5.05,0.3333333333333333,0.4,5,5,10
2026-06-05,Week 9,Longmeadow 12U White,32.0,-0.3265216374228664,1489.3998710621472,-2.9147400071564276,1.078220709007634,17.0,-7.3,0.0,0.0,0,1,1
2026-06-05,Week 9,Meriden 12U,18.0,0.6320655594568557,1518.2719285720232,-0.8512776068696118,1.8731297347313947,2.0,6.75,0.6666666666666666,0.6,5,7,12
2026-06-05,Week 9,Middletown 12U,51.0,-2.650670688452844,1387.99949175294,-3.5346803655922847,-0.2976322525464063,36.0,-11.2,0.0,0.0,1,9,10
2026-06-05,Week 9,Minnechaug 12U,6.0,2.685516721983242,1612.5985002221314,4.527039653860522,1.8507724980848468,3.0,10.950000000000001,0.6666666666666666,0.8,9,3,12
2026-06-05,Week 9,Minnechaug 12U White,9.0,1.7431551541721717,1584.636206069488,-0.054483152286141506,2.7918264099328045,18.0,2.7,0.6666666666666666,0.6,7,3,10
2026-06-05,Week 9,Newington 12U,48.0,-1.942349664933396,1426.4622452188462,-3.1088232794794224,-0.9345876955170355,40.0,-2.9,0.3333333333333333,0.6,4,7,11
2026-06-05,Week 9,Northampton 12U,50.0,-2.5479090156935125,1372.9789128862683,-2.4582346983728036,-1.3969199783113848,4.0,-9.7,0.0,0.2,1,11,12
2026-06-05,Week 9,RHAM 12U,4.0,3.485920728437365,1647.423963370926,3.039297210534691,2.629180861852408,47.0,11.5,1.0,1.0,10,0,10
2026-06-05,Week 9,Simsbury,34.0,-0.49318830408953307,1486.3332581019624,-2.9147400071564276,0.07822070900763389,19.0,-8.55,0.0,0.0,0,1,1
2026-06-05,Week 9,Simsbury 12U A,54.0,-3.8448648371232217,1345.6294532314823,-1.1735881901832772,-6.012676734273293,41.0,-15.45,0.0,0.0,1,10,11
2026-06-05,Week 9,Simsbury 12U Blue,47.0,-1.9287672552450799,1411.2357815668784,-2.203616112123837,-0.5691142713970115,20.0,-6.9,0.3333333333333333,0.2,2,9,11
2026-06-05,Week 9,Simsbury 14U Blue,38.0,-0.6598549707561996,1483.204953137025,-0.9147400071564276,-2.921779290992366,21.0,-10.2,0.0,0.0,0,1,1
2026-06-05,Week 9,Somers 12U Red,33.0,-0.32727864001453083,1476.1218807248465,-1.6845094650709835,1.275292201435776,22.0,-5.3,0.3333333333333333,0.2,3,5,8
2026-06-05,Week 9,Somers 12U White,31.0,-0.26554212290607343,1489.7609374396031,0.6448026509015795,-0.9651981227983281,38.0,-3.5,0.3333333333333333,0.4,3,4,7
2026-06-05,Week 9,Somers Juniors,14.0,1.061300223880241,1519.438257889616,1.799177991951769,2.672027381174011,54.0,13.95,1.0,1.0,1,0,1
2026-06-05,Week 9,South Hadley 12U,53.0,-3.6109044159634367,1343.5416133358683,-2.240470135775802,-6.2964765038918244,23.0,-12.85,0.3333333333333333,0.2,1,12,13
2026-06-05,Week 9,South Windsor 12U,39.0,-0.7542281549124602,1456.342913570286,1.1237736938433767,-2.646209119723091,34.0,-15.5,0.3333333333333333,0.2,10,10,20
2026-06-05,Week 9,Southington 12U Blue,16.0,0.6940873855985772,1533.2362389862221,2.3504333876371395,-1.1356254866564142,44.0,4.85,0.3333333333333333,0.6,7,5,12
2026-06-05,Week 9,Southington 12U White,43.0,-1.2241762804602285,1470.277101229559,-2.9541495724816804,1.0502937868167173,24.0,-3.5,0.3333333333333333,0.4,4,5,9
2026-06-05,Week 9,Suffield 12U,3.0,3.7590836557584564,1660.2840716055075,5.034772688428888,2.865187027215772,45.0,19.75,1.0,1.0,10,2,12
2026-06-05,Week 9,Suffield 12U White,8.0,1.752564092234124,1605.6141368733183,-0.3984853785352122,3.003895035588626,5.0,7.100000000000001,1.0,0.8,10,2,12
2026-06-05,Week 9,Suffield B,22.0,0.1734783625771336,1510.8156720394425,0.08525999284357244,1.078220709007634,25.0,6.85,1.0,1.0,1,0,1
2026-06-05,Week 9,Suffield Juniors 1 Blue,12.0,1.2279668905469074,1524.4684641224067,6.799177991951768,3.672027381174011,55.0,21.65,1.0,1.0,1,0,1
2026-06-05,Week 9,Tolland,42.0,-1.1468419023202219,1478.0617930561239,-1.8840415130074595,-4.6401641426778655,52.0,-13.95,0.0,0.0,0,1,1
2026-06-05,Week 9,Tolland 12U,55.0,-4.378952217251568,1366.986232589341,-3.8053058049457404,-5.506474390695279,53.0,-15.2,0.0,0.0,0,7,7
2026-06-05,Week 9,Vernon 12U,25.0,0.07542617049770668,1493.0176457937462,-0.5555152725986041,0.7290876547969147,39.0,-0.1499999999999998,0.3333333333333333,0.4,4,6,10
2026-06-05,Week 9,West Hartford 12U Gold,1.0,4.040636888137744,1681.356347364734,5.986490551288755,2.8297849137116655,26.0,14.0,1.0,1.0,11,0,11
2026-06-05,Week 9,West Hartford 12U Green,10.0,1.5214743199994303,1565.1444703005184,-0.5954656505964758,2.876400724229098,43.0,2.3,0.3333333333333333,0.6,7,2,9
2026-06-05,Week 9,West Hartford 12U White,49.0,-2.5432179899216214,1374.0636141866416,-3.4697975027403145,-0.10681813803000265,27.0,-9.35,0.0,0.0,0,11,11
2026-06-05,Week 9,West Hartford Green,35.0,-0.49318830408953307,1485.4078589828257,-2.9147400071564276,0.07822070900763389,28.0,-8.55,0.0,0.0,0,1,1
2026-06-05,Week 9,West Springfield 12U,7.0,2.6338880778770526,1613.0358553727806,1.159739894572215,2.618963003294921,42.0,5.85,0.6666666666666666,0.8,10,1,11
2026-06-05,Week 9,Westfield 12U Black,30.0,-0.046381562523636614,1495.1033210092733,-0.09075564712023373,0.2624790325990134,29.0,-4.3,0.3333333333333333,0.2,3,6,9
2026-06-05,Week 9,Westfield 12U Red,2.0,3.924367864505127,1655.850346618046,4.9804227858836345,3.728148944094381,30.0,19.0,1.0,1.0,10,1,11
2026-06-05,Week 9,Wethersfield 12U A,20.0,0.3804455439007385,1513.2371449405473,1.8026154670645531,-1.0278125797034539,31.0,-1.0999999999999996,0.3333333333333333,0.4,4,3,7
2026-06-05,Week 9,Wethersfield 12U B,19.0,0.48811296588119485,1529.2836364598252,-0.49163631891703996,1.2754371321113223,32.0,5.250000000000001,0.6666666666666666,0.8,6,3,9
2026-06-05,Week 9,Wolcott 12U,5.0,2.74355167747851,1631.6003965464831,2.41210098941359,1.6641779978136837,33.0,12.95,1.0,1.0,12,3,15
2026-06-06,Week 10,Agawam 12U,40.0,-0.9472496874408706,1468.7434477526672,1.0661302933286614,-2.7070446627904783,29.0,-1.9999999999999998,0.3333333333333333,0.4,5,7,12
2026-06-06,Week 10,Avon 12U,15.0,0.9167497473729009,1525.4358939406666,0.7310096969116344,1.3815118808347489,48.0,3.85,0.6666666666666666,0.6,3,2,5
2026-06-06,Week 10,Avon 12U B,13.0,1.1056212613414311,1546.7603482850966,-1.2193540120671755,3.23663725792908,1.0,5.550000000000001,0.6666666666666666,0.8,5,2,7
2026-06-06,Week 10,Belchertown 12U,29.0,-0.040418566845234344,1528.2452795058275,-0.46515546652035455,0.5264601283862396,2.0,5.600000000000001,0.6666666666666666,0.8,7,3,10
2026-06-06,Week 10,Berkshire,17.0,0.6734406951185409,1514.7821951821531,3.0927601165527356,1.0698165662922472,3.0,10.2,1.0,1.0,1,0,1
2026-06-06,Week 10,Berlin 12U A,28.0,-0.0067554185440367705,1503.4050066443729,-0.9616407107921741,1.5356281810162804,4.0,-0.10000000000000031,0.6666666666666666,0.6,5,6,11
2026-06-06,Week 10,Bristol 12U,44.0,-1.2644870790314982,1441.3497778175715,-2.3735882746006136,0.07711863810618436,37.0,-3.25,0.6666666666666666,0.4,5,10,15
2026-06-06,Week 10,Burlington 12U,27.0,0.06483404307109392,1501.0823460575928,2.082608584299222,-2.425167631461577,5.0,-7.45,0.0,0.4,5,3,8
2026-06-06,Week 10,Colchester 12U,24.0,0.17195852631188066,1500.4656145240413,-1.1324938622543406,0.4432917369619278,50.0,0.6500000000000004,0.3333333333333333,0.4,7,7,14
2026-06-06,Week 10,Connecticut Valley Youth Lacrosse,25.0,0.10218102297577111,1536.9522136875507,0.03552750673204164,0.052960553435793534,52.0,1.8499999999999999,0.3333333333333333,0.6,214,217,431
2026-06-06,Week 10,East Longmeadow 12U A,41.0,-1.0887414481394488,1450.9963456405294,0.43591532912657077,-2.653852461114356,6.0,1.9500000000000002,0.6666666666666666,0.4,5,8,13
2026-06-06,Week 10,East Longmeadow 12U White,36.0,-0.5304434959118238,1472.8663448755458,-0.2789145574349108,-0.3122836396102922,7.0,-3.05,0.3333333333333333,0.2,2,6,8
2026-06-06,Week 10,Ellington 12U,22.0,0.23987318938851765,1525.5986410972766,-0.7625538121010441,-0.04091592764209152,46.0,11.6,1.0,1.0,6,3,9
2026-06-06,Week 10,Farmington 12U Black,52.0,-2.8268344151020486,1408.6885958203181,-0.44876547756041796,-5.622410704607266,8.0,-7.75,0.0,0.2,1,6,7
2026-06-06,Week 10,Farmington 12U Red,21.0,0.24090819339636332,1511.4738764507567,-0.7674429305234968,1.280851256926324,9.0,2.1999999999999997,0.3333333333333333,0.6,4,4,8
2026-06-06,Week 10,Glastonbury 12U Blue,45.0,-1.3767942873590795,1419.1854618348054,-2.683930938918611,0.7214579996231067,35.0,-6.45,0.3333333333333333,0.2,2,9,11
2026-06-06,Week 10,Glastonbury 12U White,11.0,1.464563827845379,1531.8312097189933,3.925715329278941,-1.2883281515852951,10.0,4.15,0.6666666666666666,0.6,4,4,8
2026-06-06,Week 10,Granby 12U,46.0,-1.5661176106701258,1406.1455356205345,-2.129876324477539,-0.01947233264674613,49.0,-2.85,0.3333333333333333,0.4,5,14,19
2026-06-06,Week 10,Longmeadow 12U Black,37.0,-0.6592312267895222,1485.2819571633083,0.6079648802949005,-1.5959080585422,11.0,-5.05,0.3333333333333333,0.4,5,5,10
2026-06-06,Week 10,Longmeadow 12U White,32.0,-0.32655930488145907,1489.3998710621472,-2.9072398834472652,1.0698165662922472,12.0,-7.3,0.0,0.0,0,1,1
2026-06-06,Week 10,Meriden 12U,18.0,0.6312145874413778,1518.2719285720232,-0.8443123441091809,1.8642583316390116,30.0,6.55,0.6666666666666666,0.6,5,7,12
2026-06-06,Week 10,Middletown 12U,51.0,-2.6504983580573738,1387.99949175294,-3.5277379666801165,-0.3049184740316942,36.0,-11.2,0.0,0.0,1,9,10
2026-06-06,Week 10,Minnechaug 12U,5.0,2.6855675835931034,1612.5985002221314,4.534762592914734,1.84260097271578,31.0,11.150000000000002,0.6666666666666666,0.8,9,3,12
2026-06-06,Week 10,Minnechaug 12U White,9.0,1.7430705107880349,1584.636206069488,-0.04683243435054047,2.783370712666329,13.0,2.7,0.6666666666666666,0.6,7,3,10
2026-06-06,Week 10,Newington 12U,48.0,-1.942532641746158,1426.4622452188462,-3.1020420083819724,-0.9423749358964175,40.0,-2.9,0.3333333333333333,0.6,4,7,11
2026-06-06,Week 10,Northampton 12U,50.0,-2.547893294989752,1372.9789128862683,-2.4502651225015715,-1.4054161374255687,32.0,-9.7,0.0,0.2,1,11,12
2026-06-06,Week 10,RHAM 12U,4.0,3.486046732523829,1647.423963370926,3.0448547615096087,2.623371985274534,47.0,11.5,1.0,1.0,10,0,10
2026-06-06,Week 10,Simsbury,34.0,-0.49322597154812575,1486.3332581019624,-2.9072398834472652,0.0698165662922472,14.0,-8.55,0.0,0.0,0,1,1
2026-06-06,Week 10,Simsbury 12U A,54.0,-3.844714702200257,1345.6294532314823,-1.166255098113559,-6.020481841809061,41.0,-15.45,0.0,0.0,1,10,11
2026-06-06,Week 10,Simsbury 12U Blue,47.0,-1.9288485155369022,1411.2357815668784,-2.1960541816610117,-0.5774764232644897,15.0,-6.9,0.3333333333333333,0.2,2,9,11
2026-06-06,Week 10,Simsbury 14U Blue,38.0,-0.6598926382147925,1483.204953137025,-0.9072398834472654,-2.930183433707753,16.0,-10.2,0.0,0.0,0,1,1
2026-06-06,Week 10,Somers 12U Red,33.0,-0.32725349787195024,1476.1218807248465,-1.6769367713524714,1.2670823494442887,17.0,-5.3,0.3333333333333333,0.2,3,5,8
2026-06-06,Week 10,Somers 12U White,31.0,-0.2653812470282732,1489.7609374396031,0.651627436404791,-0.9723012214008614,38.0,-3.5,0.3333333333333333,0.4,3,4,7
2026-06-06,Week 10,Somers Juniors,14.0,1.0612844343871604,1519.438257889616,1.7987541269900158,2.672072298301835,54.0,13.95,1.0,1.0,1,0,1
2026-06-06,Week 10,South Hadley 12U,53.0,-3.6113621013599406,1343.5416133358683,-2.2329037767092625,-6.305481993558878,18.0,-12.85,0.3333333333333333,0.2,1,12,13
2026-06-06,Week 10,South Windsor 12U,39.0,-0.7541105319219957,1456.342913570286,1.127292770134086,-2.6496060973725366,34.0,-15.5,0.3333333333333333,0.2,10,10,20
2026-06-06,Week 10,Southington 12U Blue,16.0,0.6940600666028957,1533.2362389862221,2.3563760121358506,-1.1421727209212553,44.0,4.85,0.3333333333333333,0.6,7,5,12
2026-06-06,Week 10,Southington 12U White,43.0,-1.2241913097329669,1470.277101229559,-2.946507500023001,1.0419902336828222,19.0,-3.5,0.3333333333333333,0.4,4,5,9
2026-06-06,Week 10,Suffield 12U,3.0,3.7588379747941456,1660.2840716055075,5.040699965242808,2.8582690309743177,45.0,19.75,1.0,1.0,10,2,12
2026-06-06,Week 10,Suffield 12U White,8.0,1.752338772258592,1605.6141368733183,-0.3910452219889318,2.9954576614890063,33.0,7.100000000000001,1.0,0.8,10,2,12
2026-06-06,Week 10,Suffield B,23.0,0.1734406951185409,1510.8156720394425,0.09276011655273475,1.0698165662922472,20.0,6.65,1.0,1.0,1,0,1
2026-06-06,Week 10,Suffield Juniors 1 Blue,12.0,1.227951101053827,1524.4684641224067,6.798754126990016,3.672072298301835,55.0,21.65,1.0,1.0,1,0,1
2026-06-06,Week 10,Tolland,42.0,-1.1468382196891245,1478.0617930561239,-1.8836824865951236,-4.640434785943865,53.0,-13.95,0.0,0.0,0,1,1
2026-06-06,Week 10,Tolland 12U,55.0,-4.3790771197490095,1366.986232589341,-3.801225535583255,-5.5113831022476,51.0,-15.2,0.0,0.0,0,7,7
2026-06-06,Week 10,Vernon 12U,26.0,0.0750082324537293,1493.0176457937462,-0.549503707644539,0.7219141526919529,39.0,-0.34999999999999987,0.3333333333333333,0.4,4,6,10
2026-06-06,Week 10,West Hartford 12U Gold,1.0,4.040700611143799,1681.356347364734,5.9943641567320975,2.821632675445842,21.0,14.0,1.0,1.0,11,0,11
2026-06-06,Week 10,West Hartford 12U Green,10.0,1.5217758792721632,1565.1444703005184,-0.5893090472871734,2.870301852747501,43.0,2.3,0.3333333333333333,0.6,7,2,9
2026-06-06,Week 10,West Hartford 12U White,49.0,-2.543341038980237,1374.0636141866416,-3.4622621649342666,-0.11521047053961458,22.0,-9.35,0.0,0.0,0,11,11
2026-06-06,Week 10,West Hartford Green,35.0,-0.49322597154812575,1485.4078589828257,-2.9072398834472652,0.0698165662922472,23.0,-8.55,0.0,0.0,0,1,1
2026-06-06,Week 10,West Springfield 12U,6.0,2.633889570560186,1613.0358553727806,1.166504150549067,2.611520336014047,42.0,6.05,0.6666666666666666,0.8,10,1,11
2026-06-06,Week 10,Westfield 12U Black,30.0,-0.0465167424047937,1495.1033210092733,-0.08344154245041581,0.2542277254236716,24.0,-4.3,0.3333333333333333,0.2,3,6,9
2026-06-06,Week 10,Westfield 12U Red,2.0,3.9241634786587163,1655.850346618046,4.987292836445568,3.7196938949160705,25.0,19.0,1.0,1.0,10,1,11
2026-06-06,Week 10,Wethersfield 12U A,20.0,0.380534120718618,1513.2371449405473,1.81062857595031,-1.036351856870371,26.0,-1.0999999999999996,0.3333333333333333,0.4,4,3,7
2026-06-06,Week 10,Wethersfield 12U B,19.0,0.487851706629176,1529.2836364598252,-0.4840574541515041,1.2667152863510895,27.0,5.250000000000001,0.6666666666666666,0.8,6,3,9
2026-06-06,Week 10,Wolcott 12U,7.0,2.425206825432065,1614.0857886971944,2.0373866533822422,1.5419258307901254,28.0,8.3,0.6666666666666666,0.8,12,4,16
