game_id,game_date,home_team,away_team,home_score,away_score,actual_winner,power_predicted_winner,poisson_predicted_winner,hybrid_predicted_winner,power_v3_calibrated_home_probability,poisson_home_win_probability,power_poisson_probability_gap,absolute_probability_gap,power_favors_home,poisson_favors_home,directional_disagreement,strong_directional_disagreement,winner_disagreement,projected_margin_disagreement,disagreement_tier,expected_home_goals,expected_away_goals,expected_total_goals,expected_margin,score_mae,margin_mae,total_goals_mae,poisson_close_game_probability,poisson_upset_probability,hybrid_confidence_score,hybrid_confidence_tier,upset_risk,power_correct,poisson_correct,hybrid_correct,audit_category,should_reduce_confidence
c015fc060c5fdc98,2026-04-22,Southington 12U Blue,Wolcott 12U,9,3,Southington 12U Blue,Wolcott 12U,Southington 12U Blue,Wolcott 12U,0.4737152570856133,0.7291,-0.2553847429143867,0.2553847429143867,False,True,True,True,True,opposite_direction,high,5.53121808794228,3.648039216283935,9.179257304226216,1.8831788716583449,2.0584105641708277,4.116821128341655,2.8207426957737844,0.5196,0.2134,31.72,low,elevated,False,True,False,poisson_right_power_wrong,False
3651cbf6a3ac00f4,2026-04-23,West Hartford 12U Gold,Farmington 12U Black,16,0,West Hartford 12U Gold,West Hartford 12U Gold,Farmington 12U Black,West Hartford 12U Gold,0.5655920253890571,0.1553,0.41029202538905707,0.41029202538905707,True,False,True,True,True,opposite_direction,extreme,5.185989744404967,9.064480789305788,14.250470533710754,-3.8784910449008194,9.93924552245041,19.87849104490082,1.7495294662892462,0.3234,0.1215,66.58,medium,low,True,False,True,power_right_poisson_wrong,True
725324c21d412671,2026-04-23,Suffield 12U,Ellington 12U,14,0,Suffield 12U,Suffield 12U,Suffield 12U,Suffield 12U,0.7143884645423292,0.9985,-0.28411153545767087,0.28411153545767087,True,True,False,False,False,same_direction,high,13.31943933898924,2.4231215821185805,15.742560921107822,10.89631775687066,1.5518411215646697,3.10368224312934,1.742560921107822,0.0126,0.0011,71.93,medium,moderate,True,True,True,both_right,False
b9f6da52361d9b5e,2026-04-24,Simsbury 12U A,Wethersfield 12U A,9,11,Wethersfield 12U A,Simsbury 12U A,Simsbury 12U A,Simsbury 12U A,0.5,0.9728,-0.4728,0.4728,True,True,False,False,False,same_direction,extreme,10.165811995833842,3.328271519370056,13.494083515203895,6.837540476463786,4.418770238231893,8.837540476463786,6.505916484796103,0.1098,0.0186,65.81,medium,moderate,False,False,False,both_wrong,False
bb5e79aa53ad144c,2026-04-24,Berlin 12U A,Wolcott 12U,2,4,Wolcott 12U,Wolcott 12U,Berlin 12U A,Wolcott 12U,0.4901489761657123,0.76915,-0.2790010238342877,0.2790010238342877,False,True,True,True,True,opposite_direction,high,6.418972987407011,4.003925939271738,10.42289892667875,2.415047048135273,2.211449463339375,4.415047048135273,4.42289892667875,0.4586,0.1814,58.010000000000005,medium,moderate,True,False,True,power_right_poisson_wrong,True
c09881889401d47d,2026-04-24,Southington 12U White,Bristol 12U,2,7,Bristol 12U,Southington 12U White,Southington 12U White,Southington 12U White,0.566182892281578,0.8422999999999999,-0.2761171077184219,0.2761171077184219,True,True,False,False,False,same_direction,high,6.382326915833059,3.2076948376273537,9.590021753460412,3.174632078205706,4.087316039102853,8.174632078205706,0.5900217534604124,0.3876,0.1183,76.49,medium,low,False,False,False,both_wrong,False
e5fe74c3450b96be,2026-04-24,Colchester 12U,Middletown 12U,4,2,Colchester 12U,Colchester 12U,Colchester 12U,Colchester 12U,0.5202721515285799,0.9798,-0.45952784847142014,0.45952784847142014,True,True,False,False,False,same_direction,extreme,11.50942164959081,3.700514257528966,15.209935907119776,7.808907392061844,4.604967953559887,5.808907392061844,9.209935907119776,0.0794,0.0132,63.459999999999994,medium,moderate,True,True,True,both_right,False
2c16475e59ca2df5,2026-04-25,Avon 12U B,West Hartford 12U White,4,1,Avon 12U B,Avon 12U B,Avon 12U B,Avon 12U B,0.5,0.8095,-0.3095,0.3095,True,True,False,False,False,same_direction,high,7.841805803239786,4.768564656739774,12.61037045997956,3.0732411465000116,3.80518522998978,0.0732411465000115,7.61037045997956,0.3842,0.1518,65.81,medium,moderate,True,True,True,both_right,False
3bf2d41b33a33585,2026-04-25,Westfield 12U Black,Minnechaug 12U White,2,9,Minnechaug 12U White,Minnechaug 12U White,Westfield 12U Black,Minnechaug 12U White,0.4613089495475724,0.88705,-0.4257410504524276,0.4257410504524276,False,True,True,True,True,opposite_direction,extreme,7.253168256274149,3.315977765844186,10.569146022118336,3.937190490429963,5.468595245214981,10.937190490429964,0.4308539778816644,0.3163,0.0838,56.09,low,moderate,True,False,True,power_right_poisson_wrong,False
616512d7fe4b14aa,2026-04-25,Ellington 12U,Vernon 12U,7,5,Ellington 12U,Vernon 12U,Ellington 12U,Vernon 12U,0.4735761716112274,0.5708,-0.09722382838877258,0.09722382838877258,False,True,True,False,True,opposite_direction,low,4.1072905209118975,3.616082330524619,7.723372851436516,0.4912081903872787,2.138313574281742,1.5087918096127213,4.276627148563484,0.6364,0.3609,57.72,medium,moderate,False,True,False,poisson_right_power_wrong,False
891dd55ea3c8ae28,2026-04-25,Avon 12U,Southington 12U Blue,8,3,Avon 12U,Southington 12U Blue,Southington 12U Blue,Southington 12U Blue,0.3832115401483276,0.34935,0.033861540148327596,0.033861540148327596,False,False,False,False,False,same_direction,low,4.535295287371516,5.805146618854414,10.34044190622593,-1.2698513314828972,3.1349256657414486,6.269851331482897,0.6595580937740699,0.5438,0.2936,84.91,medium,low,False,False,False,both_wrong,False
8b43b577819bdcab,2026-04-25,Granby 12U,Suffield Juniors 1 Blue,0,13,Suffield Juniors 1 Blue,Suffield Juniors 1 Blue,Granby 12U,Suffield Juniors 1 Blue,0.4433533255546116,0.5222,-0.0788466744453884,0.0788466744453884,False,True,True,False,True,opposite_direction,low,5.2647760520174085,5.116295045542229,10.381071097559635,0.1484810064751798,6.57424050323759,13.14848100647518,2.618928902440363,0.5574,0.4149,32.93,low,elevated,True,False,True,power_right_poisson_wrong,False
91bb3d8d88b59b33,2026-04-25,West Hartford 12U Gold,Newington 12U,17,1,West Hartford 12U Gold,West Hartford 12U Gold,West Hartford 12U Gold,West Hartford 12U Gold,0.7220215268193938,0.93625,-0.21422847318060623,0.21422847318060623,True,True,False,False,False,same_direction,medium,8.987783271602458,3.607183489789026,12.594966761391484,5.380599781813433,5.309700109093283,10.619400218186566,5.405033238608517,0.2001,0.0456,81.11,high,low,True,True,True,both_right,False
e41c1bef3e9002e6,2026-04-25,Suffield 12U White,Simsbury 12U Blue,6,3,Suffield 12U White,Suffield 12U White,Simsbury 12U Blue,Suffield 12U White,0.6174550383835853,0.4253,0.19215503838358527,0.19215503838358527,True,False,True,False,True,opposite_direction,medium,4.897739899787025,5.46255408739235,10.360293987179377,-0.5648141876053252,1.7824070938026626,3.564814187605325,1.360293987179375,0.5626,0.3592,51.650000000000006,low,moderate,True,False,True,power_right_poisson_wrong,False
072bfa5e327b2480,2026-04-26,Somers 12U White,Simsbury 12U A,20,5,Somers 12U White,Somers 12U White,Simsbury 12U A,Somers 12U White,0.53610762728886,0.08055,0.45555762728885996,0.45555762728885996,True,False,True,True,True,opposite_direction,extreme,4.500517550117695,9.648879984298798,14.149397534416494,-5.148362434181103,10.074181217090551,20.148362434181102,10.850602465583506,0.2163,0.0622,26.78,low,elevated,True,False,True,power_right_poisson_wrong,False
1e090b21cb3dc379,2026-04-26,Avon 12U B,West Hartford 12U Green,4,5,West Hartford 12U Green,West Hartford 12U Green,West Hartford 12U Green,West Hartford 12U Green,0.4584295167832002,0.42395,0.034479516783200215,0.034479516783200215,False,False,False,False,False,same_direction,low,5.409203796950559,6.056443521509562,11.46564731846012,-0.6472397245590029,1.23282365923006,0.3527602754409971,2.465647318460121,0.543,0.3644,75.06,medium,moderate,True,True,True,both_right,False
42f096cf25d21849,2026-04-26,Avon 12U,West Hartford 12U Gold,5,8,West Hartford 12U Gold,West Hartford 12U Gold,Avon 12U,West Hartford 12U Gold,0.4109248414437508,0.8875,-0.47657515855624916,0.47657515855624916,False,True,True,True,True,opposite_direction,extreme,8.035235510223584,3.8919471190372783,11.927182629260862,4.1432883911863065,3.5716441955931533,7.1432883911863065,1.0728173707391375,0.3002,0.0843,66.52,medium,low,True,False,True,power_right_poisson_wrong,True
54c2dffcc1d63ff4,2026-04-26,Farmington 12U Red,Simsbury 12U Blue,8,1,Farmington 12U Red,Simsbury 12U Blue,Farmington 12U Red,Simsbury 12U Blue,0.4654578550611856,0.6982,-0.23274214493881445,0.23274214493881445,False,True,True,True,True,opposite_direction,high,5.52318779879523,3.9410028239957215,9.464190622790952,1.5821849747995085,2.7089075126002458,5.4178150252004915,0.4641906227909516,0.5289,0.2464,52.790000000000006,low,moderate,False,True,False,poisson_right_power_wrong,False
771b4767d7a54ca4,2026-04-26,RHAM 12U,Tolland 12U,11,1,RHAM 12U,RHAM 12U,RHAM 12U,RHAM 12U,0.5929640190150621,0.76295,-0.1699859809849379,0.1699859809849379,True,True,False,False,False,same_direction,medium,6.259433451060591,3.985288233149565,10.244721684210155,2.274145217911026,3.862927391044487,7.725854782088974,1.7552783157898446,0.4692,0.1894,75.02,medium,low,True,True,True,both_right,False
79234c725f75b9a8,2026-04-26,Wethersfield 12U A,Glastonbury 12U White,9,8,Wethersfield 12U A,Glastonbury 12U White,Wethersfield 12U A,Glastonbury 12U White,0.4975582790555797,0.65935,-0.1617917209444203,0.1617917209444203,False,True,True,False,True,opposite_direction,medium,5.495430006127189,4.233199557216477,9.728629563343668,1.262230448910712,3.6356852183281663,0.2622304489107119,7.271370436656333,0.553,0.2789,45.77,low,moderate,False,True,False,poisson_right_power_wrong,False
95fea15e499542c7,2026-04-26,Minnechaug 12U,Suffield 12U,6,7,Suffield 12U,Suffield 12U,Suffield 12U,Suffield 12U,0.3703291091221719,0.16915,0.20117910912217188,0.20117910912217188,False,False,False,False,False,same_direction,medium,5.967156199899219,9.778935935223275,15.746092135122495,-3.811779735324058,1.405889867662029,2.811779735324058,2.7460921351224954,0.3165,0.1378,44.69,low,elevated,True,True,True,both_right,False
b3740402c9666a1a,2026-04-26,Minnechaug 12U White,Suffield 12U White,4,2,Minnechaug 12U White,Minnechaug 12U White,Suffield 12U White,Minnechaug 12U White,0.5101554307500433,0.2377,0.2724554307500433,0.2724554307500433,True,False,True,True,True,opposite_direction,high,4.781272856629223,7.163274410670189,11.944547267299413,-2.382001554040966,2.972273633649706,4.382001554040966,5.944547267299413,0.4334,0.1921,37.84,low,elevated,True,False,True,power_right_poisson_wrong,False
c815a379a792b9e3,2026-04-26,Wethersfield 12U B,Glastonbury 12U Blue,6,1,Wethersfield 12U B,Wethersfield 12U B,Wethersfield 12U B,Wethersfield 12U B,0.5160111704493224,0.6791,-0.1630888295506776,0.1630888295506776,True,True,False,False,False,same_direction,medium,8.139513573634057,6.289787020852896,14.429300594486952,1.8497265527811608,3.714650297243476,3.150273447218839,7.4293005944869535,0.4503,0.2738,64.52,medium,moderate,True,True,True,both_right,False
2589d952bb384ca7,2026-04-27,Minnechaug 12U,Longmeadow 12U Black,11,2,Minnechaug 12U,Minnechaug 12U,Longmeadow 12U Black,Minnechaug 12U,0.5831856780283348,0.2421499999999999,0.3410356780283349,0.3410356780283349,True,False,True,True,True,opposite_direction,high,6.385652987808557,9.167921874307424,15.553574862115982,-2.7822688864988674,5.891134443249434,11.782268886498867,2.5535748621159815,0.3814,0.2007,29.03,low,elevated,True,False,True,power_right_poisson_wrong,False
6492fbf7bb2df32d,2026-04-27,Westfield 12U Black,East Longmeadow 12U White,8,8,Tie,East Longmeadow 12U White,Westfield 12U Black,East Longmeadow 12U White,0.4733228934616877,0.7604000000000001,-0.28707710653831237,0.28707710653831237,False,True,True,True,True,opposite_direction,high,6.195125597392634,3.977789937962609,10.172915535355244,2.217335659430025,2.9135422323223787,2.217335659430025,5.8270844646447575,0.4734,0.1895,50.98,low,moderate,False,False,False,both_wrong,False
69988470e0ef2a00,2026-04-27,Farmington 12U Black,Simsbury 12U A,13,9,Farmington 12U Black,Farmington 12U Black,Farmington 12U Black,Farmington 12U Black,0.5380003125985434,0.58515,-0.04714968740145653,0.04714968740145653,True,True,False,False,False,same_direction,low,6.171927777456267,5.463137089123818,11.635064866580084,0.7087906883324484,5.182467566709958,3.2912093116675516,10.364935133419916,0.5382,0.3554,87.48,high,low,True,True,True,both_right,False
8f9432596e3c38a9,2026-04-27,Bristol 12U,Newington 12U,1,0,Bristol 12U,Bristol 12U,Bristol 12U,Bristol 12U,0.6281696092811982,0.64755,-0.01938039071880171,0.01938039071880171,True,True,False,False,False,same_direction,low,4.618005751882665,3.5215667110861624,8.139572462968827,1.0964390407965023,3.5697862314844135,0.0964390407965023,7.139572462968827,0.591,0.2876,66.17,low,moderate,True,True,True,both_right,False
e260cfafeb9a0887,2026-04-27,Southington 12U White,West Hartford 12U White,7,1,Southington 12U White,West Hartford 12U White,Southington 12U White,West Hartford 12U White,0.4649451098399262,0.60445,-0.13950489016007384,0.13950489016007384,False,True,True,False,True,opposite_direction,medium,6.381463916127553,5.50603863864324,11.887502554770792,0.8754252774843128,2.5622873612578436,5.124574722515687,3.887502554770792,0.5138,0.341,55.36,low,moderate,False,True,False,poisson_right_power_wrong,False
2b33716b4f521aa2,2026-04-28,Agawam 12U,East Longmeadow 12U A,13,9,Agawam 12U,East Longmeadow 12U A,Agawam 12U,East Longmeadow 12U A,0.4458058768228234,0.8078,-0.36199412317717655,0.36199412317717655,False,True,True,True,True,opposite_direction,extreme,5.852632676306016,3.2406745024881976,9.093307178794214,2.611958173817819,6.453346410602894,1.3880418261821812,12.906692821205786,0.4502,0.1434,55.81999999999999,low,moderate,False,True,False,poisson_right_power_wrong,False
3be49081041bd4ba,2026-04-28,Southington 12U Blue,Berlin 12U A,11,4,Southington 12U Blue,Southington 12U Blue,Southington 12U Blue,Southington 12U Blue,0.5815430692012099,0.99575,-0.4142069307987901,0.4142069307987901,True,True,False,False,False,same_direction,extreme,12.13400193653426,2.655161848836258,14.789163785370516,9.478840087698002,1.2394200438490008,2.4788400876980017,0.2108362146294826,0.0275,0.0028,42.83,low,elevated,True,True,True,both_right,False
4b79b06df5378d3b,2026-04-28,South Hadley 12U,Belchertown 12U,7,8,Belchertown 12U,Belchertown 12U,South Hadley 12U,Belchertown 12U,0.4661581532575062,0.7604,-0.29424184674249376,0.29424184674249376,False,True,True,True,True,opposite_direction,high,5.766669280249859,3.5917858690190383,9.358455149268895,2.174883411230821,2.8207724253655515,3.174883411230821,5.641544850731103,0.4967,0.1847,67.54,medium,low,True,False,True,power_right_poisson_wrong,True
4d7dc39c0a1c1123,2026-04-28,Colchester 12U,Glastonbury 12U Blue,8,1,Colchester 12U,Colchester 12U,Colchester 12U,Colchester 12U,0.5787650714184439,0.92905,-0.35028492858155613,0.35028492858155613,True,True,False,False,False,same_direction,extreme,8.521561364178917,3.4966767776501526,12.01823814182907,5.0248845865287635,1.5091190709145346,1.9751154134712363,3.0182381418290696,0.2218,0.0498,68.23,medium,moderate,True,True,True,both_right,False
6dbce7b1c0f48074,2026-04-28,Wolcott 12U,Burlington 12U,7,8,Burlington 12U,Burlington 12U,Burlington 12U,Burlington 12U,0.4270423818358062,0.33715,0.08989238183580617,0.08989238183580617,False,False,False,False,False,same_direction,low,5.776340998259281,7.29765508507584,13.07399608333512,-1.5213140868165589,0.9630019583324398,0.5213140868165587,1.9260039166648788,0.486,0.2851,46.07,low,elevated,True,True,True,both_right,False
dc66565cc0513128,2026-04-28,Wethersfield 12U B,RHAM 12U,4,13,RHAM 12U,RHAM 12U,Wethersfield 12U B,RHAM 12U,0.4127922175855796,0.5308,-0.11800778241442045,0.11800778241442045,False,True,True,False,True,opposite_direction,medium,6.139455698019333,5.87921367082346,12.018669368842794,0.2602420271958729,4.630121013597936,9.260242027195872,4.981330631157206,0.5333,0.4117,53.43000000000001,low,moderate,True,False,True,power_right_poisson_wrong,False
e520d55cebe7b092,2026-04-28,West Springfield 12U,Northampton 12U,7,0,West Springfield 12U,West Springfield 12U,West Springfield 12U,West Springfield 12U,0.5533240345251609,0.7805,-0.2271759654748391,0.2271759654748391,True,True,False,False,False,same_direction,high,7.736955362669557,4.9358032434268635,12.67275860609642,2.801152119242693,2.83637930304821,4.198847880757307,5.672758606096419,0.396,0.1771,60.13,medium,moderate,True,True,True,both_right,False
19ced5952cdbcd5a,2026-04-29,West Hartford 12U Gold,Southington 12U Blue,12,0,West Hartford 12U Gold,West Hartford 12U Gold,West Hartford 12U Gold,West Hartford 12U Gold,0.6011919427477133,0.7003,-0.09910805725228677,0.09910805725228677,True,True,False,False,False,same_direction,low,5.034691539060082,3.516871397886224,8.551562936946306,1.5178201411738583,5.241089929413071,10.48217985882614,3.448437063053694,0.5515,0.2401,80.64,medium,low,True,True,True,both_right,False
502a2651ccd24c37,2026-04-29,Granby 12U,South Windsor 12U,3,9,South Windsor 12U,South Windsor 12U,Granby 12U,South Windsor 12U,0.4582216971707142,0.6954,-0.23717830282928581,0.23717830282928581,False,True,True,True,True,opposite_direction,high,5.9599841862407335,4.296294861359286,10.25627904760002,1.6636893248814475,3.831844662440724,7.663689324881448,1.7437209523999808,0.506,0.2501,45.97,low,moderate,True,False,True,power_right_poisson_wrong,False
87d62cb0eb1cec38,2026-04-29,Suffield 12U,Westfield 12U Red,5,9,Westfield 12U Red,Suffield 12U,Suffield 12U,Suffield 12U,0.537895114874779,0.62915,-0.09125488512522095,0.09125488512522095,True,True,False,False,False,same_direction,low,8.64895261554386,7.362335528714512,16.011288144258373,1.2866170868293487,2.6433085434146744,5.286617086829349,2.0112881442583728,0.4537,0.3197,65.95,medium,moderate,False,False,False,both_wrong,False
ab81ff7374e75252,2026-04-29,Simsbury 12U Blue,West Hartford 12U White,10,6,Simsbury 12U Blue,West Hartford 12U White,Simsbury 12U Blue,West Hartford 12U White,0.482381421312668,0.8028500000000001,-0.3204685786873321,0.3204685786873321,False,True,True,True,True,opposite_direction,high,7.26888481899426,4.382592801388731,11.651477620382993,2.8862920176055287,2.1742611898085045,1.113707982394471,4.348522379617009,0.4017,0.155,49.93000000000001,low,moderate,False,True,False,poisson_right_power_wrong,False
b8cfe4cdda448e90,2026-04-29,Somers 12U Red,Longmeadow 12U White,5,3,Somers 12U Red,Longmeadow 12U White,Longmeadow 12U White,Longmeadow 12U White,0.4868992956546107,0.3759,0.1109992956546107,0.1109992956546107,False,False,False,False,False,same_direction,medium,5.971437300480829,7.1035608399289245,13.074998140409754,-1.132123539448095,2.537499070204877,3.132123539448095,5.074998140409754,0.4894,0.3246,63.34,medium,moderate,False,False,False,both_wrong,False
c5a1d57eb4e33346,2026-04-29,Belchertown 12U,Northampton 12U,4,3,Belchertown 12U,Belchertown 12U,Belchertown 12U,Belchertown 12U,0.5716554026785067,0.91835,-0.3466945973214933,0.3466945973214933,True,True,False,False,False,same_direction,high,8.847874727881504,3.899375374677311,12.747250102558814,4.948499353204193,2.873625051279407,3.948499353204193,5.747250102558814,0.2307,0.059,61.31,medium,moderate,True,True,True,both_right,False
cbc0a9e2e481ce52,2026-04-29,Newington 12U,Vernon 12U,4,8,Vernon 12U,Vernon 12U,Newington 12U,Vernon 12U,0.4683619766396242,0.9689,-0.5005380233603758,0.5005380233603758,False,True,True,True,True,opposite_direction,extreme,11.785441428730088,4.371921430503555,16.157362859233643,7.413519998226532,5.706759999113266,11.413519998226532,4.157362859233643,0.1033,0.0218,38.91,low,elevated,True,False,True,power_right_poisson_wrong,False
247f02c6f787cac0,2026-04-30,Westfield 12U Black,Agawam 12U,6,8,Agawam 12U,Westfield 12U Black,Westfield 12U Black,Westfield 12U Black,0.5406896251225375,0.62905,-0.08836037487746251,0.08836037487746251,True,True,False,False,False,same_direction,low,6.582039423363611,5.435705057357916,12.017744480721529,1.1463343660056946,1.5731671830028473,3.1463343660056946,1.982255519278473,0.5056,0.3181,67.12,medium,moderate,False,False,False,both_wrong,False
4c35cd9df207f850,2026-04-30,Bristol 12U,Wolcott 12U,7,11,Wolcott 12U,Wolcott 12U,Bristol 12U,Wolcott 12U,0.4823402417988005,0.7023,-0.21995975820119956,0.21995975820119956,False,True,True,True,True,opposite_direction,medium,4.550245887540502,3.1056152648322786,7.655861152372781,1.4446306227082233,5.17206942381361,5.444630622708223,10.34413884762722,0.5804,0.2356,29.5,low,elevated,True,False,True,power_right_poisson_wrong,False
5930e72177aa6fe6,2026-04-30,West Hartford 12U Green,Glastonbury 12U Blue,5,1,West Hartford 12U Green,West Hartford 12U Green,West Hartford 12U Green,West Hartford 12U Green,0.7135636187860455,0.9366,-0.22303638121395453,0.22303638121395453,True,True,False,False,False,same_direction,high,8.825808132177958,3.547272420313945,12.373080552491905,5.278535711864013,3.1865402762459514,1.2785357118640128,6.373080552491903,0.1968,0.0468,64.86,medium,moderate,True,True,True,both_right,False
69b9c4bbc5fd0a96,2026-04-30,West Hartford 12U Gold,Glastonbury 12U White,8,7,West Hartford 12U Gold,West Hartford 12U Gold,West Hartford 12U Gold,West Hartford 12U Gold,0.7423524542692816,0.9775,-0.2351475457307184,0.2351475457307184,True,True,False,False,False,same_direction,high,10.962315537984807,3.4898855213523365,14.452201059337144,7.472430016632471,3.2362150083162353,6.472430016632471,0.5477989406628563,0.0909,0.0147,58.69,low,moderate,True,True,True,both_right,False
df05d6c6dca12cd6,2026-04-30,West Springfield 12U,East Longmeadow 12U A,9,3,West Springfield 12U,West Springfield 12U,West Springfield 12U,West Springfield 12U,0.6832929662673307,0.9062,-0.2229070337326693,0.2229070337326693,True,True,False,False,False,same_direction,high,8.586710344705452,3.938610931542865,12.525321276248317,4.648099413162587,0.6759502934187065,1.351900586837413,0.5253212762483166,0.2552,0.0708,70.87,medium,moderate,True,True,True,both_right,False
f2e6bb9a1fe3f41a,2026-04-30,Ellington 12U,Somers 12U White,1,7,Somers 12U White,Somers 12U White,Ellington 12U,Somers 12U White,0.332272293755826,0.56795,-0.23567770624417395,0.23567770624417395,False,True,True,True,True,opposite_direction,high,5.506801867411818,5.002223623097658,10.509025490509476,0.5045782443141604,3.25228912215708,6.50457824431416,2.509025490509476,0.5546,0.3734,59.459999999999994,medium,moderate,True,False,True,power_right_poisson_wrong,True
485a34f801dee5c7,2026-05-01,Berlin 12U A,Bristol 12U,6,2,Berlin 12U A,Bristol 12U,Berlin 12U A,Bristol 12U,0.4448594365105918,0.77165,-0.32679056348940816,0.32679056348940816,False,True,True,True,True,opposite_direction,high,5.917152074642722,3.5577013737787095,9.474853448421433,2.3594507008640124,0.8202746495679938,1.6405492991359876,1.474853448421431,0.4763,0.1747,55.81999999999999,low,moderate,False,True,False,poisson_right_power_wrong,False
8b72e2246a5ce728,2026-05-01,Wolcott 12U,Middletown 12U,11,4,Wolcott 12U,Wolcott 12U,Middletown 12U,Wolcott 12U,0.5660247985927952,0.19955,0.3664747985927952,0.3664747985927952,True,False,True,True,True,opposite_direction,extreme,5.378522616609591,8.45171400204347,13.83023661865306,-3.073191385433879,5.03659569271694,10.07319138543388,1.1697633813469397,0.3804,0.1598,38.06,low,elevated,True,False,True,power_right_poisson_wrong,False
9607ceec5c868a57,2026-05-01,Somers 12U White,South Hadley 12U,14,2,Somers 12U White,Somers 12U White,Somers 12U White,Somers 12U White,0.6784634654345476,0.7744500000000001,-0.09598653456545247,0.09598653456545247,True,True,False,False,False,same_direction,low,8.772108024330949,5.809011265180616,14.581119289511566,2.963096759150333,4.518451620424834,9.036903240849668,1.418880710488434,0.3834,0.1847,70.73,medium,moderate,True,True,True,both_right,False
97c34c6bbcbb0a44,2026-05-01,East Longmeadow 12U A,Minnechaug 12U,4,16,Minnechaug 12U,Minnechaug 12U,East Longmeadow 12U A,Minnechaug 12U,0.2259864363939874,0.5207499999999999,-0.2947635636060125,0.2947635636060125,False,True,True,True,True,opposite_direction,high,5.181673869858497,4.976782156297796,10.158456026156294,0.2048917135607011,6.102445856780351,12.204891713560702,9.841543973843706,0.5726,0.4173,66.28,medium,low,True,False,True,power_right_poisson_wrong,True
2085dacc82877b69,2026-05-02,Westfield 12U Black,Simsbury 12U Blue,13,4,Westfield 12U Black,Westfield 12U Black,Westfield 12U Black,Westfield 12U Black,0.5107111536102636,0.648,-0.13728884638973637,0.13728884638973637,True,True,False,False,False,same_direction,medium,6.4704279736308035,5.158318187608256,11.62874616123906,1.312109786022547,3.8439451069887265,7.687890213977453,5.371253838760939,0.5101,0.2964,66.11,medium,moderate,True,True,True,both_right,False
302eb1dcb8003867,2026-05-02,Vernon 12U,RHAM 12U,6,8,RHAM 12U,RHAM 12U,RHAM 12U,RHAM 12U,0.2447071202746242,0.2004,0.04430712027462422,0.04430712027462422,False,False,False,False,False,same_direction,low,5.271518031557397,8.35653198669985,13.628050018257246,-3.085013955142452,0.5425069775712261,1.0850139551424522,0.3719499817427536,0.3753,0.1621,68.56,medium,moderate,True,True,True,both_right,False
355a5457f34c1c2c,2026-05-02,Middletown 12U,Burlington 12U,4,10,Burlington 12U,Burlington 12U,Burlington 12U,Burlington 12U,0.3251974993826809,0.20605,0.11914749938268088,0.11914749938268088,False,False,False,False,False,same_direction,medium,5.684115115904346,8.764163651331526,14.448278767235871,-3.0800485354271796,1.4599757322864102,2.9199514645728204,0.4482787672358714,0.3724,0.1681,72.63,medium,moderate,True,True,True,both_right,False
b0e9706b9dc83d58,2026-05-02,Simsbury 12U A,Granby 12U,9,4,Simsbury 12U A,Granby 12U,Simsbury 12U A,Granby 12U,0.4928078485463397,0.91235,-0.4195421514536603,0.4195421514536603,False,True,True,True,True,opposite_direction,extreme,8.636523808370507,3.8898528870930815,12.526376695463588,4.746670921277426,0.2368116522682057,0.2533290787225741,0.473623304536412,0.244,0.0637,39.53,low,elevated,False,True,False,poisson_right_power_wrong,False
d9cc3c6eac670ce6,2026-05-02,South Windsor 12U,Tolland 12U,16,4,South Windsor 12U,South Windsor 12U,South Windsor 12U,South Windsor 12U,0.5880703044459183,0.9208,-0.3327296955540816,0.3327296955540816,True,True,False,False,False,same_direction,high,9.273679357982862,4.126383799399379,13.400063157382242,5.147295558583483,3.4263522207082584,6.852704441416517,6.599936842617758,0.2277,0.0586,47.5,low,elevated,True,True,True,both_right,False
dff8b2aa3b2aa89e,2026-05-02,Avon 12U B,Farmington 12U Red,6,5,Avon 12U B,Avon 12U B,Avon 12U B,Avon 12U B,0.514254437369764,0.616,-0.10174556263023604,0.10174556263023604,True,True,False,False,False,same_direction,medium,6.940324008756976,5.921806999579051,12.862131008336029,1.0185170091779252,0.9310655041680134,0.0185170091779252,1.8621310083360267,0.5017,0.3309,71.46,medium,moderate,True,True,True,both_right,False
fd6ce41f0a0d9173,2026-05-02,Westfield 12U Red,Somers 12U White,10,0,Westfield 12U Red,Westfield 12U Red,Westfield 12U Red,Westfield 12U Red,0.574837250097332,0.6273500000000001,-0.05251274990266808,0.05251274990266808,True,True,False,False,False,same_direction,low,5.61625640829027,4.535549994070866,10.151806402361135,1.0807064142194038,4.4596467928902985,8.919293585780597,0.1518064023611351,0.5514,0.3144,69.03,medium,moderate,True,True,True,both_right,False
19fa9b98436540af,2026-05-03,Simsbury 12U Blue,West Hartford 12U Green,0,5,West Hartford 12U Green,West Hartford 12U Green,West Hartford 12U Green,West Hartford 12U Green,0.2707682551843746,0.1819,0.08886825518437458,0.08886825518437458,False,False,False,False,False,same_direction,low,5.514542027806465,9.09851978421844,14.613061812024904,-3.583977756411974,4.806530906012452,1.416022243588026,9.613061812024904,0.3476,0.1486,66.13,medium,moderate,True,True,True,both_right,False
1f5790410d92377e,2026-05-03,Minnechaug 12U White,East Longmeadow 12U White,7,1,Minnechaug 12U White,Minnechaug 12U White,Minnechaug 12U White,Minnechaug 12U White,0.6568451885293086,0.7814,-0.12455481147069136,0.12455481147069136,True,True,False,False,False,same_direction,medium,7.473128954804555,4.8274231127325375,12.300552067537092,2.645705842072017,2.150276033768546,3.354294157927983,4.300552067537092,0.4164,0.1743,71.5,medium,moderate,True,True,True,both_right,False
388b6189878496a4,2026-05-03,RHAM 12U,Colchester 12U,6,0,RHAM 12U,RHAM 12U,RHAM 12U,RHAM 12U,0.6172934044081108,0.8648,-0.24750659559188926,0.24750659559188926,True,True,False,False,False,same_direction,high,8.728882300148493,4.648356166659223,13.377238466807716,4.08052613348927,3.688619233403858,1.9194738665107296,7.377238466807716,0.311,0.1027,63.120000000000005,medium,moderate,True,True,True,both_right,False
4da350718624b6ed,2026-05-03,Simsbury 12U A,West Hartford 12U Gold,3,12,West Hartford 12U Gold,West Hartford 12U Gold,West Hartford 12U Gold,West Hartford 12U Gold,0.2128813760497779,0.1807,0.03218137604977789,0.03218137604977789,False,False,False,False,False,same_direction,low,4.986469587743241,8.259810870552984,13.246280458296226,-3.273341282809743,2.8633293585951285,5.726658717190257,1.7537195417037736,0.3664,0.1438,76.17,medium,moderate,True,True,True,both_right,False
63a55d34ac9f6cb2,2026-05-03,Middletown 12U,Berlin 12U A,4,3,Middletown 12U,Berlin 12U A,Middletown 12U,Berlin 12U A,0.4055067274507558,0.6436000000000001,-0.23809327254924428,0.23809327254924428,False,True,True,True,True,opposite_direction,high,6.7904305792661805,5.453824760616189,12.244255339882368,1.3366058186499918,2.6221276699411846,0.3366058186499918,5.244255339882368,0.4912,0.3042,53.739999999999995,low,moderate,False,True,False,poisson_right_power_wrong,False
887c2c4fe584fc29,2026-05-03,Farmington 12U Red,Wethersfield 12U B,7,5,Farmington 12U Red,Farmington 12U Red,Farmington 12U Red,Farmington 12U Red,0.5164450040434849,0.6749999999999999,-0.158554995956515,0.158554995956515,True,True,False,False,False,same_direction,medium,6.629641113544533,5.074649386519069,11.704290500063603,1.554991727025464,0.2225041364872679,0.4450082729745359,0.2957094999363967,0.5017,0.2692,53.53,low,elevated,True,True,True,both_right,False
fbbd696c97a71b1b,2026-05-03,Farmington 12U Black,Wethersfield 12U A,3,10,Wethersfield 12U A,Wethersfield 12U A,Farmington 12U Black,Wethersfield 12U A,0.4527021637717613,0.7988999999999999,-0.34619783622823863,0.34619783622823863,False,True,True,True,True,opposite_direction,high,9.87583135387159,6.5395189729586605,16.41535032683025,3.336312380912929,5.168156190456465,10.33631238091293,3.41535032683025,0.3471,0.1678,35.46,low,elevated,True,False,True,power_right_poisson_wrong,False
0ad70d3d180f9737,2026-05-04,Bristol 12U,Wolcott 12U,2,7,Wolcott 12U,Wolcott 12U,Bristol 12U,Wolcott 12U,0.3412704686712899,0.54055,-0.19927953132871007,0.19927953132871007,False,True,True,False,True,opposite_direction,medium,5.591104646888688,5.204316532768019,10.795421179656708,0.3867881141206686,2.6933940570603343,5.386788114120669,1.7954211796567066,0.5568,0.3969,54.16,low,moderate,True,False,True,power_right_poisson_wrong,False
8a8779819c7d74d1,2026-05-04,Westfield 12U Red,Minnechaug 12U,3,6,Minnechaug 12U,Westfield 12U Red,Westfield 12U Red,Westfield 12U Red,0.5872776204164096,0.79955,-0.21227237958359035,0.21227237958359035,True,True,False,False,False,same_direction,medium,7.269600891422158,4.398047073038899,11.667647964461056,2.8715538183832585,2.9357769091916293,5.8715538183832585,2.6676479644610573,0.4153,0.1586,64.77,medium,moderate,False,False,False,both_wrong,False
e52bb8d442e74ffa,2026-05-04,West Springfield 12U,Belchertown 12U,9,1,West Springfield 12U,West Springfield 12U,West Springfield 12U,West Springfield 12U,0.642778578194354,0.8297,-0.18692142180564597,0.18692142180564597,True,True,False,False,False,same_direction,medium,7.43035255332925,4.261976564290016,11.692329117619266,3.168375989039234,2.415812005480383,4.831624010960766,1.6923291176192663,0.3787,0.1304,63.48,medium,moderate,True,True,True,both_right,False
aa871ccbefa577c5,2026-05-05,West Hartford 12U Green,Colchester 12U,8,5,West Hartford 12U Green,West Hartford 12U Green,West Hartford 12U Green,West Hartford 12U Green,0.6139018347122456,0.6771999999999999,-0.06329816528775434,0.06329816528775434,True,True,False,False,False,same_direction,low,6.457277988653709,4.864163458269267,11.321441446922975,1.5931145303844412,0.839279276538512,1.4068854696155588,1.6785585530770248,0.5016,0.271,77.3,medium,moderate,True,True,True,both_right,False
b2db52ab321da508,2026-05-05,Northampton 12U,Belchertown 12U,6,7,Belchertown 12U,Belchertown 12U,Northampton 12U,Belchertown 12U,0.4904600370797962,0.8317,-0.3412399629202038,0.3412399629202038,False,True,True,True,True,opposite_direction,high,7.748776020201489,4.404946645681063,12.153722665882553,3.3438293745204257,2.171914687260213,4.343829374520426,0.846277334117449,0.3626,0.132,56.349999999999994,low,moderate,True,False,True,power_right_poisson_wrong,False
c8f7e9bb590e3579,2026-05-05,East Longmeadow 12U A,Longmeadow 12U Black,6,4,East Longmeadow 12U A,Longmeadow 12U Black,Longmeadow 12U Black,Longmeadow 12U Black,0.384720005199242,0.22745,0.15727000519924197,0.15727000519924197,False,False,False,False,False,same_direction,medium,5.623552292391361,8.425836551777886,14.049388844169249,-2.802284259386525,2.4011421296932625,4.802284259386525,4.049388844169247,0.3971,0.1857,47.73,low,elevated,False,False,False,both_wrong,False
e4d831c631270100,2026-05-05,Agawam 12U,South Hadley 12U,17,6,Agawam 12U,Agawam 12U,Agawam 12U,Agawam 12U,0.5984435631792347,0.9246,-0.3261564368207652,0.3261564368207652,True,True,False,False,False,same_direction,high,8.602060555012162,3.644318112785146,12.246378667797307,4.957742442227016,5.3768106661013455,6.042257557772984,10.753621332202693,0.229,0.0535,66.66,medium,moderate,True,True,True,both_right,False
1048a8626adef5ff,2026-05-06,South Windsor 12U,Somers 12U White,4,14,Somers 12U White,Somers 12U White,South Windsor 12U,Somers 12U White,0.4788745629042715,0.84015,-0.36127543709572846,0.36127543709572846,False,True,True,True,True,opposite_direction,extreme,7.699592746423167,4.224665046568303,11.924257792991469,3.474927699854864,6.7374638499274315,13.474927699854865,6.075742207008531,0.3552,0.1233,48.54,low,moderate,True,False,True,power_right_poisson_wrong,False
490b6386fc0bec82,2026-05-06,Granby 12U,West Springfield 12U,3,5,West Springfield 12U,West Springfield 12U,West Springfield 12U,West Springfield 12U,0.2063130214926312,0.37765,-0.1713369785073688,0.1713369785073688,False,False,False,False,False,same_direction,medium,5.234225288499308,6.276516744048639,11.510742032547949,-1.0422914555493303,1.7553710162739735,0.9577085444506696,3.510742032547947,0.5218,0.3229,63.94,medium,moderate,True,True,True,both_right,False
cf07d773e14b264a,2026-05-06,Simsbury 12U Blue,Southington 12U White,5,6,Southington 12U White,Southington 12U White,Southington 12U White,Southington 12U White,0.3555600161638839,0.38815,-0.03258998383611611,0.03258998383611611,False,False,False,False,False,same_direction,low,5.794077717301894,6.800890382198894,12.594968099500788,-1.0068126648969995,0.7974840497503939,0.0068126648969997,1.5949680995007878,0.5036,0.3328,75.11,medium,moderate,True,True,True,both_right,False
0233589df3007f39,2026-05-07,Bristol 12U,Burlington 12U,3,5,Burlington 12U,Burlington 12U,Burlington 12U,Burlington 12U,0.2796703342589057,0.24195,0.0377203342589057,0.0377203342589057,False,False,False,False,False,same_direction,low,5.250325895675436,7.849179544030288,13.099505439705723,-2.5988536483548517,2.549752719852862,0.5988536483548517,5.099505439705723,0.4133,0.1982,71.32,medium,moderate,True,True,True,both_right,False
122a20e601ca951b,2026-05-07,Agawam 12U,Longmeadow 12U Black,1,11,Longmeadow 12U Black,Agawam 12U,Agawam 12U,Agawam 12U,0.6163093596468409,0.90705,-0.29074064035315916,0.29074064035315916,True,True,False,False,False,same_direction,high,9.295615794744176,4.4159057275672575,13.711521522311433,4.8797100671769185,7.43985503358846,14.87971006717692,1.7115215223114326,0.247,0.0699,49.03,low,elevated,False,False,False,both_wrong,False
d96b7202084f33d1,2026-05-07,Somers 12U Red,Suffield B,5,6,Suffield B,Somers 12U Red,Somers 12U Red,Somers 12U Red,0.5085078894855053,0.5459,-0.03739211051449476,0.03739211051449476,True,True,False,False,False,same_direction,low,6.106625509766051,5.720609613866603,11.827235123632654,0.3860158958994475,0.6930079479497238,1.3860158958994475,0.8272351236326543,0.5359,0.3966,65.33,low,moderate,False,False,False,both_wrong,False
fc4520e84414c277,2026-05-07,Suffield 12U White,Somers 12U Red,6,5,Suffield 12U White,Suffield 12U White,Suffield 12U White,Suffield 12U White,0.5777341287479837,0.72165,-0.14391587125201633,0.14391587125201633,True,True,False,False,False,same_direction,medium,7.291570946715317,5.173953856447,12.465524803162316,2.1176170902683173,0.7327624015811582,1.1176170902683171,1.4655248031623174,0.4517,0.23,64.72999999999999,medium,moderate,True,True,True,both_right,False
42596b71e414a689,2026-05-08,Southington 12U White,Farmington 12U Red,1,7,Farmington 12U Red,Farmington 12U Red,Southington 12U White,Farmington 12U Red,0.4836918631950917,0.77455,-0.29085813680490824,0.29085813680490824,False,True,True,True,True,opposite_direction,high,7.347944532056656,4.72949579278424,12.077440324840897,2.6184487392724165,4.309224369636208,8.618448739272417,4.077440324840897,0.4167,0.1821,38.22,low,elevated,True,False,True,power_right_poisson_wrong,False
66b11ff9f3979316,2026-05-08,Belchertown 12U,Minnechaug 12U White,8,4,Belchertown 12U,Minnechaug 12U White,Minnechaug 12U White,Minnechaug 12U White,0.2561299017028875,0.2724499999999999,-0.016320098297112395,0.016320098297112395,False,False,False,False,False,same_direction,low,5.142131863391927,7.267887026393575,12.4100188897855,-2.1257551630016485,3.062877581500824,6.1257551630016485,0.4100188897855013,0.4576,0.2244,71.73,medium,moderate,False,False,False,both_wrong,False
e18fd02ae77e13cb,2026-05-08,Southington 12U Blue,Farmington 12U Black,10,9,Southington 12U Blue,Southington 12U Blue,Southington 12U Blue,Southington 12U Blue,0.654230792695743,0.81745,-0.16321920730425699,0.16321920730425699,True,True,False,False,False,same_direction,medium,7.487686836661477,4.3344161380552135,11.82210297471669,3.1532706986062635,3.5889485126416547,2.1532706986062635,7.177897025283309,0.3833,0.143,69.71,medium,moderate,True,True,True,both_right,False
fa3465388573d634,2026-05-08,South Hadley 12U,Minnechaug 12U,0,20,Minnechaug 12U,Minnechaug 12U,Minnechaug 12U,Minnechaug 12U,0.1543382477529798,0.22015,-0.06581175224702021,0.06581175224702021,False,False,False,False,False,same_direction,low,5.0300959995057895,7.797924262319567,12.828020261825356,-2.7678282628137776,8.61608586859311,17.23217173718622,7.1719797381746435,0.4014,0.1782,73.94,medium,moderate,True,True,True,both_right,False
4a382d3304b60238,2026-05-09,Granby 12U,Tolland 12U,12,2,Granby 12U,Granby 12U,Granby 12U,Granby 12U,0.5058245644552626,0.67345,-0.1676254355447374,0.1676254355447374,True,True,False,False,False,same_direction,medium,6.847429480358439,5.232234543927312,12.079664024285751,1.615194936431127,4.1924025317844364,8.384805063568873,1.9203359757142489,0.4874,0.2754,44.04,low,elevated,True,True,True,both_right,False
6b250c9e87ed2153,2026-05-09,RHAM 12U,South Windsor 12U,9,8,RHAM 12U,RHAM 12U,RHAM 12U,RHAM 12U,0.7252650103109616,0.72685,-0.0015849896890384185,0.0015849896890384185,True,True,False,False,False,same_direction,low,6.99163285775976,4.920951162761932,11.912584020521692,2.0706816949978286,2.543707989739154,1.0706816949978286,5.087415979478308,0.4666,0.2222,78.55,medium,moderate,True,True,True,both_right,False
6ea0f27283433899,2026-05-09,Bristol 12U,Meriden 12U,3,8,Meriden 12U,Bristol 12U,Bristol 12U,Bristol 12U,0.515446749471858,0.5610499999999999,-0.04560325052814196,0.04560325052814196,True,True,False,False,False,same_direction,low,6.265783820235471,5.740395657666581,12.006179477902052,0.5253881625688903,2.762694081284445,5.52538816256889,1.0061794779020516,0.5371,0.3804,59.34,low,elevated,False,False,False,both_wrong,False
7a3375828320c9eb,2026-05-09,Belchertown 12U,Berkshire,5,9,Berkshire,Berkshire,Berkshire,Berkshire,0.4422467347737451,0.3894999999999999,0.052746734773745196,0.052746734773745196,False,False,False,False,False,same_direction,low,5.850756657052379,6.763673799892199,12.61443045694458,-0.9129171428398202,1.54354142858009,3.08708285716018,1.3855695430554211,0.5103,0.3343,45.95,low,elevated,True,True,True,both_right,False
f1bce42044c64e75,2026-05-09,Wolcott 12U,Burlington 12U,12,2,Wolcott 12U,Burlington 12U,Burlington 12U,Burlington 12U,0.4770597654103344,0.1722,0.30485976541033444,0.30485976541033444,False,False,False,False,False,same_direction,high,5.10132220467019,8.737081543305184,13.838403747975374,-3.635759338634994,6.817879669317497,13.635759338634994,0.1615962520246263,0.3385,0.1369,58.23,low,moderate,False,False,False,both_wrong,False
f4251bbac3d2907f,2026-05-09,Middletown 12U,Newington 12U,3,5,Newington 12U,Middletown 12U,Middletown 12U,Middletown 12U,0.5329476532517484,0.619,-0.08605234674825157,0.08605234674825157,True,True,False,False,False,same_direction,low,6.579376185592933,5.432147320878929,12.011523506471862,1.1472288647140036,2.005761753235931,3.1472288647140036,4.011523506471862,0.508,0.3264,67.55,medium,moderate,False,False,False,both_wrong,False
082d3835323f91b7,2026-05-10,Middletown 12U,Vernon 12U,1,5,Vernon 12U,Vernon 12U,Middletown 12U,Vernon 12U,0.4296098932589054,0.5297999999999999,-0.10019010674109452,0.10019010674109452,False,True,True,False,True,opposite_direction,medium,6.161320306939434,5.893247513889138,12.054567820828572,0.2680727930502957,3.027283910414286,4.268072793050296,6.054567820828572,0.5329,0.4113,53.64,low,moderate,True,False,True,power_right_poisson_wrong,False
c2feb0da40937837,2026-05-10,Avon 12U B,Simsbury 12U Blue,5,3,Avon 12U B,Avon 12U B,Avon 12U B,Avon 12U B,0.6744978985459636,0.6436999999999999,0.03079789854596371,0.03079789854596371,True,True,False,False,False,same_direction,low,6.486819002441308,5.187197089491472,11.67401609193278,1.299621912949836,1.8370080459663904,0.7003780870501641,3.674016091932782,0.4996,0.3036,77.23,medium,moderate,True,True,True,both_right,False
f5de61c3d069709c,2026-05-10,Avon 12U,Simsbury 12U A,11,0,Avon 12U,Avon 12U,Avon 12U,Avon 12U,0.667880524845661,0.9431,-0.2752194751543391,0.2752194751543391,True,True,False,False,False,same_direction,high,9.563536553233607,3.830221212813032,13.39375776604664,5.7333153404205754,2.6333423297897123,5.2666846595794246,2.3937577660466403,0.177,0.0414,65.62,medium,moderate,True,True,True,both_right,False
22bbf2afe92d9de3,2026-05-11,Berlin 12U A,Meriden 12U,1,6,Meriden 12U,Meriden 12U,Berlin 12U A,Meriden 12U,0.4963938634030678,0.58395,-0.08755613659693218,0.08755613659693218,False,True,True,False,True,opposite_direction,low,6.215073545462002,5.509316535131242,11.724390080593244,0.7057570103307604,2.85287850516538,5.70575701033076,4.724390080593244,0.5274,0.3586,50.06,low,moderate,True,False,True,power_right_poisson_wrong,False
b4d80cff366a8d44,2026-05-11,Vernon 12U,South Windsor 12U,9,12,South Windsor 12U,South Windsor 12U,South Windsor 12U,South Windsor 12U,0.4780247609283656,0.3267,0.1513247609283656,0.1513247609283656,False,False,False,False,False,same_direction,medium,5.481045933849602,7.058949194725884,12.539995128575486,-1.5779032608762815,4.230002435712257,1.4220967391237185,8.460004871424514,0.4801,0.2767,65.74,medium,moderate,True,True,True,both_right,False
ceb132d6d7f70515,2026-05-11,Minnechaug 12U White,East Longmeadow 12U White,6,4,Minnechaug 12U White,Minnechaug 12U White,Minnechaug 12U White,Minnechaug 12U White,0.6783267668158942,0.68855,-0.010223233184105784,0.010223233184105784,True,True,False,False,False,same_direction,low,6.908759490176031,5.274055220705303,12.182814710881336,1.6347042694707286,1.091407355440667,0.3652957305292714,2.1828147108813347,0.4864,0.2624,73.39,medium,moderate,True,True,True,both_right,False
d381cbfe385c039f,2026-05-11,Minnechaug 12U,East Longmeadow 12U A,14,0,Minnechaug 12U,Minnechaug 12U,Minnechaug 12U,Minnechaug 12U,0.8227384091168235,0.9405,-0.1177615908831765,0.1177615908831765,True,True,False,False,False,same_direction,medium,9.229284716281157,3.667243258688621,12.89652797496978,5.562041457592535,4.218979271203732,8.437958542407465,1.1034720250302217,0.1832,0.0426,71.53,medium,moderate,True,True,True,both_right,False
0893268810469108,2026-05-12,Glastonbury 12U White,Suffield 12U,5,10,Suffield 12U,Suffield 12U,Suffield 12U,Suffield 12U,0.338995370282432,0.2195,0.11949537028243198,0.11949537028243198,False,False,False,False,False,same_direction,medium,5.498217268942276,8.451158918699479,13.949376187641754,-2.9529416497572027,1.0235291751213986,2.0470583502427973,1.0506238123582463,0.3943,0.1787,80.88,medium,low,True,True,True,both_right,False
1a985386ba4c6b69,2026-05-12,Somers 12U White,Agawam 12U,13,3,Somers 12U White,Somers 12U White,Somers 12U White,Somers 12U White,0.6856251177003154,0.8,-0.11437488229968462,0.11437488229968462,True,True,False,False,False,same_direction,medium,7.805187333249761,4.807404710950881,12.612592044200644,2.99778262229888,3.50110868885056,7.00221737770112,3.3874079557993575,0.3821,0.1607,69.47,medium,moderate,True,True,True,both_right,False
5c05511095b052a4,2026-05-12,West Springfield 12U,South Hadley 12U,9,3,West Springfield 12U,West Springfield 12U,West Springfield 12U,West Springfield 12U,0.8237679147889136,0.94065,-0.11688208521108634,0.11688208521108634,True,True,False,False,False,same_direction,medium,9.060040968913396,3.6126441110227434,12.672685079936135,5.447396857890651,0.336342539968069,0.5526031421093487,0.6726850799361372,0.1968,0.0414,82.07,high,low,True,True,True,both_right,False
24480a4327977f5a,2026-05-13,RHAM 12U,Granby 12U,14,2,RHAM 12U,RHAM 12U,RHAM 12U,RHAM 12U,0.7867706921164439,0.8025,-0.015729307883556087,0.015729307883556087,True,True,False,False,False,same_direction,low,7.275626796607429,4.397745497743902,11.673372294351331,2.877881298863527,4.561059350568236,9.122118701136472,4.326627705648669,0.4088,0.1555,84.03,medium,low,True,True,True,both_right,False
532fd5e2eab9093d,2026-05-13,Farmington 12U Red,Glastonbury 12U Blue,6,5,Farmington 12U Red,Farmington 12U Red,Farmington 12U Red,Farmington 12U Red,0.7105483749297846,0.81985,-0.10930162507021535,0.10930162507021535,True,True,False,False,False,same_direction,medium,7.731789002569987,4.567406248109875,12.299195250679862,3.164382754460112,1.082191377230056,2.164382754460112,1.299195250679862,0.381,0.1389,53.88,low,elevated,True,True,True,both_right,False
880f09678b462075,2026-05-13,Wethersfield 12U A,West Hartford 12U Gold,6,10,West Hartford 12U Gold,West Hartford 12U Gold,West Hartford 12U Gold,West Hartford 12U Gold,0.3145153248350947,0.2294999999999999,0.0850153248350948,0.0850153248350948,False,False,False,False,False,same_direction,low,5.0572534927227135,7.689514505391318,12.74676799811403,-2.632261012668605,1.6266160009429842,1.3677389873313954,3.2532320018859693,0.4064,0.1878,73.96,medium,moderate,True,True,True,both_right,False
