game_id,game_date,home_team,away_team,home_score,away_score,actual_winner,hybrid_predicted_winner,hybrid_home_win_probability,power_v3_calibrated_home_probability,poisson_home_win_probability,winner_probability_source,expected_home_goals,expected_away_goals,expected_total_goals,expected_margin,most_likely_score,poisson_close_game_probability,poisson_upset_probability,confidence_score,hybrid_confidence_score,confidence_tier,hybrid_confidence_tier,upset_risk,poisson_power_agreement,hybrid_edge_label,hybrid_winner_correct,hybrid_brier_score,hybrid_log_loss,score_mae,margin_mae,total_goals_mae
c015fc060c5fdc98,2026-04-22,Southington 12U Blue,Wolcott 12U,9,3,Southington 12U Blue,Wolcott 12U,0.4737152570856133,0.4737152570856133,0.7291,power_v3_calibrated,5.53121808794228,3.648039216283935,9.179257304226216,1.8831788716583449,5-3,0.5196,0.2134,51.72,31.72,low,low,elevated,split,toss-up,False,0.27697563062446207,0.7471488612417576,2.0584105641708277,4.116821128341655,2.8207426957737844
3651cbf6a3ac00f4,2026-04-23,West Hartford 12U Gold,Farmington 12U Black,16,0,West Hartford 12U Gold,West Hartford 12U Gold,0.5655920253890571,0.5655920253890571,0.1553,power_v3_calibrated,5.185989744404967,9.064480789305788,14.250470533710754,-3.8784910449008194,5-8,0.3234,0.1215,78.58,66.58,high,medium,low,split,slight edge,True,0.18871028840558166,0.5698822638820266,9.93924552245041,19.87849104490082,1.7495294662892462
725324c21d412671,2026-04-23,Suffield 12U,Ellington 12U,14,0,Suffield 12U,Suffield 12U,0.7143884645423292,0.7143884645423292,0.9985,power_v3_calibrated,13.31943933898924,2.4231215821185805,15.742560921107822,10.89631775687066,12-2,0.0126,0.0011,74.93,71.93,medium,medium,moderate,directional,solid favorite,True,0.08157394918648836,0.33632839660742286,1.5518411215646697,3.10368224312934,1.742560921107822
b9f6da52361d9b5e,2026-04-24,Simsbury 12U A,Wethersfield 12U A,9,11,Wethersfield 12U A,Simsbury 12U A,0.5,0.5,0.9728,power_v3_calibrated,10.165811995833842,3.328271519370056,13.494083515203895,6.837540476463786,10-3,0.1098,0.0186,68.81,65.81,medium,medium,moderate,directional,toss-up,False,0.25,0.6931471805599453,4.418770238231893,8.837540476463786,6.505916484796103
bb5e79aa53ad144c,2026-04-24,Berlin 12U A,Wolcott 12U,2,4,Wolcott 12U,Wolcott 12U,0.4901489761657123,0.4901489761657123,0.76915,power_v3_calibrated,6.418972987407011,4.003925939271738,10.42289892667875,2.415047048135273,6-4,0.4586,0.1814,73.01,58.010000000000005,medium,medium,moderate,split,toss-up,True,0.24024601883629598,0.6736367060650872,2.211449463339375,4.415047048135273,4.42289892667875
c09881889401d47d,2026-04-24,Southington 12U White,Bristol 12U,2,7,Bristol 12U,Southington 12U White,0.566182892281578,0.566182892281578,0.8422999999999999,power_v3_calibrated,6.382326915833059,3.2076948376273537,9.590021753460412,3.174632078205706,6-2,0.3876,0.1183,76.49,76.49,high,medium,low,directional,slight edge,False,0.320563067512333,0.8351322444872576,4.087316039102853,8.174632078205706,0.5900217534604124
e5fe74c3450b96be,2026-04-24,Colchester 12U,Middletown 12U,4,2,Colchester 12U,Colchester 12U,0.5202721515285799,0.5202721515285799,0.9798,power_v3_calibrated,11.50942164959081,3.700514257528966,15.209935907119776,7.808907392061844,12-3,0.0794,0.0132,66.46,63.459999999999994,medium,medium,moderate,directional,toss-up,True,0.23013880859901784,0.6534032359919061,4.604967953559887,5.808907392061844,9.209935907119776
2c16475e59ca2df5,2026-04-25,Avon 12U B,West Hartford 12U White,4,1,Avon 12U B,Avon 12U B,0.5,0.5,0.8095,power_v3_calibrated,7.841805803239786,4.768564656739774,12.61037045997956,3.0732411465000116,7-5,0.3842,0.1518,68.81,65.81,medium,medium,moderate,directional,toss-up,True,0.25,0.6931471805599453,3.80518522998978,0.0732411465000115,7.61037045997956
3bf2d41b33a33585,2026-04-25,Westfield 12U Black,Minnechaug 12U White,2,9,Minnechaug 12U White,Minnechaug 12U White,0.4613089495475724,0.4613089495475724,0.88705,power_v3_calibrated,7.253168256274149,3.315977765844186,10.569146022118336,3.937190490429963,7-3,0.3163,0.0838,71.09,56.09,medium,low,moderate,split,toss-up,True,0.2128059469326847,0.6186130626647109,5.468595245214981,10.937190490429964,0.4308539778816644
616512d7fe4b14aa,2026-04-25,Ellington 12U,Vernon 12U,7,5,Ellington 12U,Vernon 12U,0.4735761716112274,0.4735761716112274,0.5708,power_v3_calibrated,4.1072905209118975,3.616082330524619,7.723372851436516,0.4912081903872787,4-3,0.6364,0.3609,72.72,57.72,medium,medium,moderate,split,toss-up,False,0.2771220470954919,0.7474425099989869,2.138313574281742,1.5087918096127213,4.276627148563484
891dd55ea3c8ae28,2026-04-25,Avon 12U,Southington 12U Blue,8,3,Avon 12U,Southington 12U Blue,0.3832115401483276,0.3832115401483276,0.34935,power_v3_calibrated,4.535295287371516,5.805146618854414,10.34044190622593,-1.2698513314828972,4-6,0.5438,0.2936,76.91,84.91,high,medium,low,strong,slight edge,False,0.3804280042061981,0.9591681181292623,3.1349256657414486,6.269851331482897,0.6595580937740699
8b43b577819bdcab,2026-04-25,Granby 12U,Suffield Juniors 1 Blue,0,13,Suffield Juniors 1 Blue,Suffield Juniors 1 Blue,0.4433533255546116,0.4433533255546116,0.5222,power_v3_calibrated,5.2647760520174085,5.116295045542229,10.381071097559635,0.1484810064751798,5-4,0.5574,0.4149,52.93,32.93,low,low,elevated,split,slight edge,True,0.19656217128033343,0.5858245770543361,6.57424050323759,13.14848100647518,2.618928902440363
91bb3d8d88b59b33,2026-04-25,West Hartford 12U Gold,Newington 12U,17,1,West Hartford 12U Gold,West Hartford 12U Gold,0.7220215268193938,0.7220215268193938,0.93625,power_v3_calibrated,8.987783271602458,3.607183489789026,12.594966761391484,5.380599781813433,8-3,0.2001,0.0456,81.11,81.11,high,high,low,directional,solid favorite,True,0.077272031551821,0.3257003249944586,5.309700109093283,10.619400218186566,5.405033238608517
e41c1bef3e9002e6,2026-04-25,Suffield 12U White,Simsbury 12U Blue,6,3,Suffield 12U White,Suffield 12U White,0.6174550383835853,0.6174550383835853,0.4253,power_v3_calibrated,4.897739899787025,5.46255408739235,10.360293987179377,-0.5648141876053252,5-5,0.5626,0.3592,66.65,51.650000000000006,medium,low,moderate,split,slight edge,True,0.1463406476581042,0.4821490254652263,1.7824070938026626,3.564814187605325,1.360293987179375
072bfa5e327b2480,2026-04-26,Somers 12U White,Simsbury 12U A,20,5,Somers 12U White,Somers 12U White,0.53610762728886,0.53610762728886,0.08055,power_v3_calibrated,4.500517550117695,9.648879984298798,14.149397534416494,-5.148362434181103,4-8,0.2163,0.0622,46.78,26.78,low,low,elevated,split,toss-up,True,0.21519613345957125,0.6234203408876818,10.074181217090551,20.148362434181102,10.850602465583506
1e090b21cb3dc379,2026-04-26,Avon 12U B,West Hartford 12U Green,4,5,West Hartford 12U Green,West Hartford 12U Green,0.4584295167832002,0.4584295167832002,0.42395,power_v3_calibrated,5.409203796950559,6.056443521509562,11.46564731846012,-0.6472397245590029,5-6,0.543,0.3644,70.06,75.06,medium,medium,moderate,strong,toss-up,True,0.21015762185807843,0.6132820580996375,1.23282365923006,0.3527602754409971,2.465647318460121
42f096cf25d21849,2026-04-26,Avon 12U,West Hartford 12U Gold,5,8,West Hartford 12U Gold,West Hartford 12U Gold,0.4109248414437508,0.4109248414437508,0.8875,power_v3_calibrated,8.035235510223584,3.8919471190372783,11.927182629260862,4.1432883911863065,8-3,0.3002,0.0843,78.52,66.52,high,medium,low,split,slight edge,True,0.16885922531557174,0.5292014998103404,3.5716441955931533,7.1432883911863065,1.0728173707391375
54c2dffcc1d63ff4,2026-04-26,Farmington 12U Red,Simsbury 12U Blue,8,1,Farmington 12U Red,Simsbury 12U Blue,0.4654578550611856,0.4654578550611856,0.6982,power_v3_calibrated,5.52318779879523,3.9410028239957215,9.464190622790952,1.5821849747995085,5-3,0.5289,0.2464,67.79,52.790000000000006,medium,low,moderate,split,toss-up,False,0.2857353047157884,0.7647337232892176,2.7089075126002458,5.4178150252004915,0.4641906227909516
771b4767d7a54ca4,2026-04-26,RHAM 12U,Tolland 12U,11,1,RHAM 12U,RHAM 12U,0.5929640190150621,0.5929640190150621,0.76295,power_v3_calibrated,6.259433451060591,3.985288233149565,10.244721684210155,2.274145217911026,6-4,0.4692,0.1894,75.02,75.02,high,medium,low,directional,slight edge,True,0.1656782898163707,0.5226215580224836,3.862927391044487,7.725854782088974,1.7552783157898446
79234c725f75b9a8,2026-04-26,Wethersfield 12U A,Glastonbury 12U White,9,8,Wethersfield 12U A,Glastonbury 12U White,0.4975582790555797,0.4975582790555797,0.65935,power_v3_calibrated,5.495430006127189,4.233199557216477,9.728629563343668,1.262230448910712,5-3,0.553,0.2789,60.77,45.77,medium,low,moderate,split,toss-up,False,0.2524476829455907,0.6980425854139813,3.6356852183281663,0.2622304489107119,7.271370436656333
95fea15e499542c7,2026-04-26,Minnechaug 12U,Suffield 12U,6,7,Suffield 12U,Suffield 12U,0.3703291091221719,0.3703291091221719,0.16915,power_v3_calibrated,5.967156199899219,9.778935935223275,15.746092135122495,-3.811779735324058,5-9,0.3165,0.1378,52.69,44.69,low,low,elevated,directional,slight edge,True,0.1371436490632215,0.4625579915246099,1.405889867662029,2.811779735324058,2.7460921351224954
b3740402c9666a1a,2026-04-26,Minnechaug 12U White,Suffield 12U White,4,2,Minnechaug 12U White,Minnechaug 12U White,0.5101554307500433,0.5101554307500433,0.2377,power_v3_calibrated,4.781272856629223,7.163274410670189,11.944547267299413,-2.382001554040966,4-6,0.4334,0.1921,57.84,37.84,low,low,elevated,split,toss-up,True,0.2399477020236756,0.6730398335189876,2.972273633649706,4.382001554040966,5.944547267299413
c815a379a792b9e3,2026-04-26,Wethersfield 12U B,Glastonbury 12U Blue,6,1,Wethersfield 12U B,Wethersfield 12U B,0.5160111704493224,0.5160111704493224,0.6791,power_v3_calibrated,8.139513573634057,6.289787020852896,14.429300594486952,1.8497265527811608,8-6,0.4503,0.2738,67.52,64.52,medium,medium,moderate,directional,toss-up,True,0.23424518712983483,0.6616268655772907,3.714650297243476,3.150273447218839,7.4293005944869535
2589d952bb384ca7,2026-04-27,Minnechaug 12U,Longmeadow 12U Black,11,2,Minnechaug 12U,Minnechaug 12U,0.5831856780283348,0.5831856780283348,0.2421499999999999,power_v3_calibrated,6.385652987808557,9.167921874307424,15.553574862115982,-2.7822688864988674,6-8,0.3814,0.2007,49.03,29.03,low,low,elevated,split,slight edge,True,0.173734179000699,0.5392496561538144,5.891134443249434,11.782268886498867,2.5535748621159815
6492fbf7bb2df32d,2026-04-27,Westfield 12U Black,East Longmeadow 12U White,8,8,Tie,East Longmeadow 12U White,0.4733228934616877,0.4733228934616877,0.7604000000000001,power_v3_calibrated,6.195125597392634,3.977789937962609,10.172915535355244,2.217335659430025,6-3,0.4734,0.1895,65.98,50.980000000000004,medium,low,moderate,split,toss-up,False,0.0007116680132564643,0.6945725463248176,2.9135422323223787,2.217335659430025,5.8270844646447575
69988470e0ef2a00,2026-04-27,Farmington 12U Black,Simsbury 12U A,13,9,Farmington 12U Black,Farmington 12U Black,0.5380003125985434,0.5380003125985434,0.58515,power_v3_calibrated,6.171927777456267,5.463137089123818,11.635064866580084,0.7087906883324484,6-6,0.5382,0.3554,79.48,87.48,high,high,low,strong,toss-up,True,0.2134437111590436,0.6198961377823367,5.182467566709958,3.2912093116675516,10.364935133419916
8f9432596e3c38a9,2026-04-27,Bristol 12U,Newington 12U,1,0,Bristol 12U,Bristol 12U,0.6281696092811982,0.6281696092811982,0.64755,power_v3_calibrated,4.618005751882665,3.5215667110861624,8.139572462968827,1.0964390407965023,4-3,0.591,0.2876,61.17,66.17,medium,low,moderate,strong,slight edge,True,0.13825783946209677,0.4649450705053182,3.5697862314844135,0.0964390407965023,7.139572462968827
e260cfafeb9a0887,2026-04-27,Southington 12U White,West Hartford 12U White,7,1,Southington 12U White,West Hartford 12U White,0.4649451098399262,0.4649451098399262,0.60445,power_v3_calibrated,6.381463916127553,5.50603863864324,11.887502554770792,0.8754252774843128,6-5,0.5138,0.341,70.36,55.36,medium,low,moderate,split,toss-up,False,0.28628373548420866,0.7658359237174434,2.5622873612578436,5.124574722515687,3.887502554770792
2b33716b4f521aa2,2026-04-28,Agawam 12U,East Longmeadow 12U A,13,9,Agawam 12U,East Longmeadow 12U A,0.4458058768228234,0.4458058768228234,0.8078,power_v3_calibrated,5.852632676306016,3.2406745024881976,9.093307178794214,2.611958173817819,6-3,0.4502,0.1434,70.82,55.81999999999999,medium,low,moderate,split,slight edge,False,0.30713112616411953,0.8078716754729712,6.453346410602894,1.3880418261821812,12.906692821205786
3be49081041bd4ba,2026-04-28,Southington 12U Blue,Berlin 12U A,11,4,Southington 12U Blue,Southington 12U Blue,0.5815430692012099,0.5815430692012099,0.99575,power_v3_calibrated,12.13400193653426,2.655161848836258,14.789163785370516,9.478840087698002,12-2,0.0275,0.0028,50.83,42.83,low,low,elevated,directional,slight edge,True,0.1751062029335434,0.54207024407189,1.2394200438490008,2.4788400876980017,0.2108362146294826
4b79b06df5378d3b,2026-04-28,South Hadley 12U,Belchertown 12U,7,8,Belchertown 12U,Belchertown 12U,0.4661581532575062,0.4661581532575062,0.7604,power_v3_calibrated,5.766669280249859,3.5917858690190383,9.358455149268895,2.174883411230821,5-3,0.4967,0.1847,79.54,67.54,high,medium,low,split,toss-up,True,0.21730342384844864,0.6276556510369816,2.8207724253655515,3.174883411230821,5.641544850731103
4d7dc39c0a1c1123,2026-04-28,Colchester 12U,Glastonbury 12U Blue,8,1,Colchester 12U,Colchester 12U,0.5787650714184439,0.5787650714184439,0.92905,power_v3_calibrated,8.521561364178917,3.4966767776501526,12.01823814182907,5.0248845865287635,9-3,0.2218,0.0498,71.23,68.23,medium,medium,moderate,directional,slight edge,True,0.17743886505710865,0.5468586325929978,1.5091190709145346,1.9751154134712363,3.0182381418290696
6dbce7b1c0f48074,2026-04-28,Wolcott 12U,Burlington 12U,7,8,Burlington 12U,Burlington 12U,0.4270423818358062,0.4270423818358062,0.33715,power_v3_calibrated,5.776340998259281,7.29765508507584,13.07399608333512,-1.5213140868165589,6-8,0.486,0.2851,50.07,46.07,low,low,elevated,moderate,slight edge,True,0.18236519588399847,0.5569435298123638,0.9630019583324398,0.5213140868165587,1.9260039166648788
dc66565cc0513128,2026-04-28,Wethersfield 12U B,RHAM 12U,4,13,RHAM 12U,RHAM 12U,0.4127922175855796,0.4127922175855796,0.5308,power_v3_calibrated,6.139455698019333,5.87921367082346,12.018669368842794,0.2602420271958729,6-6,0.5333,0.4117,68.43,53.43000000000001,medium,low,moderate,split,slight edge,True,0.1703974148992205,0.5323765483391047,4.630121013597936,9.260242027195872,4.981330631157206
e520d55cebe7b092,2026-04-28,West Springfield 12U,Northampton 12U,7,0,West Springfield 12U,West Springfield 12U,0.5533240345251609,0.5533240345251609,0.7805,power_v3_calibrated,7.736955362669557,4.9358032434268635,12.67275860609642,2.801152119242693,8-4,0.396,0.1771,63.13,60.13,medium,medium,moderate,directional,slight edge,True,0.19951941813287968,0.5918114915158751,2.83637930304821,4.198847880757307,5.672758606096419
19ced5952cdbcd5a,2026-04-29,West Hartford 12U Gold,Southington 12U Blue,12,0,West Hartford 12U Gold,West Hartford 12U Gold,0.6011919427477133,0.6011919427477133,0.7003,power_v3_calibrated,5.034691539060082,3.516871397886224,8.551562936946306,1.5178201411738583,5-3,0.5515,0.2401,76.64,80.64,high,medium,low,moderate,slight edge,True,0.15904786652934322,0.5088410231430359,5.241089929413071,10.48217985882614,3.448437063053694
502a2651ccd24c37,2026-04-29,Granby 12U,South Windsor 12U,3,9,South Windsor 12U,South Windsor 12U,0.4582216971707142,0.4582216971707142,0.6954,power_v3_calibrated,5.9599841862407335,4.296294861359286,10.25627904760002,1.6636893248814475,6-4,0.506,0.2501,60.97,45.97,medium,low,moderate,split,toss-up,True,0.20996712375800972,0.6128983965905983,3.831844662440724,7.663689324881448,1.7437209523999808
87d62cb0eb1cec38,2026-04-29,Suffield 12U,Westfield 12U Red,5,9,Westfield 12U Red,Suffield 12U,0.537895114874779,0.537895114874779,0.62915,power_v3_calibrated,8.64895261554386,7.362335528714512,16.011288144258373,1.2866170868293487,7-7,0.4537,0.3197,64.95,65.95,medium,medium,moderate,moderate,toss-up,False,0.2893311546061517,0.7719633895859003,2.6433085434146744,5.286617086829349,2.0112881442583728
ab81ff7374e75252,2026-04-29,Simsbury 12U Blue,West Hartford 12U White,10,6,Simsbury 12U Blue,West Hartford 12U White,0.482381421312668,0.482381421312668,0.8028500000000001,power_v3_calibrated,7.26888481899426,4.382592801388731,11.651477620382993,2.8862920176055287,8-4,0.4017,0.155,64.93,49.93000000000001,medium,low,moderate,split,toss-up,False,0.26792899300229367,0.7290201473442485,2.1742611898085045,1.113707982394471,4.348522379617009
b8cfe4cdda448e90,2026-04-29,Somers 12U Red,Longmeadow 12U White,5,3,Somers 12U Red,Longmeadow 12U White,0.4868992956546107,0.4868992956546107,0.3759,power_v3_calibrated,5.971437300480829,7.1035608399289245,13.074998140409754,-1.132123539448095,6-7,0.4894,0.3246,62.34,63.34,medium,medium,moderate,moderate,toss-up,False,0.26327233279973455,0.7196979623860034,2.537499070204877,3.132123539448095,5.074998140409754
c5a1d57eb4e33346,2026-04-29,Belchertown 12U,Northampton 12U,4,3,Belchertown 12U,Belchertown 12U,0.5716554026785067,0.5716554026785067,0.91835,power_v3_calibrated,8.847874727881504,3.899375374677311,12.747250102558814,4.948499353204193,8-3,0.2307,0.059,64.31,61.31,medium,medium,moderate,directional,slight edge,True,0.18347909405451227,0.5592189120137043,2.873625051279407,3.948499353204193,5.747250102558814
cbc0a9e2e481ce52,2026-04-29,Newington 12U,Vernon 12U,4,8,Vernon 12U,Vernon 12U,0.4683619766396242,0.4683619766396242,0.9689,power_v3_calibrated,11.785441428730088,4.371921430503555,16.157362859233643,7.413519998226532,11-4,0.1033,0.0218,58.91,38.91,low,low,elevated,split,toss-up,True,0.21936294116177588,0.6317924284398748,5.706759999113266,11.413519998226532,4.157362859233643
247f02c6f787cac0,2026-04-30,Westfield 12U Black,Agawam 12U,6,8,Agawam 12U,Westfield 12U Black,0.5406896251225375,0.5406896251225375,0.62905,power_v3_calibrated,6.582039423363611,5.435705057357916,12.017744480721529,1.1463343660056946,6-4,0.5056,0.3181,66.12,67.12,medium,medium,moderate,moderate,toss-up,False,0.2923452707151501,0.7780290994503282,1.5731671830028473,3.1463343660056946,1.982255519278473
4c35cd9df207f850,2026-04-30,Bristol 12U,Wolcott 12U,7,11,Wolcott 12U,Wolcott 12U,0.4823402417988005,0.4823402417988005,0.7023,power_v3_calibrated,4.550245887540502,3.1056152648322786,7.655861152372781,1.4446306227082233,4-3,0.5804,0.2356,49.5,29.5,low,low,elevated,split,toss-up,True,0.2326521088585253,0.6584370899843008,5.17206942381361,5.444630622708223,10.34413884762722
5930e72177aa6fe6,2026-04-30,West Hartford 12U Green,Glastonbury 12U Blue,5,1,West Hartford 12U Green,West Hartford 12U Green,0.7135636187860455,0.7135636187860455,0.9366,power_v3_calibrated,8.825808132177958,3.547272420313945,12.373080552491905,5.278535711864013,9-3,0.1968,0.0468,67.86,64.86,medium,medium,moderate,directional,solid favorite,True,0.0820458004829459,0.33748368165887005,3.1865402762459514,1.2785357118640128,6.373080552491903
69b9c4bbc5fd0a96,2026-04-30,West Hartford 12U Gold,Glastonbury 12U White,8,7,West Hartford 12U Gold,West Hartford 12U Gold,0.7423524542692816,0.7423524542692816,0.9775,power_v3_calibrated,10.962315537984807,3.4898855213523365,14.452201059337144,7.472430016632471,11-3,0.0909,0.0147,61.69,58.69,medium,low,moderate,directional,solid favorite,True,0.0663822578210626,0.29793114284052824,3.2362150083162353,6.472430016632471,0.5477989406628563
df05d6c6dca12cd6,2026-04-30,West Springfield 12U,East Longmeadow 12U A,9,3,West Springfield 12U,West Springfield 12U,0.6832929662673307,0.6832929662673307,0.9062,power_v3_calibrated,8.586710344705452,3.938610931542865,12.525321276248317,4.648099413162587,8-3,0.2552,0.0708,73.87,70.87,medium,medium,moderate,directional,solid favorite,True,0.10030334521574612,0.38083157101784165,0.6759502934187065,1.351900586837413,0.5253212762483166
f2e6bb9a1fe3f41a,2026-04-30,Ellington 12U,Somers 12U White,1,7,Somers 12U White,Somers 12U White,0.332272293755826,0.332272293755826,0.56795,power_v3_calibrated,5.506801867411818,5.002223623097658,10.509025490509476,0.5045782443141604,5-4,0.5546,0.3734,74.46,59.459999999999994,medium,medium,moderate,split,solid favorite,True,0.11040487719775793,0.4038748139302745,3.25228912215708,6.50457824431416,2.509025490509476
485a34f801dee5c7,2026-05-01,Berlin 12U A,Bristol 12U,6,2,Berlin 12U A,Bristol 12U,0.4448594365105918,0.4448594365105918,0.77165,power_v3_calibrated,5.917152074642722,3.5577013737787095,9.474853448421433,2.3594507008640124,5-3,0.4763,0.1747,70.82,55.81999999999999,medium,low,moderate,split,slight edge,False,0.30818104523133766,0.8099969197241901,0.8202746495679938,1.6405492991359876,1.474853448421431
8b72e2246a5ce728,2026-05-01,Wolcott 12U,Middletown 12U,11,4,Wolcott 12U,Wolcott 12U,0.5660247985927952,0.5660247985927952,0.19955,power_v3_calibrated,5.378522616609591,8.45171400204347,13.83023661865306,-3.073191385433879,5-9,0.3804,0.1598,58.06,38.06,low,low,elevated,split,slight edge,True,0.18833447543642398,0.5691173879705599,5.03659569271694,10.07319138543388,1.1697633813469397
9607ceec5c868a57,2026-05-01,Somers 12U White,South Hadley 12U,14,2,Somers 12U White,Somers 12U White,0.6784634654345476,0.6784634654345476,0.7744500000000001,power_v3_calibrated,8.772108024330949,5.809011265180616,14.581119289511566,2.963096759150333,9-4,0.3834,0.1847,69.73,70.73,medium,medium,moderate,moderate,solid favorite,True,0.10338574306036036,0.38792464723721953,4.518451620424834,9.036903240849668,1.418880710488434
97c34c6bbcbb0a44,2026-05-01,East Longmeadow 12U A,Minnechaug 12U,4,16,Minnechaug 12U,Minnechaug 12U,0.2259864363939874,0.2259864363939874,0.5207499999999999,power_v3_calibrated,5.181673869858497,4.976782156297796,10.158456026156294,0.2048917135607011,5-4,0.5726,0.4173,78.28,66.28,high,medium,low,split,strong favorite,True,0.05106986943405372,0.2561658815071782,6.102445856780351,12.204891713560702,9.841543973843706
2085dacc82877b69,2026-05-02,Westfield 12U Black,Simsbury 12U Blue,13,4,Westfield 12U Black,Westfield 12U Black,0.5107111536102636,0.5107111536102636,0.648,power_v3_calibrated,6.4704279736308035,5.158318187608256,11.62874616123906,1.312109786022547,6-5,0.5101,0.2964,65.11,66.11,medium,medium,moderate,moderate,toss-up,True,0.23940357520139902,0.6719511057192401,3.8439451069887265,7.687890213977453,5.371253838760939
302eb1dcb8003867,2026-05-02,Vernon 12U,RHAM 12U,6,8,RHAM 12U,RHAM 12U,0.2447071202746242,0.2447071202746242,0.2004,power_v3_calibrated,5.271518031557397,8.35653198669985,13.628050018257246,-3.085013955142452,5-9,0.3753,0.1621,63.56,68.56,medium,medium,moderate,strong,strong favorite,True,0.0598815747130994,0.28064968478862673,0.5425069775712261,1.0850139551424522,0.3719499817427536
355a5457f34c1c2c,2026-05-02,Middletown 12U,Burlington 12U,4,10,Burlington 12U,Burlington 12U,0.3251974993826809,0.3251974993826809,0.20605,power_v3_calibrated,5.684115115904346,8.764163651331526,14.448278767235871,-3.0800485354271796,5-9,0.3724,0.1681,71.63,72.63,medium,medium,moderate,moderate,solid favorite,True,0.10575341360474874,0.3933352226009495,1.4599757322864102,2.9199514645728204,0.4482787672358714
b0e9706b9dc83d58,2026-05-02,Simsbury 12U A,Granby 12U,9,4,Simsbury 12U A,Granby 12U,0.4928078485463397,0.4928078485463397,0.91235,power_v3_calibrated,8.636523808370507,3.8898528870930815,12.526376695463588,4.746670921277426,9-3,0.244,0.0637,59.53,39.53,low,low,elevated,split,toss-up,False,0.25724387849619273,0.7076359404563322,0.2368116522682057,0.2533290787225741,0.473623304536412
d9cc3c6eac670ce6,2026-05-02,South Windsor 12U,Tolland 12U,16,4,South Windsor 12U,South Windsor 12U,0.5880703044459183,0.5880703044459183,0.9208,power_v3_calibrated,9.273679357982862,4.126383799399379,13.400063157382242,5.147295558583483,9-4,0.2277,0.0586,55.5,47.5,low,low,elevated,directional,slight edge,True,0.1696860740792784,0.530908772846666,3.4263522207082584,6.852704441416517,6.599936842617758
dff8b2aa3b2aa89e,2026-05-02,Avon 12U B,Farmington 12U Red,6,5,Avon 12U B,Avon 12U B,0.514254437369764,0.514254437369764,0.616,power_v3_calibrated,6.940324008756976,5.921806999579051,12.862131008336029,1.0185170091779252,6-6,0.5017,0.3309,70.46,71.46,medium,medium,moderate,moderate,toss-up,True,0.23594875161496456,0.6650371216680896,0.9310655041680134,0.0185170091779252,1.8621310083360267
fd6ce41f0a0d9173,2026-05-02,Westfield 12U Red,Somers 12U White,10,0,Westfield 12U Red,Westfield 12U Red,0.574837250097332,0.574837250097332,0.6273500000000001,power_v3_calibrated,5.61625640829027,4.535549994070866,10.151806402361135,1.0807064142194038,5-4,0.5514,0.3144,64.03,69.03,medium,medium,moderate,strong,slight edge,True,0.1807633639047986,0.553668321558092,4.4596467928902985,8.919293585780597,0.1518064023611351
19fa9b98436540af,2026-05-03,Simsbury 12U Blue,West Hartford 12U Green,0,5,West Hartford 12U Green,West Hartford 12U Green,0.2707682551843746,0.2707682551843746,0.1819,power_v3_calibrated,5.514542027806465,9.09851978421844,14.613061812024904,-3.583977756411974,6-9,0.3476,0.1486,65.13,66.13,medium,medium,moderate,moderate,solid favorite,True,0.07331544801559059,0.31576370336816684,4.806530906012452,1.416022243588026,9.613061812024904
1f5790410d92377e,2026-05-03,Minnechaug 12U White,East Longmeadow 12U White,7,1,Minnechaug 12U White,Minnechaug 12U White,0.6568451885293086,0.6568451885293086,0.7814,power_v3_calibrated,7.473128954804555,4.8274231127325375,12.300552067537092,2.645705842072017,7-4,0.4164,0.1743,70.5,71.5,medium,medium,moderate,moderate,solid favorite,True,0.11775522463548574,0.42030692216110677,2.150276033768546,3.354294157927983,4.300552067537092
388b6189878496a4,2026-05-03,RHAM 12U,Colchester 12U,6,0,RHAM 12U,RHAM 12U,0.6172934044081108,0.6172934044081108,0.8648,power_v3_calibrated,8.728882300148493,4.648356166659223,13.377238466807716,4.08052613348927,9-5,0.311,0.1027,66.12,63.120000000000005,medium,medium,moderate,directional,slight edge,True,0.14646433830953387,0.48241083422042885,3.688619233403858,1.9194738665107296,7.377238466807716
4da350718624b6ed,2026-05-03,Simsbury 12U A,West Hartford 12U Gold,3,12,West Hartford 12U Gold,West Hartford 12U Gold,0.2128813760497779,0.2128813760497779,0.1807,power_v3_calibrated,4.986469587743241,8.259810870552984,13.246280458296226,-3.273341282809743,4-8,0.3664,0.1438,71.17,76.17,medium,medium,moderate,strong,strong favorite,True,0.045318480268846946,0.23937631263453235,2.8633293585951285,5.726658717190257,1.7537195417037736
63a55d34ac9f6cb2,2026-05-03,Middletown 12U,Berlin 12U A,4,3,Middletown 12U,Berlin 12U A,0.4055067274507558,0.4055067274507558,0.6436000000000001,power_v3_calibrated,6.7904305792661805,5.453824760616189,12.244255339882368,1.3366058186499918,6-6,0.4912,0.3042,68.74,53.739999999999995,medium,low,moderate,split,slight edge,False,0.35342225110631,0.9026178150568779,2.6221276699411846,0.3366058186499918,5.244255339882368
887c2c4fe584fc29,2026-05-03,Farmington 12U Red,Wethersfield 12U B,7,5,Farmington 12U Red,Farmington 12U Red,0.5164450040434849,0.5164450040434849,0.6749999999999999,power_v3_calibrated,6.629641113544533,5.074649386519069,11.704290500063603,1.554991727025464,6-5,0.5017,0.2692,57.53,53.53,low,low,elevated,moderate,toss-up,True,0.23382543411450532,0.6607864742262316,0.2225041364872679,0.4450082729745359,0.2957094999363967
fbbd696c97a71b1b,2026-05-03,Farmington 12U Black,Wethersfield 12U A,3,10,Wethersfield 12U A,Wethersfield 12U A,0.4527021637717613,0.4527021637717613,0.7988999999999999,power_v3_calibrated,9.87583135387159,6.5395189729586605,16.41535032683025,3.336312380912929,10-6,0.3471,0.1678,55.46,35.46,low,low,elevated,split,toss-up,True,0.2049392490836346,0.6027621343788361,5.168156190456465,10.33631238091293,3.41535032683025
0ad70d3d180f9737,2026-05-04,Bristol 12U,Wolcott 12U,2,7,Wolcott 12U,Wolcott 12U,0.3412704686712899,0.3412704686712899,0.54055,power_v3_calibrated,5.591104646888688,5.204316532768019,10.795421179656708,0.3867881141206686,6-5,0.5568,0.3969,69.16,54.16,medium,low,moderate,split,solid favorite,True,0.11646553278712186,0.41744225159608705,2.6933940570603343,5.386788114120669,1.7954211796567066
8a8779819c7d74d1,2026-05-04,Westfield 12U Red,Minnechaug 12U,3,6,Minnechaug 12U,Westfield 12U Red,0.5872776204164096,0.5872776204164096,0.79955,power_v3_calibrated,7.269600891422158,4.398047073038899,11.667647964461056,2.8715538183832585,6-4,0.4153,0.1586,67.77,64.77,medium,medium,moderate,directional,slight edge,False,0.3448950034419605,0.8849801164498652,2.9357769091916293,5.8715538183832585,2.6676479644610573
e52bb8d442e74ffa,2026-05-04,West Springfield 12U,Belchertown 12U,9,1,West Springfield 12U,West Springfield 12U,0.642778578194354,0.642778578194354,0.8297,power_v3_calibrated,7.43035255332925,4.261976564290016,11.692329117619266,3.168375989039234,6-4,0.3787,0.1304,66.48,63.480000000000004,medium,medium,moderate,directional,slight edge,True,0.12760714419684724,0.44195497144516876,2.415812005480383,4.831624010960766,1.6923291176192663
aa871ccbefa577c5,2026-05-05,West Hartford 12U Green,Colchester 12U,8,5,West Hartford 12U Green,West Hartford 12U Green,0.6139018347122456,0.6139018347122456,0.6771999999999999,power_v3_calibrated,6.457277988653709,4.864163458269267,11.321441446922975,1.5931145303844412,6-4,0.5016,0.271,72.3,77.3,medium,medium,moderate,strong,slight edge,True,0.14907179323857014,0.48792024193571365,0.839279276538512,1.4068854696155588,1.6785585530770248
b2db52ab321da508,2026-05-05,Northampton 12U,Belchertown 12U,6,7,Belchertown 12U,Belchertown 12U,0.4904600370797962,0.4904600370797962,0.8317,power_v3_calibrated,7.748776020201489,4.404946645681063,12.153722665882553,3.3438293745204257,7-4,0.3626,0.132,71.35,56.349999999999994,medium,low,moderate,split,toss-up,True,0.24055104797231505,0.674246993830587,2.171914687260213,4.343829374520426,0.846277334117449
c8f7e9bb590e3579,2026-05-05,East Longmeadow 12U A,Longmeadow 12U Black,6,4,East Longmeadow 12U A,Longmeadow 12U Black,0.384720005199242,0.384720005199242,0.22745,power_v3_calibrated,5.623552292391361,8.425836551777886,14.049388844169249,-2.802284259386525,5-8,0.3971,0.1857,51.73,47.73,low,low,elevated,moderate,slight edge,False,0.3785694720020208,0.9552394684983767,2.4011421296932625,4.802284259386525,4.049388844169247
e4d831c631270100,2026-05-05,Agawam 12U,South Hadley 12U,17,6,Agawam 12U,Agawam 12U,0.5984435631792347,0.5984435631792347,0.9246,power_v3_calibrated,8.602060555012162,3.644318112785146,12.246378667797307,4.957742442227016,9-3,0.229,0.0535,69.66,66.66,medium,medium,moderate,directional,slight edge,True,0.16124757195218922,0.5134230555410801,5.3768106661013455,6.042257557772984,10.753621332202693
1048a8626adef5ff,2026-05-06,South Windsor 12U,Somers 12U White,4,14,Somers 12U White,Somers 12U White,0.4788745629042715,0.4788745629042715,0.84015,power_v3_calibrated,7.699592746423167,4.224665046568303,11.924257792991469,3.474927699854864,8-4,0.3552,0.1233,63.54,48.54,medium,low,moderate,split,toss-up,True,0.2293208469967571,0.6517645040274312,6.7374638499274315,13.474927699854865,6.075742207008531
490b6386fc0bec82,2026-05-06,Granby 12U,West Springfield 12U,3,5,West Springfield 12U,West Springfield 12U,0.2063130214926312,0.2063130214926312,0.37765,power_v3_calibrated,5.234225288499308,6.276516744048639,11.510742032547949,-1.0422914555493303,5-5,0.5218,0.3229,66.94,63.94,medium,medium,moderate,directional,strong favorite,True,0.042565062837418906,0.2310661290834275,1.7553710162739735,0.9577085444506696,3.510742032547947
cf07d773e14b264a,2026-05-06,Simsbury 12U Blue,Southington 12U White,5,6,Southington 12U White,Southington 12U White,0.3555600161638839,0.3555600161638839,0.38815,power_v3_calibrated,5.794077717301894,6.800890382198894,12.594968099500788,-1.0068126648969995,5-7,0.5036,0.3328,70.11,75.11,medium,medium,moderate,strong,slight edge,True,0.12642292509446137,0.43937358144141325,0.7974840497503939,0.0068126648969997,1.5949680995007878
0233589df3007f39,2026-05-07,Bristol 12U,Burlington 12U,3,5,Burlington 12U,Burlington 12U,0.2796703342589057,0.2796703342589057,0.24195,power_v3_calibrated,5.250325895675436,7.849179544030288,13.099505439705723,-2.5988536483548517,5-7,0.4133,0.1982,66.32,71.32,medium,medium,moderate,strong,solid favorite,True,0.07821549586448805,0.3280463026772468,2.549752719852862,0.5988536483548517,5.099505439705723
122a20e601ca951b,2026-05-07,Agawam 12U,Longmeadow 12U Black,1,11,Longmeadow 12U Black,Agawam 12U,0.6163093596468409,0.6163093596468409,0.90705,power_v3_calibrated,9.295615794744176,4.4159057275672575,13.711521522311433,4.8797100671769185,9-4,0.247,0.0699,57.03,49.03,low,low,elevated,directional,slight edge,False,0.379837226788299,0.9579186751642011,7.43985503358846,14.87971006717692,1.7115215223114326
d96b7202084f33d1,2026-05-07,Somers 12U Red,Suffield B,5,6,Suffield B,Somers 12U Red,0.5085078894855053,0.5085078894855053,0.5459,power_v3_calibrated,6.106625509766051,5.720609613866603,11.827235123632654,0.3860158958994475,5-6,0.5359,0.3966,60.33,65.33,medium,low,moderate,strong,toss-up,False,0.2585802736690029,0.7103093913762513,0.6930079479497238,1.3860158958994475,0.8272351236326543
fc4520e84414c277,2026-05-07,Suffield 12U White,Somers 12U Red,6,5,Suffield 12U White,Suffield 12U White,0.5777341287479837,0.5777341287479837,0.72165,power_v3_calibrated,7.291570946715317,5.173953856447,12.465524803162316,2.1176170902683173,7-4,0.4517,0.23,63.73,64.72999999999999,medium,medium,moderate,moderate,slight edge,True,0.17830846602422443,0.548641501000331,0.7327624015811582,1.1176170902683171,1.4655248031623174
42596b71e414a689,2026-05-08,Southington 12U White,Farmington 12U Red,1,7,Farmington 12U Red,Farmington 12U Red,0.4836918631950917,0.4836918631950917,0.77455,power_v3_calibrated,7.347944532056656,4.72949579278424,12.077440324840897,2.6184487392724165,7-4,0.4167,0.1821,58.22,38.22,low,low,elevated,split,toss-up,True,0.23395781852113934,0.6610515273816555,4.309224369636208,8.618448739272417,4.077440324840897
66b11ff9f3979316,2026-05-08,Belchertown 12U,Minnechaug 12U White,8,4,Belchertown 12U,Minnechaug 12U White,0.2561299017028875,0.2561299017028875,0.2724499999999999,power_v3_calibrated,5.142131863391927,7.267887026393575,12.4100188897855,-2.1257551630016485,5-6,0.4576,0.2244,66.73,71.73,medium,medium,moderate,strong,solid favorite,False,0.5533427231405558,1.3620705346739903,3.062877581500824,6.1257551630016485,0.4100188897855013
e18fd02ae77e13cb,2026-05-08,Southington 12U Blue,Farmington 12U Black,10,9,Southington 12U Blue,Southington 12U Blue,0.654230792695743,0.654230792695743,0.81745,power_v3_calibrated,7.487686836661477,4.3344161380552135,11.82210297471669,3.1532706986062635,7-4,0.3833,0.143,72.71,69.71,medium,medium,moderate,directional,solid favorite,True,0.11955634471981423,0.42429509574720325,3.5889485126416547,2.1532706986062635,7.177897025283309
fa3465388573d634,2026-05-08,South Hadley 12U,Minnechaug 12U,0,20,Minnechaug 12U,Minnechaug 12U,0.1543382477529798,0.1543382477529798,0.22015,power_v3_calibrated,5.0300959995057895,7.797924262319567,12.828020261825356,-2.7678282628137776,4-8,0.4014,0.1782,68.94,73.94,medium,medium,moderate,strong,strong favorite,True,0.023820294719460174,0.16763581936423969,8.61608586859311,17.23217173718622,7.1719797381746435
4a382d3304b60238,2026-05-09,Granby 12U,Tolland 12U,12,2,Granby 12U,Granby 12U,0.5058245644552626,0.5058245644552626,0.67345,power_v3_calibrated,6.847429480358439,5.232234543927312,12.079664024285751,1.615194936431127,6-4,0.4874,0.2754,52.04,44.04,low,low,elevated,directional,toss-up,True,0.24420936109583094,0.6815653803753969,4.1924025317844364,8.384805063568873,1.9203359757142489
6b250c9e87ed2153,2026-05-09,RHAM 12U,South Windsor 12U,9,8,RHAM 12U,RHAM 12U,0.7252650103109616,0.7252650103109616,0.72685,power_v3_calibrated,6.99163285775976,4.920951162761932,11.912584020521692,2.0706816949978286,6-4,0.4666,0.2222,73.55,78.55,medium,medium,moderate,strong,solid favorite,True,0.07547931455943604,0.3212181594544169,2.543707989739154,1.0706816949978286,5.087415979478308
6ea0f27283433899,2026-05-09,Bristol 12U,Meriden 12U,3,8,Meriden 12U,Bristol 12U,0.515446749471858,0.515446749471858,0.5610499999999999,power_v3_calibrated,6.265783820235471,5.740395657666581,12.006179477902052,0.5253881625688903,6-5,0.5371,0.3804,59.34,59.34,low,low,elevated,strong,toss-up,False,0.26568535154110434,0.7245279454799616,2.762694081284445,5.52538816256889,1.0061794779020516
7a3375828320c9eb,2026-05-09,Belchertown 12U,Berkshire,5,9,Berkshire,Berkshire,0.4422467347737451,0.4422467347737451,0.3894999999999999,power_v3_calibrated,5.850756657052379,6.763673799892199,12.61443045694458,-0.9129171428398202,5-7,0.5103,0.3343,45.95,45.95,low,low,elevated,strong,slight edge,True,0.19558217441803924,0.5838385914037898,1.54354142858009,3.08708285716018,1.3855695430554211
f1bce42044c64e75,2026-05-09,Wolcott 12U,Burlington 12U,12,2,Wolcott 12U,Burlington 12U,0.4770597654103344,0.4770597654103344,0.1722,power_v3_calibrated,5.10132220467019,8.737081543305184,13.838403747975374,-3.635759338634994,5-8,0.3385,0.1369,61.23,58.23,medium,low,moderate,directional,toss-up,False,0.27346648895269454,0.7401135015811907,6.817879669317497,13.635759338634994,0.1615962520246263
f4251bbac3d2907f,2026-05-09,Middletown 12U,Newington 12U,3,5,Newington 12U,Middletown 12U,0.5329476532517484,0.5329476532517484,0.619,power_v3_calibrated,6.579376185592933,5.432147320878929,12.011523506471862,1.1472288647140036,6-5,0.508,0.3264,66.55,67.55,medium,medium,moderate,moderate,toss-up,False,0.2840332011065459,0.7613139360570148,2.005761753235931,3.1472288647140036,4.011523506471862
082d3835323f91b7,2026-05-10,Middletown 12U,Vernon 12U,1,5,Vernon 12U,Vernon 12U,0.4296098932589054,0.4296098932589054,0.5297999999999999,power_v3_calibrated,6.161320306939434,5.893247513889138,12.054567820828572,0.2680727930502957,6-6,0.5329,0.4113,68.64,53.64,medium,low,moderate,split,slight edge,True,0.18456466038592811,0.561434754455513,3.027283910414286,4.268072793050296,6.054567820828572
c2feb0da40937837,2026-05-10,Avon 12U B,Simsbury 12U Blue,5,3,Avon 12U B,Avon 12U B,0.6744978985459636,0.6744978985459636,0.6436999999999999,power_v3_calibrated,6.486819002441308,5.187197089491472,11.67401609193278,1.299621912949836,6-4,0.4996,0.3036,72.23,77.23,medium,medium,moderate,strong,solid favorite,True,0.10595161805099378,0.3937867189122508,1.8370080459663904,0.7003780870501641,3.674016091932782
f5de61c3d069709c,2026-05-10,Avon 12U,Simsbury 12U A,11,0,Avon 12U,Avon 12U,0.667880524845661,0.667880524845661,0.9431,power_v3_calibrated,9.563536553233607,3.830221212813032,13.39375776604664,5.7333153404205754,8-3,0.177,0.0414,68.62,65.62,medium,medium,moderate,directional,solid favorite,True,0.11030334577679363,0.4036459764634237,2.6333423297897123,5.2666846595794246,2.3937577660466403
22bbf2afe92d9de3,2026-05-11,Berlin 12U A,Meriden 12U,1,6,Meriden 12U,Meriden 12U,0.4963938634030678,0.4963938634030678,0.58395,power_v3_calibrated,6.215073545462002,5.509316535131242,11.724390080593244,0.7057570103307604,6-6,0.5274,0.3586,65.06,50.06,medium,low,moderate,split,toss-up,True,0.24640686762422354,0.6859607914276243,2.85287850516538,5.70575701033076,4.724390080593244
b4d80cff366a8d44,2026-05-11,Vernon 12U,South Windsor 12U,9,12,South Windsor 12U,South Windsor 12U,0.4780247609283656,0.4780247609283656,0.3267,power_v3_calibrated,5.481045933849602,7.058949194725884,12.539995128575486,-1.5779032608762815,5-6,0.4801,0.2767,64.74,65.74,medium,medium,moderate,moderate,toss-up,True,0.2285076720606211,0.6501351269532305,4.230002435712257,1.4220967391237185,8.460004871424514
ceb132d6d7f70515,2026-05-11,Minnechaug 12U White,East Longmeadow 12U White,6,4,Minnechaug 12U White,Minnechaug 12U White,0.6783267668158942,0.6783267668158942,0.68855,power_v3_calibrated,6.908759490176031,5.274055220705303,12.182814710881336,1.6347042694707286,6-5,0.4864,0.2624,68.39,73.39,medium,medium,moderate,strong,solid favorite,True,0.1034736689471161,0.3881261501900956,1.091407355440667,0.3652957305292714,2.1828147108813347
d381cbfe385c039f,2026-05-11,Minnechaug 12U,East Longmeadow 12U A,14,0,Minnechaug 12U,Minnechaug 12U,0.8227384091168235,0.8227384091168235,0.9405,power_v3_calibrated,9.229284716281157,3.667243258688621,12.89652797496978,5.562041457592535,9-3,0.1832,0.0426,70.53,71.53,medium,medium,moderate,moderate,strong favorite,True,0.03142167160243464,0.19511697923504545,4.218979271203732,8.437958542407465,1.1034720250302217
0893268810469108,2026-05-12,Glastonbury 12U White,Suffield 12U,5,10,Suffield 12U,Suffield 12U,0.338995370282432,0.338995370282432,0.2195,power_v3_calibrated,5.498217268942276,8.451158918699479,13.949376187641754,-2.9529416497572027,5-7,0.3943,0.1787,76.88,80.88,high,medium,low,moderate,solid favorite,True,0.11491786107292316,0.4139944350436814,1.0235291751213986,2.0470583502427973,1.0506238123582463
1a985386ba4c6b69,2026-05-12,Somers 12U White,Agawam 12U,13,3,Somers 12U White,Somers 12U White,0.6856251177003154,0.6856251177003154,0.8,power_v3_calibrated,7.805187333249761,4.807404710950881,12.612592044200644,2.99778262229888,8-4,0.3821,0.1607,68.47,69.47,medium,medium,moderate,moderate,solid favorite,True,0.09883156662094053,0.3774242762840111,3.50110868885056,7.00221737770112,3.3874079557993575
5c05511095b052a4,2026-05-12,West Springfield 12U,South Hadley 12U,9,3,West Springfield 12U,West Springfield 12U,0.8237679147889136,0.8237679147889136,0.94065,power_v3_calibrated,9.060040968913396,3.6126441110227434,12.672685079936135,5.447396857890651,8-3,0.1968,0.0414,78.07,82.07,high,high,low,moderate,strong favorite,True,0.031057747857847602,0.19386644555496493,0.336342539968069,0.5526031421093487,0.6726850799361372
24480a4327977f5a,2026-05-13,RHAM 12U,Granby 12U,14,2,RHAM 12U,RHAM 12U,0.7867706921164439,0.7867706921164439,0.8025,power_v3_calibrated,7.275626796607429,4.397745497743902,11.673372294351331,2.877881298863527,6-4,0.4088,0.1555,76.03,84.03,high,medium,low,strong,strong favorite,True,0.045466737740500356,0.23981844263172367,4.561059350568236,9.122118701136472,4.326627705648669
532fd5e2eab9093d,2026-05-13,Farmington 12U Red,Glastonbury 12U Blue,6,5,Farmington 12U Red,Farmington 12U Red,0.7105483749297846,0.7105483749297846,0.81985,power_v3_calibrated,7.731789002569987,4.567406248109875,12.299195250679862,3.164382754460112,7-4,0.381,0.1389,57.88,53.88,low,low,elevated,moderate,solid favorite,True,0.08378224325578854,0.34171824800650524,1.082191377230056,2.164382754460112,1.299195250679862
880f09678b462075,2026-05-13,Wethersfield 12U A,West Hartford 12U Gold,6,10,West Hartford 12U Gold,West Hartford 12U Gold,0.3145153248350947,0.3145153248350947,0.2294999999999999,power_v3_calibrated,5.0572534927227135,7.689514505391318,12.74676799811403,-2.632261012668605,5-8,0.4064,0.1878,72.96,73.96,medium,medium,moderate,moderate,solid favorite,True,0.09891988955612514,0.3776291359336644,1.6266160009429842,1.3677389873313954,3.2532320018859693
