game_id,game_date,home_team,away_team,pregame_home_elo,pregame_away_elo,predicted_win_probability,power_v3_recency_win_probability,power_v3_calibrated_win_probability,elo_diff_home,elo_home_probability,power_v3_recency_home_probability,power_v3_calibrated_home_probability,rolling_margin_std_last_3,rolling_margin_std_last_5,rolling_goals_for_std_last_5,rolling_goals_against_std_last_5,close_game_rate,upset_rate,rolling_margin_last_3,rolling_margin_last_5,recent_vs_season_margin_delta,offensive_trend,defensive_trend,elo_trend,power_rating_trend,rolling_trend_slope,offense_vs_opponent_defense_gap,defense_vs_opponent_offense_gap,projected_pace_interaction,volatility_mismatch,strength_gap_absolute,offense_defense_ratio,offensive_sos,defensive_sos,recent_opponent_avg_power,recent_opponent_avg_elo,opponent_win_pct,games_played,opponent_games_played,rating_stability,recent_result_volatility
d05ea47d15eae67c,2026-04-04,Meriden 12U,Burlington 12U,1500.0,1500.0,0.5,0.5,0.5,0.0,0.5,0.5,0.5,0.0,0.0,0.0,0.0,0.0,0.0,0.0,0.0,0.0,0.0,0.0,0.0,0.0,0.0,0.0,0.0,0.0,0.0,0.0,0.0,0.0,0.0,0.0,0.0,0.0,0.0,0.0,0.0,0.0
3e3ed7e49b8e8a61,2026-04-09,Suffield 12U White,Westfield 12U Black,1500.0,1500.0,0.5,0.5,0.5,0.0,0.5,0.5,0.5,0.0,0.0,0.0,0.0,0.0,0.0,0.0,0.0,0.0,0.0,0.0,0.0,0.0,0.0,0.0,0.0,0.0,0.0,0.0,0.0,0.0,0.0,0.0,0.0,0.0,0.0,0.0,0.0,0.0
ad6481562c9661d8,2026-04-09,West Hartford 12U Gold,Ellington 12U,1500.0,1500.0,0.5,0.5,0.5,0.0,0.5,0.5,0.5,0.0,0.0,0.0,0.0,0.0,0.0,0.0,0.0,0.0,0.0,0.0,0.0,0.0,0.0,0.0,0.0,0.0,0.0,0.0,0.0,0.0,0.0,0.0,0.0,0.0,0.0,0.0,0.0,0.0
8a401abd81bd6384,2026-04-10,East Longmeadow 12U A,Westfield 12U Red,1500.0,1500.0,0.5,0.5,0.5,0.0,0.5,0.5,0.5,0.0,0.0,0.0,0.0,0.0,0.0,0.0,0.0,0.0,0.0,0.0,0.0,0.0,0.0,0.0,0.0,0.0,0.0,0.0,0.0,0.0,0.0,0.0,0.0,0.0,0.0,0.0,0.0,0.0
39cd61ca8b599f04,2026-04-11,Minnechaug 12U White,Westfield 12U Black,1500.0,1490.5833232399875,0.5135483698585512,0.5156199157230156,0.520821285372743,9.416676760012479,0.5135483698585512,0.5156199157230156,0.520821285372743,0.0,0.0,0.0,0.0,-1.0,0.0,2.0,2.0,0.0,0.0,0.0,0.0,0.0,0.0,-4.0,2.0,3.0,0.0,2.0,0.0,0.0,0.0,0.0,-1500.0,0.0,0.0,1.0,0.0,0.0
4ddca04c0f49d47c,2026-04-11,Minnechaug 12U,South Hadley 12U,1500.0,1500.0,0.5,0.5,0.5,0.0,0.5,0.5,0.5,0.0,0.0,0.0,0.0,0.0,0.0,0.0,0.0,0.0,0.0,0.0,0.0,0.0,0.0,0.0,0.0,0.0,0.0,0.0,0.0,0.0,0.0,0.0,0.0,0.0,0.0,0.0,0.0,0.0
df4edf5d3e859650,2026-04-11,Meriden 12U,Newington 12U,1482.324746895721,1500.0,0.5254148122865703,0.5544704649604273,0.5724041114770214,-17.67525310427891,0.4745851877134297,0.4455295350395727,0.4275958885229786,0.0,0.0,0.0,0.0,0.0,0.0,-7.0,-7.0,0.0,0.0,0.0,0.0,0.0,0.0,2.0,-9.0,5.5,0.0,7.0,20.0,0.0,0.0,0.0,1500.0,0.0,1.0,0.0,0.0,0.0
c1369fec51ccde34,2026-04-12,East Longmeadow 12U White,Northampton 12U,1500.0,1500.0,0.5,0.5,0.5,0.0,0.5,0.5,0.5,0.0,0.0,0.0,0.0,0.0,0.0,0.0,0.0,0.0,0.0,0.0,0.0,0.0,0.0,0.0,0.0,0.0,0.0,0.0,0.0,0.0,0.0,0.0,0.0,0.0,0.0,0.0,0.0,0.0
07d8018206c7ea62,2026-04-13,Minnechaug 12U,Westfield 12U Red,1525.4352714694862,1523.54826261828,0.5027155973300363,0.5078118642792044,0.5104151598873646,1.8870088512062466,0.5027155973300363,0.49218813572079556,0.48958484011263537,0.0,0.0,0.0,0.0,0.0,0.0,3.0,3.0,0.0,0.0,0.0,0.0,0.0,0.0,20.0,11.0,18.5,0.0,3.0,200.0,0.0,0.0,0.0,0.0,0.0,1.0,1.0,0.0,0.0
1b18cad2358eeed9,2026-04-15,Granby 12U,Somers 12U White,1500.0,1500.0,0.5,0.5,0.5,0.0,0.5,0.5,0.5,0.0,0.0,0.0,0.0,0.0,0.0,0.0,0.0,0.0,0.0,0.0,0.0,0.0,0.0,0.0,0.0,0.0,0.0,0.0,0.0,0.0,0.0,0.0,0.0,0.0,0.0,0.0,0.0,0.0
4a6cbe0bf830460d,2026-04-15,Somers Juniors,Granby 12U,1500.0,1482.5539090084696,0.5250858625795964,0.5467381519846138,0.5621765008857981,17.446090991530355,0.5250858625795964,0.5467381519846138,0.5621765008857981,0.0,0.0,0.0,0.0,0.0,0.0,6.0,6.0,0.0,0.0,0.0,0.0,0.0,0.0,-7.0,1.0,4.0,0.0,6.0,0.0,0.0,0.0,0.0,-1500.0,0.0,0.0,1.0,0.0,0.0
7664ba11c25d5d22,2026-04-15,Agawam 12U,Westfield 12U Red,1500.0,1537.996290145332,0.5544640984658249,0.5891048823025002,0.6178316969454782,-37.99629014533207,0.4455359015341751,0.41089511769749976,0.38216830305452176,-5.0,-5.0,-4.0,-1.0,0.0,-0.5,-9.0,-9.0,0.0,0.0,0.0,-23.548262618279978,0.0,10.0,-1.0,10.0,5.5,5.0,9.0,0.0,-1.5,-10.0,-8.5,-1512.717635734743,-0.5,0.0,2.0,0.8333333333333334,-5.0
f7e6b3881ea21f53,2026-04-15,Newington 12U,Wolcott 12U,1509.224505955817,1500.0,0.5132720127833058,0.5096130352386373,0.5128161520399038,9.224505955816994,0.5132720127833058,0.5096130352386373,0.5128161520399038,0.0,0.0,0.0,0.0,1.0,0.0,2.0,2.0,0.0,0.0,0.0,0.0,0.0,0.0,4.0,-2.0,3.0,0.0,2.0,40.0,9.0,2.0,-7.0,1482.324746895721,0.0,1.0,0.0,0.0,0.0
492b8ebbbdb273b9,2026-04-16,Southington 12U Blue,Bristol 12U,1500.0,1500.0,0.5,0.5,0.5,0.0,0.5,0.5,0.5,0.0,0.0,0.0,0.0,0.0,0.0,0.0,0.0,0.0,0.0,0.0,0.0,0.0,0.0,0.0,0.0,0.0,0.0,0.0,0.0,0.0,0.0,0.0,0.0,0.0,0.0,0.0,0.0,0.0
3edbbdb8add73e9f,2026-04-17,Agawam 12U,Minnechaug 12U,1483.263842493627,1510.987243942434,0.5398127199332408,0.5655779538292574,0.5870480642224769,-27.723401448806953,0.46018728006675924,0.43442204617074265,0.4129519357775231,-10.5,-10.5,-9.0,-1.5,0.0,0.0,-13.5,-13.5,0.0,0.0,0.0,-25.435271469486224,0.0,21.0,-1.5,1.0,14.25,10.5,13.5,0.6666666666666666,1.0,3.0,2.0,26.222158836191966,0.5,1.0,2.0,0.9130434782608696,-10.5
c89d9b40be5b0a5d,2026-04-17,Somers 12U Red,Westfield 12U Black,1500.0,1490.820419712512,0.5132074048817618,0.5129342592817392,0.5172426872915761,9.17958028748808,0.5132074048817618,0.5129342592817392,0.5172426872915761,-1.0,-1.0,-1.5,-0.5,-1.0,0.0,1.0,1.0,0.0,0.0,0.0,9.416676760012479,0.0,-2.0,-4.5,3.5,4.0,1.0,1.0,0.0,0.0,0.0,0.0,-1500.0,0.0,0.0,2.0,0.5,-1.0
d4c08072b854220f,2026-04-17,Minnechaug 12U White,Belchertown 12U,1499.7629035274754,1500.0,0.5003412091990564,0.5005338610441818,0.5007118145151892,-0.23709647252462673,0.49965879080094355,0.49946613895581815,0.4992881854848108,0.0,0.0,0.0,0.0,1.0,0.0,0.0,0.0,0.0,0.0,0.0,0.0,0.0,0.0,5.0,-5.0,5.0,0.0,0.0,50.0,4.0,2.0,-2.0,1490.5833232399875,0.0,1.0,0.0,0.0,0.0
c40f5ae40ba864be,2026-04-18,Meriden 12U,Wolcott 12U,1473.1002409399043,1516.6688373041454,0.5623736447715049,0.6128270049985824,0.6484610526585639,-43.5685963642411,0.43762635522849513,0.38717299500141755,0.3515389473414361,2.5,2.5,0.0,2.5,0.5,-1.0,-9.5,-9.5,0.0,0.0,0.0,-17.67525310427891,0.0,5.0,-2.0,2.5,10.75,2.5,9.5,0.5,-2.0,-4.0,-2.0,-9.224505955816994,-1.0,2.0,1.0,-0.7142857142857143,2.5
966a774eec8e8383,2026-04-19,Simsbury 12U Blue,Somers 12U Red,1500.0,1490.6156360250193,0.5135019020490738,0.510982131726687,0.5146410109593297,9.384363974980715,0.5135019020490738,0.510982131726687,0.5146410109593297,0.0,0.0,0.0,0.0,-1.0,0.0,1.0,1.0,0.0,0.0,0.0,0.0,0.0,0.0,-4.0,3.0,3.5,0.0,1.0,0.0,-4.5,-3.5,1.0,-1490.820419712512,0.0,0.0,1.0,0.0,0.0
f030d15991323a10,2026-04-19,Middletown 12U,Bristol 12U,1500.0,1476.0085697307704,0.5344716705339873,0.5493182844307847,0.5655920253890571,23.991430269229568,0.5344716705339873,0.5493182844307847,0.5655920253890571,0.0,0.0,0.0,0.0,0.0,0.0,13.0,13.0,0.0,0.0,0.0,0.0,0.0,0.0,-14.0,1.0,7.5,0.0,13.0,0.0,0.0,0.0,0.0,-1500.0,0.0,0.0,1.0,0.0,0.0
946e2fa1a5112684,2026-04-20,South Windsor 12U,Southington 12U Blue,1500.0,1523.9914302692296,0.5344716705339874,0.5680509585494604,0.5902997534788847,-23.991430269229568,0.46552832946601264,0.4319490414505396,0.40970024652111525,0.0,0.0,0.0,0.0,0.0,0.0,-13.0,-13.0,0.0,0.0,0.0,0.0,0.0,0.0,-1.0,14.0,7.5,0.0,13.0,0.0,0.0,0.0,0.0,-1500.0,0.0,0.0,1.0,0.0,0.0
a0f0cf8d6b4e03f0,2026-04-20,Suffield 12U,Somers 12U White,1500.0,1517.4460909915304,0.5250858625795963,0.545437581070469,0.5604538485298162,-17.446090991530355,0.47491413742040367,0.454562418929531,0.43954615147018383,0.0,0.0,0.0,0.0,0.0,0.0,-6.0,-6.0,0.0,0.0,0.0,0.0,0.0,0.0,-1.0,7.0,4.0,0.0,6.0,0.0,0.0,0.0,0.0,-1500.0,0.0,0.0,1.0,0.0,0.0
11f1b5cfb0db3078,2026-04-21,Suffield 12U White,East Longmeadow 12U White,1509.4166767600125,1514.306114777192,0.507036002450816,0.5110321834160192,0.5147077213923748,-4.8894380171796,0.49296399754918396,0.4889678165839808,0.48529227860762525,0.0,0.0,0.0,0.0,1.0,0.0,-2.0,-2.0,0.0,0.0,0.0,0.0,0.0,0.0,-2.0,8.0,11.0,0.0,2.0,0.6666666666666666,0.0,0.0,0.0,0.0,0.0,1.0,1.0,0.0,0.0
5204869c10f67268,2026-04-21,Wethersfield 12U B,Simsbury 12U Blue,1500.0,1490.5407544359382,0.5136095861083432,0.5103585719995141,0.5138098925517548,9.459245564061803,0.5136095861083432,0.5103585719995141,0.5138098925517548,0.0,0.0,0.0,0.0,-1.0,0.0,1.0,1.0,0.0,0.0,0.0,0.0,0.0,0.0,-5.0,4.0,4.5,0.0,1.0,0.0,-4.0,-3.0,1.0,-1490.6156360250193,0.0,0.0,1.0,0.0,0.0
63f0fbf7d9b56b7b,2026-04-21,Somers 12U Red,West Springfield 12U,1500.074881589081,1500.0,0.500107763267555,0.5036103537997497,0.5048137399964872,0.07488158908108744,0.500107763267555,0.4963896462002503,0.49518626000351285,1.0,1.0,1.0,0.0,1.0,0.5,0.0,0.0,0.0,0.0,0.0,-9.384363974980715,0.0,1.9999999999999996,4.0,-4.0,4.0,1.0,0.0,40.0,2.25,1.75,-0.5,1495.410209856256,0.0,2.0,0.0,-0.5,1.0
c86ccfa2614ef767,2026-04-21,Somers 12U White,West Springfield 12U,1491.759357145635,1509.3201901336226,0.5252505711930653,0.518415139151694,0.5245448852556489,-17.560832987987624,0.4747494288069347,0.481584860848306,0.4754551147443511,9.5,9.5,3.5,6.0,-1.0,-1.0,-4.5,-4.5,0.0,0.0,0.0,17.446090991530355,0.0,-18.999999999999996,0.5,-3.0,8.75,9.5,4.5,1.1666666666666667,-4.0,-4.0,0.0,-0.07488158908108744,-0.5,2.0,1.0,-0.9047619047619048,9.5
02e00e81d2aab8fb,2026-04-22,West Hartford 12U Green,Farmington 12U Red,1500.0,1500.0,0.5,0.5,0.5,0.0,0.5,0.5,0.5,0.0,0.0,0.0,0.0,0.0,0.0,0.0,0.0,0.0,0.0,0.0,0.0,0.0,0.0,0.0,0.0,0.0,0.0,0.0,0.0,0.0,0.0,0.0,0.0,0.0,0.0,0.0,0.0,0.0
1fb8d605946b98dd,2026-04-22,South Windsor 12U,Suffield 12U,1509.8877259048788,1525.686733845895,0.5227209413862232,0.5527652980301614,0.5701508490542643,-15.79900794101627,0.47727905861377684,0.4472347019698386,0.4298491509457357,0.0,0.0,0.0,0.0,1.0,0.0,-12.0,-12.0,0.0,0.0,0.0,0.0,0.0,0.0,7.0,7.0,13.0,0.0,12.0,70.0,0.0,7.0,7.0,6.545339277699213,0.0,1.0,1.0,0.0,0.0
53ce0a58eed0cce1,2026-04-22,Granby 12U,Newington 12U,1464.777897658975,1492.5556686516716,0.5398904669432946,0.57605127122392,0.6007950359686239,-27.77777099269656,0.46010953305670543,0.42394872877608003,0.39920496403137606,-3.0,-3.0,0.0,-3.0,-0.5,0.0,-5.0,-5.0,0.0,0.0,0.0,-26.67059694734735,0.0,6.0,-4.5,-3.5,9.0,3.0,5.0,0.18181818181818182,-4.5,-1.0,3.5,8.837626552139454,0.0,2.0,2.0,0.4444444444444444,-3.0
5814dd3acdfc68dd,2026-04-22,RHAM 12U,Vernon 12U,1500.0,1500.0,0.5,0.5,0.5,0.0,0.5,0.5,0.5,0.0,0.0,0.0,0.0,0.0,0.0,0.0,0.0,0.0,0.0,0.0,0.0,0.0,0.0,0.0,0.0,0.0,0.0,0.0,0.0,0.0,0.0,0.0,0.0,0.0,0.0,0.0,0.0,0.0
c015fc060c5fdc98,2026-04-22,Southington 12U Blue,Wolcott 12U,1514.1037043643507,1527.8186125744396,0.5197270939787486,0.5197215103463173,0.5262847429143866,-13.714908210088879,0.4802729060212514,0.4802784896536827,0.47371525708561335,6.0,6.0,2.5,2.5,0.5,-0.5,2.0,2.0,0.0,0.0,0.0,7.322592965084141,0.0,-11.999999999999996,6.5,3.5,12.5,6.0,2.0,2.857142857142857,-4.25,-3.0,1.25,8.837626552139227,-0.5,2.0,2.0,-0.375,6.0
3651cbf6a3ac00f4,2026-04-23,West Hartford 12U Gold,Farmington 12U Black,1522.791858755768,1500.0,0.5327531516412461,0.5493182844307847,0.5655920253890571,22.79185875576809,0.5327531516412461,0.5493182844307847,0.5655920253890571,0.0,0.0,0.0,0.0,0.0,0.0,13.0,13.0,0.0,0.0,0.0,0.0,0.0,0.0,15.0,-2.0,8.5,0.0,13.0,150.0,0.0,0.0,0.0,1500.0,0.0,1.0,0.0,0.0,0.0
725324c21d412671,2026-04-23,Suffield 12U,Ellington 12U,1547.8925772026498,1477.208141244232,0.6003424822431136,0.6654318642938012,0.7143884645423292,70.68443595841791,0.6003424822431136,0.6654318642938012,0.7143884645423292,1.0,1.0,0.5,0.5,0.0,0.5,25.0,25.0,0.0,0.0,0.0,25.686733845895105,0.0,-2.0,-2.5,1.5,15.0,1.0,25.0,0.8333333333333334,3.5,7.0,3.5,13.666908448204595,1.0,2.0,1.0,-0.5,1.0
b9f6da52361d9b5e,2026-04-24,Simsbury 12U A,Wethersfield 12U A,1500.0,1500.0,0.5,0.5,0.5,0.0,0.5,0.5,0.5,0.0,0.0,0.0,0.0,0.0,0.0,0.0,0.0,0.0,0.0,0.0,0.0,0.0,0.0,0.0,0.0,0.0,0.0,0.0,0.0,0.0,0.0,0.0,0.0,0.0,0.0,0.0,0.0,0.0
bb5e79aa53ad144c,2026-04-24,Berlin 12U A,Wolcott 12U,1500.0,1508.805378708489,0.5126692461660427,0.507388686173335,0.5098510238342877,-8.805378708488888,0.4873307538339573,0.492611313826665,0.4901489761657123,-4.784233364802441,-4.784233364802441,-2.449489742783178,-2.6246692913372702,0.0,-0.3333333333333333,-0.6666666666666666,-0.6666666666666666,0.0,0.0,0.0,-27.818612574439612,0.0,5.5,-5.333333333333333,6.0,5.666666666666667,4.784233364802441,0.6666666666666666,0.0,-4.166666666666667,-5.333333333333333,-1.1666666666666667,-1498.8094837533574,-0.5,0.0,3.0,0.8271162422171474,-4.784233364802441
c09881889401d47d,2026-04-24,Southington 12U White,Bristol 12U,1500.0,1485.8757390329365,0.5203152553164029,0.5497648382552833,0.566182892281578,14.124260967063492,0.5203152553164029,0.5497648382552833,0.566182892281578,-7.0,-7.0,0.0,-7.0,-0.5,-0.5,6.0,6.0,0.0,0.0,0.0,23.991430269229568,0.0,-13.999999999999996,-7.0,1.0,4.0,7.0,6.0,0.0,0.0,0.0,0.0,-1500.0,0.0,0.0,2.0,0.875,-7.0
e5fe74c3450b96be,2026-04-24,Colchester 12U,Middletown 12U,1500.0,1490.1328306978342,0.5141961816062507,0.515207760727803,0.5202721515285799,9.867169302165848,0.5141961816062507,0.515207760727803,0.5202721515285799,0.0,0.0,0.0,0.0,-1.0,0.0,1.0,1.0,0.0,0.0,0.0,0.0,0.0,0.0,-1.0,0.0,0.5,0.0,1.0,0.0,-14.0,-1.0,13.0,-1476.0085697307704,0.0,0.0,1.0,0.0,0.0
2c16475e59ca2df5,2026-04-25,Avon 12U B,West Hartford 12U White,1500.0,1500.0,0.5,0.5,0.5,0.0,0.5,0.5,0.5,0.0,0.0,0.0,0.0,0.0,0.0,0.0,0.0,0.0,0.0,0.0,0.0,0.0,0.0,0.0,0.0,0.0,0.0,0.0,0.0,0.0,0.0,0.0,0.0,0.0,0.0,0.0,0.0,0.0
3bf2d41b33a33585,2026-04-25,Westfield 12U Black,Minnechaug 12U White,1500.2047836874929,1516.1985736836448,0.5230006693025763,0.5290436850948069,0.5386910504524276,-15.993789996151918,0.47699933069742373,0.4709563149051931,0.4613089495475724,-1.252780871075353,-1.252780871075353,-0.25278087107535296,-0.18350341907227397,0.5,-0.16666666666666669,-2.8333333333333335,-2.8333333333333335,0.0,0.0,0.0,-8.942483814963452,0.0,-3.4999999999999982,-0.3333333333333335,2.5,9.083333333333334,1.252780871075353,2.8333333333333335,0.9166666666666666,-2.0,-1.0,1.0,4.708338380006353,0.0,3.0,2.0,0.1592801463500791,-1.252780871075353
616512d7fe4b14aa,2026-04-25,Ellington 12U,Vernon 12U,1456.8110879960227,1479.3729937637825,0.5324236284923831,0.5198259514625927,0.5264238283887726,-22.561905767759754,0.4675763715076169,0.4801740485374073,0.47357617161122745,0.5,0.5,1.0,0.5,0.0,0.0,-5.5,-5.5,0.0,0.0,0.0,-22.79185875576809,0.0,-0.9999999999999982,-9.0,-12.5,13.75,0.5,5.5,0.1,0.25,6.25,6.0,23.946288601324795,0.5,2.0,1.0,-0.33333333333333337,0.5
891dd55ea3c8ae28,2026-04-25,Avon 12U,Southington 12U Blue,1500.0,1533.1169382303017,0.5475152912409986,0.5883029356293008,0.6167884598516724,-33.116938230301685,0.4524847087590014,0.4116970643706992,0.3832115401483276,-5.715476066494082,-5.715476066494082,-3.2998316455372216,-2.494438257849294,-0.3333333333333333,-0.3333333333333333,-6.0,-6.0,0.0,0.0,0.0,-14.103704364350733,0.0,3.5000000000000018,-3.6666666666666665,9.666666666666666,6.666666666666667,5.715476066494082,6.0,0.0,-1.1666666666666667,-2.5,-1.3333333333333333,-1509.2728708581465,-0.3333333333333333,0.0,3.0,0.8510902294791343,-5.715476066494082
8b43b577819bdcab,2026-04-25,Granby 12U,Suffield Juniors 1 Blue,1484.4762415152843,1500.0,0.5223256293933325,0.5425649157609969,0.5566466744453884,-15.5237584847157,0.4776743706066675,0.45743508423900314,0.4433533255546116,5.90668171555645,5.90668171555645,2.8284271247461903,3.0912061651652345,0.0,0.3333333333333333,-2.3333333333333335,-2.3333333333333335,0.0,0.0,0.0,-35.22210234102499,0.0,5.999999999999998,3.0,-5.333333333333333,4.166666666666667,5.90668171555645,2.3333333333333335,30.0,1.8333333333333333,1.3333333333333333,-0.5,1497.518556217224,0.16666666666666666,3.0,0.0,-0.8552126706884982,5.90668171555645
91bb3d8d88b59b33,2026-04-25,West Hartford 12U Gold,Newington 12U,1547.7106353343702,1472.857324795362,0.6060862420141798,0.6716998832699123,0.7220215268193938,74.85331053900813,0.6060862420141798,0.6716998832699123,0.7220215268193938,-2.059026084010437,-2.059026084010437,-0.9142135623730951,-1.9439202887759488,-0.3333333333333333,0.0,17.5,17.5,0.0,0.0,0.0,30.236190104096522,0.0,6.999999999999998,9.5,2.0,12.75,2.059026084010437,17.5,2.5833333333333335,-5.5,-1.0,4.5,17.632451815101376,0.0,2.0,3.0,0.1806549070848197,-2.059026084010437
e41c1bef3e9002e6,2026-04-25,Suffield 12U White,Simsbury 12U Blue,1527.7401118176856,1480.5992756305104,0.567427848833766,0.5888152996326458,0.6174550383835853,47.14083618717518,0.567427848833766,0.5888152996326458,0.6174550383835853,1.5,1.5,2.5,0.0,-0.5,0.5,5.5,5.5,0.0,0.0,0.0,18.87592232407428,0.0,4.999999999999999,1.0,1.5,9.25,1.5,5.5,1.1818181818181819,1.0,3.5,2.5,11.84523937608651,0.5,2.0,2.0,-0.3333333333333333,1.5
072bfa5e327b2480,2026-04-26,Somers 12U White,Simsbury 12U A,1502.530896145631,1489.6357331257725,0.5185491147210494,0.5271013564762488,0.53610762728886,12.8951630198585,0.5185491147210494,0.5271013564762488,0.53610762728886,8.178562764256865,8.178562764256865,2.943920288775949,5.2493385826745405,-0.6666666666666667,0.3333333333333333,0.33333333333333326,0.33333333333333326,0.0,0.0,0.0,-8.240642854364978,0.0,-2.0000000000000027,-7.0,3.333333333333333,14.833333333333332,8.178562764256865,0.33333333333333326,0.36363636363636365,1.0,1.3333333333333333,0.3333333333333333,3.106730044540882,0.3333333333333333,3.0,1.0,-0.8910504808122904,8.178562764256865
1e090b21cb3dc379,2026-04-26,Avon 12U B,West Hartford 12U Green,1513.1333150000833,1519.438257889616,0.5090725463017904,0.5312093733737562,0.5415704832167998,-6.30494288953264,0.49092745369820956,0.4687906266262438,0.4584295167832002,0.0,0.0,0.0,0.0,0.0,0.0,-4.0,-4.0,0.0,0.0,0.0,0.0,0.0,0.0,4.0,6.0,6.0,0.0,4.0,40.0,0.0,0.0,0.0,0.0,0.0,1.0,1.0,0.0,0.0
42f096cf25d21849,2026-04-26,Avon 12U,West Hartford 12U Gold,1518.639298444936,1568.9514292751549,0.5719030771101987,0.5671193171524069,0.5890751585562491,-50.31213083021885,0.4280969228898013,0.43288068284759307,0.41092484144375085,-1.4142135623730951,-1.4142135623730951,-0.816496580927726,-0.816496580927726,0.0,1.0,-10.0,-10.0,0.0,0.0,0.0,-47.71063533437018,0.0,-1.499999999999999,7.0,13.0,14.0,1.4142135623730951,10.0,8.0,1.6666666666666665,8.666666666666666,7.0,42.16449663184767,0.5555555555555556,1.0,3.0,0.5857864376269049,-1.4142135623730951
54c2dffcc1d63ff4,2026-04-26,Farmington 12U Red,Simsbury 12U Blue,1480.561742110384,1469.176945460239,0.5163781778215727,0.5259246723114028,0.5345421449388144,11.384796650145063,0.5163781778215727,0.47407532768859717,0.46545785506118564,-0.816496580927726,-0.816496580927726,-0.4714045207910317,-0.4714045207910317,-0.6666666666666666,0.0,-5.0,-5.0,0.0,0.0,0.0,19.40072436948958,0.0,0.9999999999999998,-5.666666666666667,-3.3333333333333335,8.166666666666668,0.816496580927726,5.0,0.0,-2.1666666666666665,-3.1666666666666665,-1.0,-6.1185826142348105,-0.3333333333333333,1.0,3.0,0.4494897427831781,-0.816496580927726
771b4767d7a54ca4,2026-04-26,RHAM 12U,Tolland 12U,1520.6270062362175,1500.0,0.5296498206471592,0.5700791528630739,0.5929640190150621,20.62700623621754,0.5296498206471592,0.5700791528630739,0.5929640190150621,0.0,0.0,0.0,0.0,0.0,0.0,8.0,8.0,0.0,0.0,0.0,0.0,0.0,0.0,10.0,-2.0,6.0,0.0,8.0,100.0,0.0,0.0,0.0,1500.0,0.0,1.0,0.0,0.0,0.0
79234c725f75b9a8,2026-04-26,Wethersfield 12U A,Glastonbury 12U White,1510.3642668742275,1500.0,0.5149109563070681,0.5018312970772971,0.5024417209444203,10.364266874227496,0.5149109563070681,0.4981687029227029,0.4975582790555797,0.0,0.0,0.0,0.0,1.0,0.0,2.0,2.0,0.0,0.0,0.0,0.0,0.0,0.0,11.0,-9.0,10.0,0.0,2.0,110.0,0.0,0.0,0.0,1500.0,0.0,1.0,0.0,0.0,0.0
95fea15e499542c7,2026-04-26,Minnechaug 12U,Suffield 12U,1530.3097330618948,1568.289630450859,0.5544407871896408,0.5982320153374929,0.6296708908778281,-37.97989738896422,0.44555921281035915,0.40176798466250707,0.3703291091221719,7.406617528240132,7.406617528240132,6.531972647421808,1.2282686504065632,0.0,-0.3333333333333333,-5.333333333333333,-5.333333333333333,0.0,0.0,0.0,-36.90533326021591,0.0,-4.500000000000002,10.666666666666666,9.333333333333334,14.0,7.406617528240132,5.333333333333333,33.0,-3.9999999999999996,0.3333333333333339,4.333333333333334,0.7567156570885345,-0.3333333333333333,3.0,3.0,-0.3414086727944655,7.406617528240132
b3740402c9666a1a,2026-04-26,Minnechaug 12U White,Suffield 12U White,1535.0103227520287,1539.162441987957,0.5059750954576294,0.5076170313524457,0.5101554307500433,-4.1521192359282395,0.4940249045423706,0.5076170313524457,0.5101554307500433,1.2442471175783538,1.2442471175783538,-0.35513149645873066,0.7758146081336154,0.0,0.0,0.3333333333333335,0.3333333333333335,0.0,0.0,0.0,-11.54153813404082,0.0,2.999999999999999,4.666666666666666,2.9999999999999996,9.833333333333332,1.2442471175783538,0.3333333333333335,2.75,-1.166666666666667,-2.7777777777777786,-1.6111111111111112,-1.3724278267409318,-0.2222222222222222,3.0,3.0,-0.11686038800595588,1.2442471175783538
c815a379a792b9e3,2026-04-26,Wethersfield 12U B,Glastonbury 12U Blue,1509.9414788054278,1500.0,0.5143030347201766,0.5120101742837873,0.5160111704493224,9.941478805427778,0.5143030347201766,0.5120101742837873,0.5160111704493224,0.0,0.0,0.0,0.0,1.0,0.0,2.0,2.0,0.0,0.0,0.0,0.0,0.0,0.0,6.0,-4.0,5.0,0.0,2.0,60.0,5.0,4.0,-1.0,1490.5407544359382,0.0,1.0,0.0,0.0,0.0
2589d952bb384ca7,2026-04-27,Minnechaug 12U,Longmeadow 12U Black,1521.7804567023825,1500.0,0.5313036005271357,0.56264375044903,0.5831856780283348,21.78045670238248,0.5313036005271357,0.56264375044903,0.5831856780283348,5.557777333511022,8.317902379807062,6.722164829874376,2.0615528128088303,0.25,0.0,1.3333333333333333,5.25,-3.916666666666667,-13.666666666666668,-2.0,30.309733061894804,-15.666666666666666,-4.100000000000003,9.75,-4.5,7.125,8.317902379807062,5.25,97.5,2.5833333333333335,7.5,4.916666666666666,1518.7754338906916,0.5,4.0,0.0,-0.892679708453792,8.317902379807062
6492fbf7bb2df32d,2026-04-27,Westfield 12U Black,East Longmeadow 12U White,1481.393034619109,1495.982679719519,0.5209838544985852,0.5200161448276517,0.5266771065383122,-14.589645100410053,0.4790161455014148,0.4799838551723483,0.47332289346168777,-1.440973915989563,-1.917792998515512,-2.200961894323342,0.7776083947860748,0.75,0.25,-1.0,-1.0,0.0,1.6666666666666665,-1.666666666666667,-14.101331089699215,0.0,8.599999999999998,-4.25,1.25,11.25,1.917792998515512,1.0,0.43333333333333335,0.0,-0.375,-0.375,-0.6586949590951008,-0.375,4.0,2.0,0.07829886291974375,-1.917792998515512
69988470e0ef2a00,2026-04-27,Farmington 12U Black,Simsbury 12U A,1475.081223421398,1464.1898634429465,0.5156687947798079,0.5285242936990283,0.5380003125985434,10.891359978451419,0.5156687947798079,0.5285242936990283,0.5380003125985434,-6.5,-6.5,-2.0,-4.5,-0.5,0.0,-7.5,-7.5,0.0,0.0,0.0,10.364266874227496,0.0,12.999999999999996,-15.5,-9.0,19.25,6.5,7.5,0.0,-0.8333333333333335,13.0,13.833333333333334,21.526410682952474,0.6666666666666667,1.0,2.0,0.8666666666666667,-6.5
8f9432596e3c38a9,2026-04-27,Bristol 12U,Newington 12U,1503.5043022533882,1451.6165308545774,0.5741222506959214,0.5970718736073831,0.6281696092811982,51.887771398810855,0.5741222506959214,0.5970718736073831,0.6281696092811982,2.750669793276371,1.2994757753634332,1.3284271247461903,0.7798666340868925,0.08333333333333331,0.6666666666666666,6.666666666666666,3.9166666666666665,2.75,2.0,9.0,13.018414237574461,11.0,14.500000000000002,-5.75,-2.833333333333333,9.791666666666668,1.2994757753634332,3.9166666666666665,0.34285714285714286,-4.375,-4.625,-0.25,1.2966800277336006,-0.25,3.0,4.0,-0.020096379736988426,1.2994757753634332
e260cfafeb9a0887,2026-04-27,Southington 12U White,West Hartford 12U White,1482.371436779548,1486.8666849999167,0.5064688212545108,0.5263100486521843,0.5350548901600738,-4.495248220368694,0.49353117874548924,0.47368995134781566,0.4649451098399262,0.0,0.0,0.0,0.0,0.0,0.0,-2.0,-2.0,0.0,0.0,0.0,0.0,0.0,0.0,-2.0,-6.0,7.0,0.0,2.0,0.5,7.0,1.0,-6.0,-14.124260967063492,0.5,1.0,1.0,0.0,0.0
2b33716b4f521aa2,2026-04-28,Agawam 12U,East Longmeadow 12U A,1463.9413533741665,1476.45173738172,0.5179961128181539,0.5407155371934085,0.5541941231771765,-12.510384007553512,0.48200388718184606,0.4592844628065915,0.44580587682282347,1.0,1.0,0.5,0.5,0.0,0.0,6.0,6.0,0.0,0.0,0.0,-16.736157506373047,0.0,-1.9999999999999996,-11.5,-10.5,13.5,1.0,6.0,0.17857142857142858,2.75,10.5,7.75,24.4917670438831,0.75,2.0,1.0,-0.5,1.0
3be49081041bd4ba,2026-04-28,Southington 12U Blue,Berlin 12U A,1514.4776397853657,1489.88712396474,0.5353296231292362,0.5613969146642859,0.5815430692012099,24.59051582062557,0.5353296231292362,0.5613969146642859,0.5815430692012099,4.546060565661952,6.869315832017043,4.06201920231798,2.8613807855648994,-0.75,0.25,2.0,5.25,-3.25,-8.0,-5.0,33.116938230301685,-13.0,-4.700000000000002,4.0,-2.75,9.375,6.869315832017043,5.25,2.0,-4.458333333333333,-4.125,0.33333333333333337,-1.850725564878985,-0.41666666666666663,4.0,1.0,-0.8729241497804159,6.869315832017043
4b79b06df5378d3b,2026-04-28,South Hadley 12U,Belchertown 12U,1474.5647285305138,1483.5643298438306,0.5129485715214188,0.5253983709131304,0.5338418467424938,-8.999601313316816,0.4870514284785812,0.47460162908686965,0.4661581532575062,0.0,0.0,0.0,0.0,0.0,0.0,-12.0,-12.0,0.0,0.0,0.0,0.0,0.0,0.0,-5.0,-17.0,17.0,0.0,12.0,0.375,-5.0,-5.0,0.0,0.23709647252462673,0.0,1.0,1.0,0.0,0.0
4d7dc39c0a1c1123,2026-04-28,Colchester 12U,Glastonbury 12U Blue,1510.102368704561,1483.3201673796204,0.5384665247756453,0.55928960513051,0.5787650714184439,26.782201324940615,0.5384665247756453,0.55928960513051,0.5787650714184439,0.0,0.0,0.0,0.0,1.0,0.0,7.0,7.0,0.0,0.0,0.0,0.0,0.0,0.0,-2.0,-1.0,6.5,0.0,7.0,0.6666666666666666,-3.0,-6.0,-3.0,-19.808648107593626,-1.0,1.0,1.0,0.0,0.0
6dbce7b1c0f48074,2026-04-28,Wolcott 12U,Burlington 12U,1518.9182547437488,1517.675253104279,0.5017888155215002,0.5548894840964685,0.5729576181641938,1.2430016394698669,0.5017888155215002,0.44511051590353146,0.42704238183580623,4.027681991198191,4.183300132670378,2.29128784747792,2.692582403567252,0.25,0.25,-7.333333333333333,-6.0,-1.3333333333333333,-4.666666666666667,-0.666666666666667,8.805378708488888,-5.333333333333333,-1.800000000000001,3.5,4.5,10.5,4.183300132670378,6.0,2.75,3.125,4.0,0.875,-0.8928871849818734,0.375,4.0,1.0,-0.8070727192320983,4.183300132670378
dc66565cc0513128,2026-04-28,Wethersfield 12U B,RHAM 12U,1526.621311425807,1542.1888534879683,0.5223885130476184,0.5656993647219861,0.5872077824144204,-15.567542062161237,0.47761148695238165,0.4343006352780139,0.4127922175855796,0.5,0.5,-0.5,1.0,0.5,0.0,-5.5,-5.5,0.0,0.0,0.0,-10.685527430789762,0.0,1.0000000000000009,4.5,8.0,10.25,0.5,5.5,4.0,2.5,2.0,-0.5,-4.729622782030901,0.0,2.0,2.0,-0.09999999999999998,0.5
e520d55cebe7b092,2026-04-28,West Springfield 12U,Northampton 12U,1498.548651133627,1485.693885222808,0.5184910583692034,0.5400596461809616,0.5533240345251609,12.85476591081897,0.5184910583692034,0.5400596461809616,0.5533240345251609,1.5,1.5,0.5,1.0,1.0,0.5,3.5,3.5,0.0,0.0,0.0,9.320190133622646,0.0,-2.9999999999999996,-6.5,2.0,11.75,1.5,3.5,0.35,5.5,3.75,-1.75,-4.082880632641945,0.5,2.0,1.0,-0.6,1.5
19ced5952cdbcd5a,2026-04-29,West Hartford 12U Gold,Southington 12U Blue,1580.2812795974394,1533.0688730129186,0.5675289709752516,0.5763544044075198,0.6011919427477133,47.21240658452075,0.5675289709752516,0.5763544044075198,0.6011919427477133,0.6917566268500472,-0.9860161943211034,-0.2906913880090607,-0.7059910519580546,-0.2,-0.2,9.0,8.0,0.9999999999999996,0.9999999999999991,1.0,54.47378948978917,1.9999999999999996,-1.400000000000002,9.4,6.6,14.6,0.9860161943211034,8.0,3.0434782608695654,0.75,0.8500000000000001,0.09999999999999998,-5.666991497761501,0.1333333333333333,4.0,5.0,0.021237999632027715,-0.9860161943211034
502a2651ccd24c37,2026-04-29,Granby 12U,South Windsor 12U,1460.5039848473189,1487.6818825481243,0.5390325573783921,0.5313657138744193,0.5417783028292857,-27.177897700805488,0.46096744262160794,0.46863428612558067,0.45822169717071426,1.9302515022468798,0.8920243760451108,-0.22736587339764558,1.2646805273079949,-0.5,-0.25,0.33333333333333304,0.0,0.33333333333333304,1.6666666666666665,-0.33333333333333304,-25.411484389594534,1.333333333333333,11.199999999999998,-6.75,-3.25,11.25,0.8920243760451108,0.0,0.25,0.875,-12.5,-13.375,-26.70016489464433,-0.875,4.0,2.0,-0.016146941221764105,0.8920243760451108
87d62cb0eb1cec38,2026-04-29,Suffield 12U,Westfield 12U Red,1576.8189068103716,1554.7324476517051,0.5317422230486443,0.528445195859553,0.537895114874779,22.086459158666457,0.5317422230486443,0.528445195859553,0.537895114874779,1.3678423035188443,0.9760595499507785,-0.5734039201436523,1.2402494638419028,0.25,-0.08333333333333331,0.33333333333333215,1.416666666666666,-1.083333333333334,-2.0,-2.3333333333333335,30.293340305526954,-4.333333333333334,0.20000000000000018,9.833333333333334,8.25,12.458333333333332,0.9760595499507785,1.416666666666666,6.8999999999999995,5.416666666666667,0.08333333333333304,-5.333333333333334,0.23449897747195791,0.3333333333333333,4.0,3.0,-0.03050080173348782,0.9760595499507785
ab81ff7374e75252,2026-04-29,Simsbury 12U Blue,West Hartford 12U White,1449.9642733169417,1467.9237840544663,0.5258228179271095,0.5132163278436481,0.517618578687332,-17.959510737524624,0.4741771820728905,0.4867836721563519,0.48238142131266804,0.6602468994692869,0.7776083947860748,1.224744871391589,-0.4102752641148315,0.5,0.0,0.5,1.25,-0.75,-1.3333333333333335,-1.666666666666667,-17.689739539677703,-3.0,1.099999999999999,-2.5,-5.25,7.875,0.7776083947860748,1.25,0.5454545454545454,-0.125,1.375,1.5,8.54365409849811,0.25,4.0,2.0,-0.09489948781228069,0.7776083947860748
b8cfe4cdda448e90,2026-04-29,Somers 12U Red,Longmeadow 12U White,1490.7546914554584,1500.0,0.5133019289740033,0.5098265122108452,0.5131007043453892,-9.245308544541558,0.4866980710259967,0.4901734877891548,0.48689929565461076,0.9428090415820634,0.9428090415820634,0.9428090415820634,0.0,1.0,0.3333333333333333,-0.3333333333333333,-0.3333333333333333,0.0,0.0,0.0,0.07488158908108744,0.0,3.9720546451956377e-16,3.6666666666666665,-4.0,3.8333333333333335,0.9428090415820634,0.3333333333333333,36.666666666666664,1.5,1.1666666666666667,-0.3333333333333333,1496.9401399041708,0.0,3.0,0.0,-0.4852813742385703,0.9428090415820634
c5a1d57eb4e33346,2026-04-29,Belchertown 12U,Northampton 12U,1492.9400698420434,1466.3836839444016,0.5381434575688281,0.5539037677349389,0.5716554026785067,26.556385897641803,0.5381434575688281,0.5539037677349389,0.5716554026785067,1.5,1.5,-0.5,-1.0,0.5,0.0,3.5,3.5,0.0,0.0,0.0,-2.1295553789773294,0.0,8.999999999999996,-3.0,-4.5,12.25,1.5,3.5,0.6470588235294118,10.5,2.25,-8.25,-12.11050953781887,-0.25,2.0,2.0,-0.15000000000000002,1.5
cbc0a9e2e481ce52,2026-04-29,Newington 12U,Vernon 12U,1443.4351951442625,1468.269292103381,0.5356783970726282,0.5237423933522019,0.5316380233603758,-24.834096959118597,0.4643216029273718,0.47625760664779815,0.4683619766396242,3.2360956446232354,3.11228271597445,0.17332005306815113,4.24108003776293,-0.09999999999999998,0.0,-2.666666666666667,-0.20000000000000018,-2.466666666666667,-3.3333333333333335,-2.833333333333334,-27.756462909205084,-6.166666666666667,-7.7,-6.5,-3.7,10.6,3.11228271597445,0.20000000000000018,0.23529411764705882,-2.6833333333333336,3.8,6.483333333333333,21.257972430479413,0.3333333333333333,5.0,2.0,-0.10939816512721534,3.11228271597445
247f02c6f787cac0,2026-04-30,Westfield 12U Black,Agawam 12U,1481.7956977730007,1479.9737107292244,0.5026220260934336,0.5305467656165505,0.5406896251225375,1.8219870437762893,0.5026220260934336,0.5305467656165505,0.5406896251225375,-2.156449982483645,-2.844936047612617,-2.739449063451771,1.4986707996303192,0.8,-0.1333333333333333,2.0,2.4,-0.3999999999999999,1.166666666666667,-2.166666666666667,17.451681244942392,-1.0,-5.799999999999997,-5.8,0.20000000000000018,13.0,2.844936047612617,2.4,0.42000000000000004,-4.2,-4.4,-0.2,-6.042173142529236,-0.3,5.0,3.0,0.10945211054011003,-2.844936047612617
4c35cd9df207f850,2026-04-30,Bristol 12U,Wolcott 12U,1511.6856379637034,1509.249640981261,0.5035056240170875,0.5132472293086928,0.5176597582011995,2.435996982442248,0.5035056240170875,0.4867527706913072,0.48234024179880053,-1.414213562373095,3.0111718716468734,0.46266056094705377,3.045274239408477,0.09999999999999998,0.3,4.0,-2.1,6.1,4.833333333333333,16.166666666666668,-15.413952490360543,21.0,5.900000000000001,-2.7,1.7999999999999998,8.75,3.0111718716468734,2.1,0.4807692307692307,-0.7124999999999999,-4.375,-3.6625,-14.916608159226143,-0.4375,4.0,5.0,-0.07960788721569123,3.0111718716468734
5930e72177aa6fe6,2026-04-30,West Hartford 12U Green,Glastonbury 12U Blue,1528.8036431601663,1464.8364422591078,0.5910299599404677,0.6647570974669602,0.7135636187860455,63.967200901058504,0.5910299599404677,0.6647570974669602,0.7135636187860455,2.0,2.0,1.0,1.0,0.5,0.0,10.0,10.0,0.0,0.0,0.0,36.118090509995454,0.0,-3.9999999999999987,-1.0,-1.0,8.0,2.0,10.0,0.8571428571428571,-2.5,-3.0,-0.5,-3.455266254952903,-0.5,2.0,2.0,-0.25,2.0
69b9c4bbc5fd0a96,2026-04-30,West Hartford 12U Gold,Glastonbury 12U White,1601.68359386037,1490.7200356858743,0.6544725575443379,0.6886195982998796,0.7423524542692816,110.96355817449557,0.6544725575443379,0.6886195982998796,0.7423524542692816,5.436502143433363,4.774934554525329,3.2619012860600183,1.854723699099141,-1.0,0.0,11.333333333333334,13.0,-1.666666666666666,-3.166666666666666,-1.0,80.28127959743938,-4.166666666666666,-1.5000000000000002,4.6,6.4,16.1,4.774934554525329,13.0,1.511111111111111,-6.28,-7.08,-0.8,-5.451167623584297,-0.6133333333333334,5.0,1.0,-0.8268378644713152,4.774934554525329
df05d6c6dca12cd6,2026-04-30,West Springfield 12U,East Longmeadow 12U A,1517.858852412033,1460.419380026662,0.5819170811830966,0.640310005573685,0.6832929662673307,57.43947238537089,0.5819170811830966,0.640310005573685,0.6832929662673307,-1.2583426132260587,-1.2583426132260587,-2.800326828802405,1.5548046676563256,0.6666666666666666,0.3333333333333333,11.0,11.0,0.0,0.0,0.0,22.096913751906868,0.0,-7.000000000000002,-8.833333333333332,1.8333333333333335,12.666666666666666,1.2583426132260587,11.0,0.34567901234567905,1.75,3.25,1.5,10.538697965424944,0.3333333333333333,3.0,2.0,0.04423005539286731,-1.2583426132260587
f2e6bb9a1fe3f41a,2026-04-30,Ellington 12U,Somers 12U White,1467.914789656424,1527.976765828457,0.5855852589611548,0.6279527944662302,0.667727706244174,-60.06197617203293,0.41441474103884524,0.3720472055337698,0.332272293755826,-4.12250206778696,-2.7937080747116267,-4.438491241340751,-0.05830426849480208,0.08333333333333331,0.08333333333333331,-9.666666666666668,-10.833333333333334,1.1666666666666667,-1.333333333333334,6.0,-45.7198081496083,4.666666666666667,3.299999999999998,-2.5,-3.333333333333334,13.916666666666668,2.7937080747116267,10.833333333333334,0.5454545454545454,0.0,1.583333333333333,1.5833333333333333,9.349542840628828,0.08333333333333331,3.0,4.0,0.03022498658125157,-2.7937080747116267
485a34f801dee5c7,2026-05-01,Berlin 12U A,Bristol 12U,1471.295890737187,1496.001230729828,0.5354940395256639,0.5414291078516591,0.5551405634894082,-24.70533999264103,0.4645059604743361,0.4585708921483409,0.4448594365105918,-1.1817870057290873,-3.6967733539318672,-1.9393876913398138,-2.4194594347794967,0.09999999999999998,-0.4,-5.166666666666667,-2.5,-2.6666666666666665,-4.0,-2.666666666666667,-21.798513998963244,-6.666666666666667,-6.799999999999999,-2.4000000000000004,-4.1,9.65,3.6967733539318672,2.5,0.5555555555555555,2.251666666666666,5.34,3.0883333333333334,19.468274879759747,0.4133333333333333,2.0,5.0,0.14676312651824647,-3.6967733539318672
8b72e2246a5ce728,2026-05-01,Wolcott 12U,Middletown 12U,1524.9340482151367,1480.030461993273,0.5642640366160254,0.5496453512470275,0.5660247985927952,44.903586221863634,0.5642640366160254,0.5496453512470275,0.5660247985927952,1.5548046676563256,3.111094017053558,1.785677655436824,1.285677655436824,-0.6666666666666667,0.3333333333333333,3.166666666666667,1.9,0.5,1.333333333333333,-0.3333333333333339,19.116810283426958,1.0,1.6999999999999988,3.7,-4.8,7.75,3.111094017053558,2.666666666666667,2.48,-3.7,4.2,7.9,15.308682409062385,0.45,6.0,2.0,-0.449798392825009,3.111094017053558
9607ceec5c868a57,2026-05-01,Somers 12U White,South Hadley 12U,1543.606230147535,1465.188988532301,0.6109734541089703,0.6364617011755915,0.6784634654345476,78.41724161523393,0.6109734541089703,0.6364617011755915,0.6784634654345476,-2.563497856566637,1.15204895091804,4.61513416341649,-1.5457885097359831,-0.3,0.2,16.666666666666668,12.2,4.466666666666667,7.166666666666666,4.0,53.41203729794324,11.166666666666668,-13.2,-6.2,0.40000000000000036,15.7,1.15204895091804,12.2,0.5571428571428572,1.0666666666666673,1.7000000000000002,0.6333333333333333,1.591977661248393,0.26666666666666666,5.0,2.0,-0.012608827992236768,1.15204895091804
97c34c6bbcbb0a44,2026-05-01,East Longmeadow 12U A,Minnechaug 12U,1444.6568140010077,1542.4776988885833,0.6371700433183008,0.7157213125307276,0.7740135636060126,-97.82088488757563,0.36282995668169915,0.28427868746927243,0.2259864363939874,-0.3935514089717431,-3.2689725854655363,-2.291583864825401,0.06262920312898368,-0.2,0.0,-13.666666666666668,-14.0,0.33333333333333304,1.666666666666666,-0.8333333333333335,-61.36107667572037,0.833333333333333,5.3000000000000025,0.0,-2.0,15.0,3.2689725854655363,14.0,1.0,2.3222222222222215,-3.611111111111111,-5.933333333333333,-21.086945183820035,-0.1777777777777778,3.0,5.0,0.07153081161622503,-3.2689725854655363
2085dacc82877b69,2026-05-02,Westfield 12U Black,Simsbury 12U Blue,1471.1120848678888,1466.3128483541143,0.5069062172866122,0.5080339029343354,0.5107111536102636,4.799236513774531,0.5069062172866122,0.5080339029343354,0.5107111536102636,-1.602140276886003,-0.673469010452405,-1.0066592756745818,1.2651985349510937,0.43333333333333335,-0.033333333333333354,-1.0,0.19999999999999996,-1.1333333333333333,0.9999999999999996,-3.166666666666667,31.83142445605904,-2.1666666666666665,-0.9999999999999997,-1.2000000000000002,-2.1999999999999993,11.1,0.673469010452405,0.1333333333333333,0.8064516129032258,0.5,1.6999999999999997,1.2,5.062738024966848,0.06666666666666665,6.0,5.0,0.03829189582448181,-0.673469010452405
302eb1dcb8003867,2026-05-02,Vernon 12U,RHAM 12U,1482.722504770543,1563.388681730846,0.6140460447717038,0.699576634202622,0.7552928797253757,-80.66617696030289,0.38595395522829623,0.30042336579737805,0.24470712027462427,4.0824829046386295,4.0824829046386295,1.2022706138585308,1.2022706138585308,0.3333333333333333,0.0,-11.0,-11.0,0.0,0.0,0.0,-73.91956138458727,0.0,5.500000000000001,2.6666666666666665,4.333333333333334,12.833333333333332,4.0824829046386295,11.0,2.142857142857143,6.4,-1.0,-7.4,-42.12500942850738,-0.26666666666666666,3.0,3.0,-0.3809894100182847,4.0824829046386295
355a5457f34c1c2c,2026-05-02,Middletown 12U,Burlington 12U,1462.457856641234,1527.343866866766,0.5923077868278415,0.6335531781590555,0.6748025006173191,-64.88601022553189,0.40769221317215854,0.36644682184094446,0.32519749938268094,-0.3753307086627298,-0.3753307086627298,1.132993161855452,1.6899350299921787,0.16666666666666663,-0.5,-7.333333333333334,-7.333333333333334,0.0,0.0,0.0,-37.644791111005816,0.0,2.999999999999999,-2.5,3.166666666666667,10.166666666666666,0.3753307086627298,7.333333333333334,0.4444444444444444,4.3500000000000005,-0.3500000000000001,-4.444444444444445,-9.144921389905221,-0.1527777777777778,3.0,2.0,0.02588723815161198,-0.3753307086627298
b0e9706b9dc83d58,2026-05-02,Simsbury 12U A,Granby 12U,1449.223444168906,1443.1897751558165,0.5086822748971157,0.5053942763654422,0.5071921514536603,6.033669013089593,0.5086822748971157,0.4946057236345578,0.49280784854633974,-2.130258797465798,-0.46190201809811793,-0.6123811161952326,-0.01953158500298846,0.3333333333333333,-0.2,-2.666666666666667,-1.7999999999999998,-0.8666666666666671,-2.3333333333333335,0.16666666666666696,3.685878595627628,-2.166666666666667,-0.400000000000003,0.06666666666666732,-12.266666666666666,16.166666666666664,0.46190201809811793,1.7999999999999998,1.0087719298245614,4.322222222222223,-0.26666666666666683,-4.5888888888888895,-3.5101370509494245,0.0222222222222222,3.0,5.0,0.009583126694380273,-0.46190201809811793
d9cc3c6eac670ce6,2026-05-02,South Windsor 12U,Tolland 12U,1504.996092239627,1478.4381527482492,0.5381456803575033,0.5663551220278182,0.5880703044459183,26.557939491377738,0.5381456803575033,0.5663551220278182,0.5880703044459183,7.133644853010898,7.133644853010898,3.39934634239519,3.7416573867739413,0.3333333333333333,0.3333333333333333,8.666666666666666,8.666666666666666,0.0,0.0,0.0,-12.31811745187565,0.0,2.4999999999999964,-5.333333333333333,-6.0,12.333333333333332,7.133644853010898,8.666666666666666,0.5151515151515151,0.75,-0.25,-1.0,-17.23295658206962,-0.25,3.0,1.0,-0.8770538893605833,7.133644853010898
dff8b2aa3b2aa89e,2026-05-02,Avon 12U B,Farmington 12U Red,1503.7679297295329,1499.7744142536817,0.5057468776655623,0.510692095564481,0.514254437369764,3.9935154758511544,0.5057468776655623,0.510692095564481,0.514254437369764,-5.0,-5.0,-4.0,-1.0,0.5,0.0,1.0,1.0,0.0,0.0,0.0,32.571572889699155,0.0,-17.999999999999996,0.0,1.0,7.5,5.0,1.0,1.0,-2.8333333333333335,1.6666666666666667,4.5,25.130656214688315,0.5,2.0,2.0,0.20833333333333331,-5.0
fd6ce41f0a0d9173,2026-05-02,Westfield 12U Red,Somers 12U White,1571.2583584211268,1562.9641978925572,0.5119339895333314,0.5563128677064061,0.574837250097332,8.294160528569591,0.5119339895333314,0.5563128677064061,0.574837250097332,-2.327443824400846,-5.725165115152528,-4.16428644253522,-2.505356207975608,-0.16666666666666666,0.33333333333333337,-6.0,2.8499999999999996,-8.583333333333332,-15.333333333333332,-6.333333333333334,11.1262175041702,-21.666666666666664,-8.100000000000001,4.95,6.699999999999999,13.125,5.725165115152528,2.583333333333333,2.03125,-6.679166666666667,3.675,10.354166666666668,39.15160428034051,0.23333333333333334,4.0,6.0,0.1041502950554714,-5.725165115152528
19fa9b98436540af,2026-05-03,Simsbury 12U Blue,West Hartford 12U Green,1444.2729171857093,1541.5477456632425,0.6364430362519434,0.6776616169745009,0.7292317448156254,-97.27482847753322,0.36355696374805657,0.3223383830254991,0.27076825518437464,3.265986323710904,2.0493990088976197,2.063850234092518,1.0132588220525123,0.0,0.16666666666666666,-8.0,-7.4,-1.0,1.3333333333333335,-3.333333333333333,-62.49079480605201,-2.0,0.8000000000000013,2.7333333333333334,-2.133333333333333,9.766666666666666,2.0493990088976197,7.0,2.64,1.6533333333333338,0.8333333333333333,-0.8333333333333333,-3.1890411829788263,-0.09999999999999998,6.0,3.0,-0.10804302383310152,2.0493990088976197
1f5790410d92377e,2026-05-03,Minnechaug 12U White,East Longmeadow 12U White,1545.6579822221202,1495.5800165656271,0.571573023436504,0.619387667439254,0.6568451885293086,50.07796565649301,0.571573023436504,0.619387667439254,0.6568451885293086,-2.0548046676563256,-1.4170269317453994,-0.8823674759671185,-0.022474257533058095,0.16666666666666669,0.5,5.333333333333334,4.166666666666667,1.166666666666667,2.0,2.6666666666666665,39.027643032509786,4.666666666666667,2.8000000000000016,-1.166666666666667,4.0,12.083333333333332,1.4170269317453994,4.166666666666667,0.8478260869565217,0.25,0.5833333333333335,0.33333333333333326,10.55106676915193,-0.08333333333333337,4.0,3.0,0.07510350612450956,-1.4170269317453994
388b6189878496a4,2026-05-03,RHAM 12U,Colchester 12U,1571.6219585866493,1528.5860938250737,0.5616187692807729,0.5886910465925231,0.6172934044081108,43.03586476157557,0.5616187692807729,0.5886910465925231,0.6172934044081108,1.059026084010437,0.6124748994971831,-0.19722436226800544,1.420286436967152,-0.25,0.0,2.5,2.75,-0.25,0.6666666666666661,-1.6666666666666665,53.286313026284915,-1.0,-6.8999999999999995,9.0,2.75,10.625,0.6124748994971831,2.75,7.0,-1.125,2.25,3.375,15.609455010360307,0.3333333333333333,4.0,2.0,-0.042551707354897716,0.6124748994971831
4da350718624b6ed,2026-05-03,Simsbury 12U A,West Hartford 12U Gold,1466.3268660751864,1608.3759148510903,0.6937479077363058,0.7272536168613488,0.787118623950222,-142.04904877590388,0.3062520922636942,0.2727463831386512,0.21288137604977797,3.394329399454424,0.7701030959848749,-2.0837059980989054,2.8303371066142247,0.08333333333333334,0.0,-10.0,-13.6,4.166666666666666,5.333333333333333,1.666666666666666,-152.4601496914638,7.000000000000001,6.600000000000001,5.4,0.1999999999999993,17.4,0.7701030959848749,14.166666666666666,3.0769230769230766,2.796666666666666,-3.9200000000000004,-6.716666666666667,-22.856632707106883,-0.16999999999999993,4.0,6.0,-0.012717191297076269,0.7701030959848749
63a55d34ac9f6cb2,2026-05-03,Middletown 12U,Berlin 12U A,1447.0489001132426,1488.0051190767856,0.5586692317537987,0.5712441238519745,0.5944932725492442,-40.95621896354305,0.4413307682462013,0.42875587614802546,0.4055067274507558,-2.3366656216080606,-1.9474027642809553,0.025319233322247836,0.294699630528962,0.16666666666666669,-0.3333333333333333,-3.333333333333333,-2.333333333333333,-1.0,3.3333333333333335,-7.333333333333334,-8.838034095952935,-4.0,-4.999999999999998,-3.166666666666667,-2.5,9.333333333333332,1.9474027642809553,2.333333333333333,0.4411764705882353,0.9138888888888896,-1.875,-2.5972222222222223,0.6435381286071333,-0.17222222222222228,4.0,3.0,0.0998087421255357,-1.9474027642809553
887c2c4fe584fc29,2026-05-03,Farmington 12U Red,Wethersfield 12U B,1490.166503090545,1505.4214831829297,0.5219395841187316,0.512335699540868,0.5164450040434849,-15.254980092384812,0.47806041588126835,0.512335699540868,0.5164450040434849,-0.2836065170608455,-0.2836065170608455,2.3570226039551585,-2.4743502222555143,0.0,0.0,0.3333333333333333,0.3333333333333333,0.0,0.0,0.0,-26.84689717212541,0.0,8.5,-1.666666666666667,0.6666666666666661,10.166666666666668,0.2836065170608455,0.3333333333333333,0.7222222222222222,0.7222222222222228,-2.2777777777777777,-3.0,-19.92824424471155,-0.16666666666666666,3.0,3.0,0.005999878153194832,-0.2836065170608455
fbbd696c97a71b1b,2026-05-03,Farmington 12U Black,Wethersfield 12U A,1490.0476426954383,1519.6442311883532,0.5424901858985822,0.5355198248049609,0.5472978362282387,-29.59658849291486,0.4575098141014178,0.46448017519503915,0.4527021637717613,9.5,9.5,5.5,3.0,-1.0,0.0,-7.5,-7.5,0.0,0.0,0.0,-35.28304345282959,0.0,21.0,-2.0,-2.5,18.75,9.5,7.5,0.7647058823529411,8.75,11.0,2.25,-6.509138900642711,0.5,2.0,2.0,-0.5757575757575757,9.5
0ad70d3d180f9737,2026-05-04,Bristol 12U,Wolcott 12U,1479.2920023902293,1542.5066535671758,0.589982439504499,0.6208666362326178,0.65872953132871,-63.21465117694652,0.410017560495501,0.37913336376738216,0.34127046867128996,-0.9428090415820636,-1.0159365142821244,-0.5704599092705429,1.6065805390600358,0.047619047619047616,0.047619047619047616,-5.666666666666667,-1.4,-1.3333333333333335,-5.0,1.3333333333333321,-28.93281748530876,-3.666666666666667,-4.699999999999999,-2.4,3.4000000000000004,10.3,1.0159365142821244,4.333333333333334,0.6,1.79,-2.2399999999999998,-4.03,-18.26659897051627,-0.28,6.0,7.0,0.042122804519106216,-1.0159365142821244
8a8779819c7d74d1,2026-05-04,Westfield 12U Red,Minnechaug 12U,1594.0147980188522,1560.537652452412,0.5480289390846201,0.5657524544706448,0.5872776204164096,33.477145566440186,0.5480289390846201,0.5657524544706448,0.5872776204164096,-3.108287590727844,-2.4770962833531267,-2.230409725311236,-0.14224120933608608,-0.16666666666666666,0.4,0.33333333333333304,2.8,-0.4666666666666668,-0.3333333333333339,-1.0,28.780659532543496,-1.333333333333334,-4.000000000000002,5.6000000000000005,7.199999999999999,12.600000000000001,2.4770962833531267,0.7999999999999998,2.3333333333333335,-2.5566666666666666,1.3400000000000007,3.95,29.091965321728367,0.16666666666666663,5.0,6.0,0.07053113548621529,-2.4770962833531267
e52bb8d442e74ffa,2026-05-04,West Springfield 12U,Belchertown 12U,1533.6214184376872,1501.869296329046,0.5455681837796508,0.608398026560383,0.642778578194354,31.752122108641288,0.5455681837796508,0.608398026560383,0.642778578194354,1.1992548664520002,0.845807489428577,0.2246011040730771,-0.37488979233357433,-0.16666666666666663,0.25,4.666666666666666,4.0,0.6666666666666665,2.333333333333333,0.3333333333333335,24.918782569989617,2.6666666666666665,-0.6000000000000005,-0.25,2.25,9.75,0.845807489428577,4.0,0.9583333333333334,-2.541666666666666,0.8333333333333335,3.375,4.249770661916273,0.25,4.0,3.0,-0.04726510582976007,0.845807489428577
aa871ccbefa577c5,2026-05-05,West Hartford 12U Green,Colchester 12U,1554.2173058530284,1511.9861924756528,0.5604779044168323,0.5860858121297808,0.6139018347122456,42.23111337737555,0.5604779044168323,0.5860858121297808,0.6139018347122456,-3.6544529635387417,-3.18906262527524,-2.3999609199264658,-0.5208872683937869,-0.08333333333333331,0.0,2.3333333333333335,3.25,-0.9166666666666665,-2.0,-1.6666666666666667,12.961651838168791,-3.6666666666666665,3.6999999999999966,2.5,2.75,6.875,3.18906262527524,3.25,1.8333333333333333,0.5333333333333337,-1.4833333333333334,-1.9166666666666667,-34.46431694347643,-0.04166666666666663,4.0,3.0,0.15857137323177548,-3.18906262527524
b2db52ab321da508,2026-05-05,Northampton 12U,Belchertown 12U,1457.454457457399,1482.4072273693623,0.5358483074351953,0.5071553520972554,0.5095399629202038,-24.952769911963287,0.4641516925648047,0.4928446479027446,0.49046003707979624,-1.7931509443361069,-1.4476245742467961,-0.10002001401321436,0.17188134799710308,-0.16666666666666669,0.0,-2.0,-1.25,-0.75,-1.333333333333333,-1.666666666666667,-35.485612384644355,-3.0,2.3999999999999977,-3.75,-3.0,10.375,1.4476245742467961,1.25,0.4444444444444444,-5.229166666666666,-1.1875,4.041666666666667,3.5797233818702807,0.14583333333333331,3.0,4.0,0.08569605836950092,-1.4476245742467961
c8f7e9bb590e3579,2026-05-05,East Longmeadow 12U A,Longmeadow 12U Black,1426.596860437179,1479.302757813799,0.5752733501023166,0.5871439954760452,0.615279994800758,-52.70589737661999,0.4247266498976834,0.41285600452395477,0.384720005199242,3.39934634239519,4.123105625617661,3.24037034920393,2.5495097567963922,0.0,0.0,1.666666666666667,0.0,1.666666666666667,5.333333333333333,1.333333333333334,-55.34318599899234,6.666666666666667,0.4000000000000027,-7.0,-11.0,15.0,4.123105625617661,0.0,0.36363636363636365,-0.20833333333333393,-5.458333333333333,-5.25,-15.71098053368678,-0.18333333333333335,4.0,1.0,-0.8048058983988962,4.123105625617661
e4d831c631270100,2026-05-05,Agawam 12U,South Hadley 12U,1490.6573236343363,1445.8310207872787,0.5641546510640858,0.5742562537740059,0.5984435631792347,44.826302847057605,0.5641546510640858,0.5742562537740059,0.5984435631792347,-0.9678364854270587,-1.0931426081716662,2.2272352942267744,-3.0281507921793853,-0.08333333333333331,0.5,9.0,7.5,1.5,4.666666666666667,1.333333333333334,14.78472219692344,6.0,1.4999999999999973,-7.5,-5.0,16.75,1.0931426081716662,7.5,0.4642857142857143,2.125,2.6999999999999997,0.575,-7.249111019833435,0.15833333333333333,4.0,3.0,0.02158895931974958,-1.0931426081716662
1048a8626adef5ff,2026-05-06,South Windsor 12U,Somers 12U White,1528.0182041003834,1540.2077582948318,0.5175349845268162,0.5158482053121771,0.5211254370957284,-12.18955419444842,0.48246501547318377,0.4841517946878229,0.47887456290427155,0.4555006126788914,-0.3077936574387756,-1.6695959066929813,0.3035845208403898,0.10714285714285715,0.10714285714285715,-0.33333333333333304,-3.0,0.23809523809523858,3.0,-3.0,-57.96810565293026,2.220446049250313e-16,7.6999999999999975,4.05,2.9499999999999993,13.95,0.3077936574387756,0.5714285714285716,1.9642857142857142,-3.554166666666667,1.4124999999999996,4.966666666666667,-3.508536546176174,0.09583333333333338,4.0,7.0,0.003333915986934402,-0.3077936574387756
490b6386fc0bec82,2026-05-06,Granby 12U,West Springfield 12U,1426.0863532495357,1553.0834873973706,0.6750365821950679,0.7331123066469357,0.7936869785073688,-126.99713414783491,0.3249634178049321,0.2668876933530643,0.2063130214926312,2.742529503082711,2.317337190634707,-0.04850945657618144,2.155158160507316,-0.4,-0.033333333333333354,-15.0,-9.0,-5.833333333333333,-5.5,-7.666666666666668,-90.43164328187072,-13.166666666666666,-2.999999999999999,0.6000000000000001,-1.5999999999999996,9.9,2.317337190634707,9.166666666666668,1.25,-2.2666666666666666,-1.466666666666666,0.7999999999999998,-2.0711609889060583,-0.1333333333333333,6.0,5.0,-0.0667311571002665,2.317337190634707
cf07d773e14b264a,2026-05-06,Simsbury 12U Blue,Southington 12U White,1431.6033569959231,1501.3143377249985,0.5989972357394464,0.6096915216705363,0.6444399838361161,-69.71098072907535,0.4010027642605536,0.3903084783294637,0.3555600161638839,-0.06349785656663709,-1.0278640450004204,0.9985711369071804,-0.12945998111853552,0.2857142857142857,-0.35714285714285715,-3.8333333333333335,-4.5,-0.047619047619047894,2.0000000000000004,-1.333333333333333,-38.09851959383877,0.6666666666666665,-11.599999999999998,-0.3999999999999999,-3.0999999999999996,9.85,1.0278640450004204,3.7857142857142856,0.9,-0.8466666666666658,2.6333333333333337,3.466666666666667,11.405881686306884,0.1833333333333334,7.0,2.0,0.028897843785402944,-1.0278640450004204
0233589df3007f39,2026-05-07,Bristol 12U,Burlington 12U,1464.97893831055,1542.7528233947576,0.6100928372032106,0.6703068199686678,0.7203296657410942,-77.77388508420768,0.3899071627967894,0.3296931800313322,0.27967033425890575,-2.1532647705462384,1.2015560026045282,1.821684610726858,1.8130112535064176,-0.047619047619047616,-0.047619047619047616,-9.0,-6.066666666666666,-1.6190476190476186,0.6666666666666665,-7.333333333333333,-48.05186447653659,-6.666666666666666,-2.0000000000000004,-0.5333333333333332,3.8,11.166666666666668,1.2015560026045282,7.380952380952381,0.8769230769230769,2.212222222222223,1.2000000000000002,-0.8522222222222223,1.141706099712792,0.06285714285714283,7.0,3.0,-0.0686859702673159,1.2015560026045282
122a20e601ca951b,2026-05-07,Agawam 12U,Longmeadow 12U Black,1511.785383584525,1466.9760999843195,0.5641305614771654,0.587934766691211,0.6163093596468409,44.80928360020562,0.5641305614771654,0.587934766691211,0.6163093596468409,0.35861230093007546,3.85934779718964,4.748043145279966,-0.4408739718026,-0.3,0.4,11.166666666666668,5.7,5.466666666666667,10.166666666666666,3.5,11.354565820537346,13.666666666666668,-2.3000000000000016,0.09999999999999964,-5.4,14.25,3.85934779718964,5.7,1.011764705882353,-0.8900000000000006,-1.0350000000000001,-0.14500000000000002,16.423739436172582,0.08999999999999997,5.0,2.0,-0.10259566471301154,3.85934779718964
d96b7202084f33d1,2026-05-07,Somers 12U Red,Suffield B,1501.6529169384332,1500.0,0.5023787207426923,0.5063811865719142,0.5085078894855053,1.6529169384332363,0.5023787207426923,0.5063811865719142,0.5085078894855053,1.247219128924647,1.299038105676658,1.0,0.4330127018922193,1.0,0.5,0.6666666666666666,0.25,0.41666666666666663,1.333333333333333,0.3333333333333335,-9.245308544541558,1.6666666666666665,0.7000000000000002,4.0,-3.75,3.875,1.299038105676658,0.25,40.0,1.125,0.875,-0.25,1497.705104928128,0.0,4.0,0.0,-0.5650354826521339,1.299038105676658
fc4520e84414c277,2026-05-07,Suffield 12U White,Somers 12U Red,1528.5147825178656,1491.8408325489274,0.5525829069278235,0.558507983749308,0.5777341287479837,36.67394996893813,0.5525829069278235,0.558507983749308,0.5777341287479837,1.885618083164127,1.5964697214975476,1.6062242110838791,-0.2726891159267236,-0.5,-0.15000000000000002,2.3333333333333335,2.25,0.08333333333333348,1.333333333333334,-1.0000000000000004,37.509525049523745,0.3333333333333335,-1.6000000000000003,1.0499999999999998,1.2000000000000002,8.325,1.5964697214975476,2.25,1.25,2.8083333333333336,4.633333333333333,1.825,9.31484434743038,0.41666666666666663,4.0,5.0,-0.1825437221206147,1.5964697214975476
42596b71e414a689,2026-05-08,Southington 12U White,Farmington 12U Red,1509.1419116833642,1501.3328935742504,0.5112361884033177,0.5122330009017741,0.5163081368049083,7.809018109113822,0.5112361884033177,0.48776699909822585,0.4836918631950917,1.1970808755401254,-0.571371212100976,-0.9219601020152011,0.21682986306321927,-0.16666666666666669,0.08333333333333331,-2.0,0.41666666666666663,-2.4166666666666665,-6.666666666666667,-3.0,11.147834634453602,-9.666666666666666,1.1000000000000012,0.25,0.666666666666667,9.541666666666668,0.571371212100976,0.41666666666666663,1.0526315789473684,2.533333333333333,-1.3833333333333335,-3.6785714285714284,-26.47632925024982,-0.07738095238095236,3.0,4.0,0.017129064739772742,-0.571371212100976
66b11ff9f3979316,2026-05-08,Belchertown 12U,Minnechaug 12U White,1491.4581853743762,1561.8768554939686,0.5999753618526353,0.6898966676316034,0.7438700982971125,-70.41867011959243,0.40002463814736466,0.3101033323683966,0.2561299017028875,2.082393787649998,1.1870522301209956,0.7220960462458845,0.7026600315723461,0.19999999999999996,-0.4,-7.0,-6.0,-1.0,-1.666666666666667,-0.833333333333333,-63.25075485275784,-2.5,-0.5999999999999994,1.9999999999999996,0.0,10.2,1.1870522301209956,6.0,1.769230769230769,4.983333333333334,0.15000000000000036,-4.833333333333333,-18.74867471671746,-0.18333333333333332,5.0,5.0,-0.068624194250055,1.1870522301209956
e18fd02ae77e13cb,2026-05-08,Southington 12U Blue,Farmington 12U Black,1511.666558749988,1471.5167087345872,0.5575244413998106,0.6173384496318713,0.654230792695743,40.14985001540094,0.5575244413998106,0.6173384496318713,0.654230792695743,-0.3328279002969854,-1.1074949523913897,-1.5878906852551804,0.09626932493661089,0.16666666666666666,0.16666666666666666,2.9999999999999996,5.333333333333333,-4.666666666666667,-4.999999999999999,-4.333333333333334,43.02123031748033,-9.333333333333334,-6.600000000000003,-5.866666666666666,-1.4666666666666668,14.8,1.1074949523913897,7.666666666666666,0.49714285714285716,-6.766666666666666,-5.966666666666666,0.7999999999999998,17.38875209830121,-0.2666666666666666,6.0,3.0,0.014949823911585836,-1.1074949523913897
fa3465388573d634,2026-05-08,South Hadley 12U,Minnechaug 12U,1424.7029608370897,1575.3426361772192,0.7041526758173471,0.7817219897576434,0.8456617522470201,-150.63967534012954,0.2958473241826529,0.2182780102423566,0.15433824775297988,1.2248974218098385,1.0881629341013115,-1.680104573965111,2.5823361382255716,0.10714285714285715,-0.14285714285714285,-16.0,-16.65,0.6785714285714288,-2.666666666666667,5.0,-114.70663166513327,2.333333333333333,0.6000000000000025,0.8999999999999999,-4.75,16.425,1.0881629341013115,16.67857142857143,1.25,0.5333333333333332,-1.6349999999999998,-2.168333333333333,-13.588046086443683,-0.07500000000000001,4.0,7.0,-0.02797929242758085,1.0881629341013115
4a382d3304b60238,2026-05-09,Granby 12U,Tolland 12U,1419.1189233617392,1455.4160408874927,0.5520465382952888,0.5043685097965287,0.5058245644552626,-36.29711752575349,0.4479534617047112,0.5043685097965287,0.5058245644552626,0.699673171197595,5.164414002968976,0.7449944320643649,1.5792156108742281,0.14285714285714285,0.14285714285714285,6.666666666666667,7.0,0.3809523809523814,0.666666666666667,-0.3333333333333339,-52.35179949871349,0.3333333333333339,1.1999999999999984,-10.1,-4.9,13.4,5.164414002968976,6.285714285714286,0.2518518518518518,1.8133333333333326,-3.42,-5.233333333333333,-16.30265268470771,-0.4733333333333333,7.0,2.0,-0.3604212431630006,5.164414002968976
6b250c9e87ed2153,2026-05-09,RHAM 12U,South Windsor 12U,1588.22185993607,1505.4445342487982,0.6169221456851921,0.6743766901548439,0.7252650103109616,82.77732568727174,0.6169221456851921,0.6743766901548439,0.7252650103109616,-6.418150429108538,-6.129251145877287,-2.666696816136619,-2.245934077146199,0.0,-0.2,3.0000000000000004,7.4,-4.3999999999999995,-7.166666666666666,-3.8333333333333335,43.60375448626587,-11.0,-1.2999999999999994,1.7999999999999998,4.800000000000001,13.7,6.129251145877287,7.4,1.2307692307692308,-2.4899999999999993,-4.49,-1.5142857142857145,1.82037000317996,-0.12619047619047624,5.0,5.0,0.16077885892861427,-6.129251145877287
6ea0f27283433899,2026-05-09,Bristol 12U,Meriden 12U,1456.615781729589,1461.95046566961,0.5076766240536151,0.5115866751428307,0.515446749471858,-5.334683940021023,0.49232337594638487,0.5115866751428307,0.515446749471858,-0.9130277705446399,-0.024831249063024696,1.6262131755492715,1.4892043616775443,0.041666666666666685,0.25,0.3333333333333335,1.2000000000000002,-1.0416666666666665,-2.6666666666666665,-1.666666666666667,-8.121302629354432,-4.333333333333333,-2.7000000000000006,-3.333333333333333,-3.4666666666666663,8.733333333333334,0.024831249063024696,1.375,0.4736842105263158,5.023333333333333,2.5,-2.3633333333333333,-2.071971194389789,0.17952380952380947,8.0,3.0,0.0025060078686645615,-0.024831249063024696
7a3375828320c9eb,2026-05-09,Belchertown 12U,Berkshire,1510.3283771328763,1500.0,0.5148593525929324,0.5433996502644727,0.5577532652262549,10.328377132876312,0.5148593525929324,0.4566003497355273,0.4422467347737451,5.0990195135927845,4.069397989875161,2.727636339397171,2.1354156504062622,0.5,0.16666666666666666,-1.0,-0.2,0.0,0.33333333333333304,-0.33333333333333304,-8.541814625623829,0.0,0.5999999999999995,5.6,-5.8,5.7,4.069397989875161,1.0,55.99999999999999,8.17,4.2700000000000005,-3.9,1498.780228772794,0.31,6.0,0.0,-0.8027379183884857,4.069397989875161
f1bce42044c64e75,2026-05-09,Wolcott 12U,Burlington 12U,1556.819717646855,1551.115979975719,0.5082076010121337,0.5172104617904576,0.5229402345896655,5.703737671135968,0.5082076010121337,0.4827895382095424,0.47705976541033446,-0.9130277705446399,0.17812658260077896,0.812452879612777,0.6271705059723887,-0.25,0.0,2.333333333333333,-0.6000000000000001,3.958333333333333,6.333333333333332,4.666666666666667,-0.24616982758175254,11.0,2.4000000000000004,4.0,3.4000000000000004,12.3,0.17812658260077896,1.625,2.0,-1.298333333333333,0.395,1.5952380952380951,11.147908666413969,0.15535714285714286,8.0,4.0,-0.013462534361499912,0.17812658260077896
f4251bbac3d2907f,2026-05-09,Middletown 12U,Newington 12U,1457.9256462181838,1428.9819824771002,0.5415571894687135,0.5247264132125646,0.5329476532517484,28.943663741083583,0.5415571894687135,0.5247264132125646,0.5329476532517484,-2.9217146143974233,-2.0501558332349137,-0.07332005306815104,-1.1526127416904375,0.26666666666666666,0.2,3.0,3.4000000000000004,1.0,4.333333333333333,-2.833333333333334,3.6137049689800733,1.5,-0.6999999999999998,-5.6000000000000005,-3.8,9.5,2.0501558332349137,2.0,0.3333333333333333,1.5266666666666673,-0.6599999999999997,-2.033333333333333,6.4058953078686045,0.06666666666666665,5.0,6.0,0.08356084365834432,-2.0501558332349137
082d3835323f91b7,2026-05-10,Middletown 12U,Vernon 12U,1446.2832364141698,1474.4892279147398,0.5405027427900473,0.5529463113603656,0.5703901067410946,-28.205991500570008,0.4594972572099527,0.44705368863963435,0.4296098932589054,0.03901463093468527,-1.3168929194537262,-1.3650635094610968,1.0968377765989215,0.16666666666666663,0.16666666666666666,-2.3333333333333335,-1.2000000000000002,-1.5,-2.6666666666666665,-4.333333333333334,-24.796858552359254,-7.0,-1.6000000000000023,-3.85,-1.3499999999999996,11.25,1.3168929194537262,0.8333333333333335,0.4689655172413793,-1.1349999999999998,0.5566666666666662,2.125,2.944262109374904,0.1333333333333333,6.0,4.0,0.06398497086595628,-1.3168929194537262
c2feb0da40937837,2026-05-10,Avon 12U B,Simsbury 12U Blue,1513.3758408926697,1423.7757830375572,0.6261603190014371,0.633311510070277,0.6744978985459636,89.60005785511248,0.6261603190014371,0.633311510070277,0.6744978985459636,-1.632993161855452,-2.9973415992606376,-2.5785543307497383,-0.9849219357173382,0.29166666666666663,-0.125,6.0,4.6,2.0,1.666666666666667,1.333333333333333,72.1645727336097,3.0,-1.3000000000000007,-2.9333333333333327,0.3333333333333335,9.966666666666667,2.9973415992606376,4.0,0.6140350877192983,-3.620000000000001,0.4333333333333331,4.066666666666666,13.912285163569777,0.16666666666666663,3.0,8.0,0.20218656437765034,-2.9973415992606376
f5de61c3d069709c,2026-05-10,Avon 12U,Simsbury 12U A,1507.3094481226517,1452.6012064759786,0.5780871730406207,0.6280734897991761,0.667880524845661,54.70824164667306,0.5780871730406207,0.6280734897991761,0.667880524845661,-1.792715732327589,-2.7230945255886443,-1.0298221281347035,-2.5990195135927845,-0.2,0.5,3.6666666666666665,6.0,-2.3333333333333335,0.0,-5.833333333333334,52.31243236974956,-5.833333333333334,-8.6,-5.5,1.5,15.5,2.7230945255886443,6.0,0.5416666666666666,-4.04,9.113333333333332,13.04,45.19862183794112,0.4599999999999999,2.0,5.0,0.07051822340297184,-2.7230945255886443
22bbf2afe92d9de3,2026-05-11,Berlin 12U A,Meriden 12U,1477.1283729718443,1479.2037942597535,0.5029867357991566,0.5027046229646608,0.5036061365969322,-2.075421287909194,0.49701326420084335,0.4972953770353392,0.4963938634030678,0.9378864370669104,-0.4177792784943186,-1.0084486469916458,1.127410735316416,0.25,0.25,-1.3333333333333333,0.25,-1.5833333333333333,0.0,-6.333333333333334,26.054653407175692,-6.333333333333333,-2.100000000000001,-1.75,-1.5,9.125,0.4177792784943186,0.25,0.6818181818181818,3.0458333333333334,1.9749999999999996,-1.1145833333333335,-1.7378674242020224,0.09791666666666665,4.0,4.0,0.016001039139725615,-0.4177792784943186
b4d80cff366a8d44,2026-05-11,Vernon 12U,South Windsor 12U,1488.962931625969,1497.953233986642,0.5129351982185453,0.5164860754585212,0.5219752390716343,-8.990302360673013,0.4870648017814547,0.4835139245414788,0.47802476092836566,-6.202384331349855,-4.440856560577713,-3.144234067889002,-1.1551289688162014,0.06666666666666671,-0.16666666666666666,1.6666666666666667,0.0,1.9666666666666666,-0.8333333333333339,6.166666666666667,-30.955306334058378,5.333333333333334,1.9999999999999987,-3.2,1.5999999999999996,13.6,4.440856560577713,0.30000000000000004,0.6190476190476191,1.1166666666666671,-3.463333333333333,-4.020952380952381,-36.6280576774127,-0.31952380952380954,5.0,6.0,0.08145337053756725,-4.440856560577713
ceb132d6d7f70515,2026-05-11,Minnechaug 12U White,East Longmeadow 12U White,1543.0066637354685,1479.3611432937787,0.5905822935846031,0.6363529659313155,0.6783267668158942,63.64552044168977,0.5905822935846031,0.6363529659313155,0.6783267668158942,1.281182210566461,-0.27275403886344307,-1.580928916442859,1.3639007404482766,0.08333333333333331,0.3333333333333333,5.333333333333333,5.2,0.6666666666666667,3.666666666666667,1.666666666666667,66.29683892834146,5.333333333333333,0.5000000000000009,-1.0999999999999996,2.3,11.3,0.27275403886344307,4.666666666666666,0.8533333333333334,1.6241666666666656,0.8825000000000003,-0.7416666666666667,-3.8358378772200012,-0.04666666666666669,6.0,4.0,0.010468262707112458,-0.27275403886344307
d381cbfe385c039f,2026-05-11,Minnechaug 12U,East Longmeadow 12U A,1592.9505754493828,1438.9235182666582,0.708198576341798,0.7597407682023438,0.8227384091168235,154.02705718272455,0.708198576341798,0.7597407682023438,0.8227384091168235,1.209338707304802,1.54177654465032,2.52145070875952,-1.9462877699744583,-0.07500000000000001,-0.07500000000000001,17.0,15.399999999999999,2.0749999999999993,4.833333333333333,-2.500000000000001,148.74577574004024,2.333333333333332,1.1999999999999993,0.6000000000000014,1.2000000000000002,15.3,1.54177654465032,14.925,1.0535714285714286,0.18333333333333446,2.4266666666666663,2.243333333333333,5.61670816384526,0.14666666666666672,8.0,5.0,-0.02761288658722577,1.54177654465032
0893268810469108,2026-05-12,Glastonbury 12U White,Suffield 12U,1484.027714695154,1560.29299604095,0.608025074491227,0.622654551291492,0.661004629717568,-76.26528134579598,0.391974925508773,0.37734544870850795,0.338995370282432,-7.586537784494029,-7.183313998427188,-3.04400902933387,-3.1551333764994136,0.8,-0.2,-4.666666666666666,-8.0,3.3333333333333335,3.833333333333334,4.5,-86.09887112449724,8.333333333333334,4.4,4.3,1.6999999999999993,14.7,7.183313998427188,8.0,2.34375,-0.16666666666666696,4.9,5.066666666666666,38.10710259645066,0.2666666666666667,2.0,5.0,0.8778001186081583,-7.183313998427188
1a985386ba4c6b69,2026-05-12,Somers 12U White,Agawam 12U,1562.781428146417,1485.3699466051094,0.6095964679513932,0.6421731192050981,0.6856251177003154,77.4114815413077,0.6095964679513932,0.6421731192050981,0.6856251177003154,1.330784350124933,0.7850140361944487,0.6928475303348662,0.8918829962072596,-0.04166666666666666,-0.20833333333333331,3.0,7.0,-2.0,-3.9999999999999982,-4.666666666666666,28.422374710306713,-8.666666666666668,-3.1000000000000014,2.4000000000000004,3.799999999999999,16.1,0.7850140361944487,5.0,1.2790697674418605,-0.34333333333333194,2.5600000000000005,2.903333333333333,27.994854793451168,0.2766666666666666,8.0,6.0,-0.00888559043826305,0.7850140361944487
5c05511095b052a4,2026-05-12,West Springfield 12U,South Hadley 12U,1560.050917285167,1407.095021564926,0.7069226969907214,0.7607080483763136,0.8237679147889136,152.9558957202412,0.7069226969907214,0.7607080483763136,0.8237679147889136,-1.5332437333488973,-2.7836258341008886,-0.24443898740690528,-2.7464292867124604,0.3,0.16666666666666666,19.666666666666668,16.4,3.800000000000001,5.333333333333334,3.333333333333333,128.38052656028094,8.666666666666668,2.499999999999999,-9.200000000000001,1.2000000000000002,14.2,2.7836258341008886,15.866666666666665,0.4177215189873417,3.8599999999999994,-1.0599999999999996,-4.959047619047619,-45.46844956584687,-0.1361904761904762,6.0,5.0,0.07888254808382886,-2.7836258341008886
24480a4327977f5a,2026-05-13,RHAM 12U,Granby 12U,1595.7131601982264,1445.0011952684752,0.7042393578399255,0.7269447883948281,0.7867706921164439,150.71196492975128,0.7042393578399255,0.7269447883948281,0.7867706921164439,-4.320493798938573,-3.9095442537317084,-1.6132791412030625,-0.7802665434034886,0.20833333333333331,-0.25,2.0,8.8,-6.875,-6.666666666666666,-4.666666666666668,169.10293657433067,-11.333333333333332,-7.1,1.8000000000000007,0.6000000000000005,12.6,3.9095442537317084,8.875,1.236842105263158,-4.153333333333332,0.7666666666666657,4.92,19.593917853665516,0.32666666666666666,6.0,8.0,0.09950617393551531,-3.9095442537317084
532fd5e2eab9093d,2026-05-13,Farmington 12U Red,Glastonbury 12U Blue,1520.7701397777048,1452.0923397560318,0.5975678196393684,0.6622946179668658,0.7105483749297846,68.67780002167297,0.5975678196393684,0.6622946179668658,0.7105483749297846,1.6202226267562285,3.8360868819308864,2.870540018881465,1.2826029992100565,0.4,0.4,7.666666666666666,6.7333333333333325,0.9333333333333336,2.333333333333333,0.0,36.49645131514262,2.3333333333333335,1.6000000000000008,-0.9333333333333327,-3.0,8.366666666666667,3.8360868819308864,6.7333333333333325,0.8526315789473685,1.1333333333333333,-1.733333333333333,-2.8666666666666667,-18.78084287883894,-0.6333333333333334,5.0,3.0,-0.2806101321104383,3.8360868819308864
880f09678b462075,2026-05-13,Wethersfield 12U A,West Hartford 12U Gold,1538.1751651492043,1622.101574450298,0.6184841685968269,0.6420608325605617,0.6854846751649053,-83.9264093010936,0.38151583140317313,0.3579391674394383,0.3145153248350947,-2.0181268010574356,-2.9395018059601514,-2.5061529642395044,0.06341959636413064,0.5238095238095237,0.0,-3.9999999999999996,-4.866666666666665,2.666666666666667,3.0,1.3333333333333335,-88.73168366273717,4.333333333333333,4.1,6.8,4.733333333333333,15.633333333333333,2.9395018059601514,6.666666666666666,3.125,-2.753333333333333,-4.953333333333333,-2.2,0.3600679622904863,-0.27,3.0,7.0,0.12354507869575676,-2.9395018059601514
